SK_ID_CURR,TARGET
100001,0.31966475
100005,0.58591604
100013,0.27080148
100028,0.2962522
100038,0.62529933
100042,0.3075319
100057,0.1718463
100065,0.30208638
100066,0.1444185
100067,0.4813493
100074,0.501751
100090,0.41955966
100091,0.7016172
100092,0.43802038
100106,0.43872896
100107,0.6194109
100109,0.4414647
100117,0.29683697
100128,0.4471468
100141,0.29279414
100150,0.19141062
100168,0.12351248
100169,0.2973065
100170,0.40203476
100171,0.3532149
100172,0.6173129
100184,0.42767468
100187,0.4119961
100212,0.44110006
100222,0.4128539
100223,0.16960363
100232,0.17298195
100241,0.73466206
100245,0.21931979
100253,0.19398597
100256,0.46122545
100271,0.12497948
100278,0.7872773
100280,0.089683354
100306,0.69472647
100311,0.6665088
100312,0.24567229
100330,0.5729775
100331,0.2889571
100352,0.45859036
100358,0.48320216
100367,0.22166157
100382,0.6814173
100384,0.45650777
100385,0.49636534
100386,0.36232057
100399,0.24133867
100404,0.40831643
100416,0.16963768
100422,0.50785375
100426,0.22982845
100438,0.32731017
100444,0.64362323
100445,0.68934417
100446,0.5531445
100447,0.19486845
100450,0.3342868
100466,0.19212775
100483,0.23162887
100484,0.19541822
100494,0.39178345
100510,0.7522023
100512,0.16858654
100517,0.25943685
100548,0.33266926
100551,0.27560416
100552,0.5168287
100553,0.23470509
100561,0.54674476
100568,0.8823686
100569,0.26704568
100591,0.40647444
100592,0.23135392
100602,0.5038362
100607,0.4257749
100613,0.49528474
100617,0.7171889
100618,0.47507992
100622,0.36521238
100625,0.6903425
100677,0.67199486
100699,0.32738346
100702,0.84491783
100711,0.5567213
100729,0.66872
100740,0.6864371
100744,0.67126095
100745,0.4222466
100747,0.5491761
100751,0.7820146
100752,0.45426086
100753,0.7321809
100754,0.6664775
100760,0.38302767
100762,0.5806773
100763,0.4068947
100765,0.1700251
100770,0.4698998
100772,0.15762433
100777,0.21226983
100791,0.23724827
100792,0.10182099
100797,0.19526784
100823,0.32162327
100826,0.34248874
100830,0.3052968
100836,0.70804274
100872,0.47958845
100910,0.43220633
100913,0.64238983
100918,0.36914074
100931,0.18553329
100952,0.33175042
100953,0.40325758
100965,0.7180932
100970,0.29877406
100982,0.64202327
100983,0.73972
100984,0.38735288
100987,0.3920883
100997,0.4465987
100998,0.5882697
101002,0.4093525
101005,0.75060004
101008,0.73651004
101020,0.4924541
101021,0.22018899
101024,0.51585805
101025,0.60413164
101026,0.3338868
101031,0.2501083
101041,0.20884643
101051,0.13158435
101055,0.43278626
101056,0.8384077
101057,0.37691852
101064,0.1868935
101079,0.5399628
101087,0.28660002
101090,0.29765067
101092,0.49506068
101097,0.586048
101099,0.17384024
101107,0.59551495
101118,0.4606927
101125,0.46882454
101126,0.24454854
101128,0.20421535
101136,0.45849904
101140,0.70948446
101149,0.6675261
101160,0.50404817
101169,0.6801756
101181,0.21976404
101186,0.21883799
101190,0.59342146
101193,0.54107374
101194,0.6269935
101198,0.6838146
101200,0.26044458
101204,0.25732106
101211,0.37189698
101213,0.5308745
101223,0.38654095
101225,0.4764402
101237,0.49993885
101243,0.46080285
101244,0.67558426
101258,0.29325643
101259,0.6397188
101268,0.6633259
101269,0.14158449
101271,0.60104746
101279,0.3430965
101281,0.5480698
101287,0.3323531
101292,0.32315123
101294,0.22310936
101296,0.49702582
101297,0.26194277
101299,0.32164103
101301,0.3402601
101305,0.5239098
101308,0.6304416
101318,0.19221047
101327,0.7526113
101329,0.24294567
101332,0.32939517
101337,0.38031968
101343,0.18003114
101345,0.13691741
101346,0.18394168
101353,0.13331503
101354,0.5598137
101355,0.69844025
101356,0.2005565
101362,0.4576057
101363,0.79150206
101365,0.23110233
101366,0.5809076
101367,0.6537659
101368,0.102971606
101374,0.6445033
101380,0.1935641
101383,0.29104924
101398,0.28784457
101399,0.81011015
101401,0.69874656
101412,0.42883185
101426,0.39008856
101427,0.8409174
101428,0.62036014
101429,0.722159
101434,0.388715
101440,0.46614012
101448,0.42887986
101449,0.40380272
101465,0.3376694
101467,0.23280361
101472,0.5164541
101478,0.58096963
101497,0.4181024
101504,0.45355996
101547,0.2099385
101548,0.5570005
101555,0.69031316
101570,0.23051962
101572,0.47220966
101578,0.341331
101580,0.69119596
101588,0.7077306
101602,0.30307063
101610,0.65397954
101614,0.38929877
101616,0.31073362
101643,0.51826316
101644,0.22011435
101649,0.5334137
101650,0.47021124
101665,0.15779953
101667,0.5612172
101669,0.29530743
101674,0.5368199
101675,0.23321456
101678,0.5232075
101682,0.36133277
101686,0.35322794
101697,0.66513056
101700,0.83690184
101711,0.36718416
101714,0.303112
101715,0.7831702
101728,0.27839372
101732,0.40333945
101757,0.6637392
101758,0.39044842
101759,0.5685477
101762,0.16261321
101764,0.39530048
101780,0.84743583
101784,0.1487728
101789,0.18185401
101816,0.5050164
101819,0.17795742
101827,0.1455181
101863,0.5676622
101867,0.3602806
101870,0.16565286
101873,0.728999
101878,0.6017324
101879,0.19185697
101880,0.17319945
101887,0.32864577
101897,0.21420439
101901,0.58122593
101903,0.7912546
101920,0.10836296
101921,0.38050902
101922,0.24761431
101961,0.61116743
101962,0.24127357
101971,0.32895315
101976,0.77741337
102002,0.59961945
102005,0.27805984
102007,0.827511
102017,0.17434119
102019,0.8015651
102029,0.19345176
102051,0.7315914
102052,0.10103708
102054,0.15903005
102062,0.48597202
102067,0.7194607
102068,0.38299856
102070,0.3719246
102090,0.48207265
102092,0.31815624
102099,0.60478234
102100,0.20837617
102112,0.45866477
102113,0.32992786
102122,0.718915
102123,0.3570844
102125,0.35965946
102126,0.7267918
102146,0.38000542
102147,0.5509632
102151,0.356149
102158,0.6052483
102159,0.30064875
102162,0.5380696
102165,0.367636
102166,0.24098168
102174,0.17139404
102193,0.7131211
102198,0.32739273
102205,0.41414124
102206,0.16917096
102218,0.2731356
102221,0.27488217
102230,0.3803551
102238,0.4065229
102248,0.3164244
102252,0.7936965
102259,0.39827937
102262,0.6338672
102273,0.4391098
102286,0.5574455
102293,0.2186301
102294,0.35144186
102296,0.4164442
102298,0.45568824
102303,0.22644421
102309,0.4451602
102315,0.27123794
102340,0.25846657
102342,0.42723477
102344,0.39310783
102346,0.46682012
102347,0.16459659
102374,0.33143273
102380,0.20496537
102387,0.29006386
102393,0.37491247
102403,0.19336163
102413,0.4906056
102414,0.108216465
102415,0.26973668
102416,0.5970925
102439,0.3718691
102441,0.30596852
102443,0.14220355
102444,0.3581174
102445,0.6795017
102448,0.30455664
102449,0.47030202
102450,0.7414975
102456,0.29549098
102458,0.5707831
102459,0.3186326
102465,0.13472366
102470,0.73184204
102471,0.40951243
102475,0.31155002
102476,0.58471894
102506,0.49080124
102509,0.26406536
102519,0.27134484
102522,0.32040355
102545,0.32271823
102549,0.32633147
102562,0.1471971
102563,0.17540781
102568,0.6344558
102582,0.47037354
102592,0.1816707
102597,0.633573
102605,0.34799895
102614,0.23265105
102617,0.48223898
102634,0.5364662
102652,0.2064697
102655,0.079966746
102671,0.51154083
102694,0.7261319
102701,0.26972225
102703,0.17782372
102704,0.16178904
102713,0.12887426
102720,0.7167393
102731,0.3235045
102733,0.24095248
102749,0.28699523
102755,0.28073788
102763,0.15781271
102770,0.41796434
102772,0.4908811
102799,0.6980961
102838,0.17977652
102854,0.259841
102862,0.58565927
102863,0.2602127
102867,0.17333964
102868,0.106498465
102878,0.42194816
102887,0.42961317
102898,0.7998959
102904,0.49396446
102912,0.4082809
102919,0.30440873
102927,0.40676638
102932,0.35270408
102933,0.5749586
102935,0.24262531
102958,0.5144549
102969,0.63286924
102971,0.22253835
102975,0.39444172
102979,0.43835598
102982,0.15521526
102987,0.55054224
102989,0.4044834
102995,0.42342928
102996,0.16933578
103000,0.37710047
103001,0.4914769
103004,0.39468738
103010,0.20851436
103025,0.7362107
103029,0.45544517
103046,0.4382625
103056,0.42110872
103062,0.5325045
103078,0.13937795
103083,0.15674916
103092,0.310412
103096,0.4658257
103097,0.7254238
103102,0.5720459
103112,0.3840499
103132,0.36424902
103144,0.5200476
103145,0.45538536
103146,0.1279254
103147,0.47424147
103158,0.18397404
103171,0.4920994
103173,0.21552768
103184,0.24038818
103195,0.7046523
103196,0.26506355
103206,0.1877834
103230,0.6802099
103231,0.65726864
103232,0.31153488
103239,0.3700985
103240,0.6444123
103243,0.36619917
103252,0.58954346
103258,0.29786062
103259,0.6120743
103279,0.24817623
103280,0.07727319
103286,0.18191041
103287,0.9102462
103290,0.18052468
103298,0.36238408
103315,0.12316577
103319,0.4031469
103334,0.564805
103336,0.5184241
103345,0.25741065
103368,0.22231607
103371,0.68590486
103377,0.357387
103398,0.15739909
103404,0.35676688
103408,0.5925251
103410,0.37988427
103418,0.2105606
103420,0.74778116
103432,0.4243215
103433,0.18771599
103436,0.13495944
103440,0.27221525
103453,0.42668048
103459,0.3853341
103460,0.27731767
103461,0.21457335
103462,0.36065057
103473,0.62177485
103474,0.1863321
103475,0.71819335
103478,0.68614554
103480,0.5983038
103484,0.19014084
103494,0.5519373
103513,0.35510913
103515,0.4651726
103516,0.74601275
103525,0.6376556
103541,0.72855544
103544,0.2093409
103562,0.8147969
103570,0.820242
103572,0.70714366
103574,0.22621855
103575,0.34252703
103591,0.5499446
103594,0.31790006
103609,0.3555278
103613,0.44905558
103614,0.122658156
103615,0.27462924
103624,0.36752325
103625,0.7684551
103628,0.7960404
103629,0.22152536
103647,0.36119694
103648,0.3107406
103651,0.3754782
103658,0.1922871
103668,0.36770794
103669,0.25767854
103676,0.42482808
103682,0.42994985
103683,0.25298226
103689,0.1875677
103725,0.33954987
103733,0.6057444
103744,0.13625595
103762,0.53736025
103771,0.8172215
103773,0.058551807
103783,0.48037028
103784,0.37880445
103808,0.17455208
103812,0.4213599
103813,0.7466554
103814,0.43470424
103818,0.8027966
103824,0.2236211
103828,0.15406479
103830,0.823585
103840,0.22728686
103842,0.57446396
103847,0.74397516
103848,0.3468
103851,0.17733175
103854,0.65946996
103857,0.7050877
103861,0.14094542
103862,0.5021419
103865,0.40594742
103870,0.11161295
103876,0.27352473
103891,0.8492894
103908,0.45172864
103914,0.55513823
103918,0.45943537
103940,0.19819821
103963,0.5663514
103966,0.54050124
103971,0.6717366
103980,0.6183611
103984,0.4554809
103985,0.36996055
103998,0.7685732
104019,0.2252194
104026,0.37908897
104035,0.51102567
104044,0.49442136
104045,0.2748969
104047,0.8248222
104051,0.2762308
104058,0.4575972
104063,0.16318154
104066,0.6514829
104087,0.19417422
104089,0.34094623
104095,0.32035446
104098,0.5478443
104104,0.25011998
104110,0.80048645
104120,0.4975049
104122,0.17995848
104131,0.21176036
104132,0.5278757
104135,0.26679513
104136,0.27060428
104149,0.49685183
104150,0.37170693
104156,0.8485659
104165,0.5803571
104175,0.23146239
104179,0.42756435
104184,0.6392625
104206,0.2888963
104216,0.8352322
104230,0.7419224
104257,0.2646647
104272,0.35069436
104273,0.51686203
104278,0.25216573
104294,0.5356434
104295,0.2594497
104297,0.29792053
104298,0.40924263
104308,0.41494673
104318,0.24375267
104319,0.49136662
104320,0.618999
104327,0.5865775
104334,0.39806256
104344,0.40892744
104350,0.27420476
104351,0.62274945
104354,0.24921107
104369,0.5743249
104376,0.55132157
104381,0.27104962
104384,0.43340456
104391,0.19909155
104394,0.27315566
104398,0.706552
104402,0.12072815
104408,0.39791232
104409,0.22087047
104410,0.7962462
104412,0.41848037
104417,0.5105624
104424,0.38825393
104426,0.32911992
104435,0.44345203
104445,0.2810697
104458,0.12547934
104460,0.41836882
104466,0.23580372
104472,0.60378104
104473,0.6018568
104479,0.16659383
104480,0.20002018
104482,0.46702886
104499,0.2260435
104501,0.10632032
104502,0.16986245
104506,0.5895016
104510,0.1091871
104512,0.5375017
104520,0.72344214
104528,0.50717884
104529,0.140997
104541,0.3573829
104578,0.29945177
104584,0.45852914
104588,0.537248
104602,0.6939242
104610,0.14982192
104611,0.6580906
104618,0.4968887
104620,0.37847528
104622,0.19372575
104624,0.28600195
104625,0.5132008
104634,0.47625896
104639,0.5132838
104646,0.3048734
104647,0.32568234
104652,0.18646395
104670,0.5655245
104677,0.21520734
104685,0.5897478
104691,0.2655837
104696,0.4827832
104699,0.14037414
104712,0.5675963
104714,0.27784744
104717,0.45645115
104718,0.13160674
104740,0.40993163
104741,0.38340202
104743,0.06339345
104744,0.31165695
104747,0.4568038
104767,0.36075002
104772,0.7986013
104776,0.75274634
104779,0.23590441
104814,0.18063295
104815,0.1721793
104830,0.45936
104831,0.6193665
104833,0.52557266
104839,0.23497307
104840,0.2901197
104860,0.5644426
104861,0.26394376
104866,0.51388305
104870,0.2117063
104877,0.4408723
104878,0.12934747
104879,0.24487756
104880,0.35614347
104899,0.3774607
104906,0.35598806
104907,0.48688293
104913,0.53423375
104916,0.43695062
104921,0.4892161
104930,0.3510979
104931,0.7583043
104936,0.31927148
104937,0.27501854
104942,0.28988114
104943,0.40989798
104969,0.45805562
104972,0.7882388
104988,0.57990897
105013,0.23500282
105015,0.22619842
105019,0.34812587
105027,0.29657573
105030,0.47422495
105035,0.8399302
105041,0.18799822
105051,0.61450535
105056,0.32445928
105067,0.8958863
105071,0.5277865
105072,0.23967728
105074,0.5493416
105091,0.3879846
105101,0.37788174
105103,0.28479117
105134,0.34853253
105139,0.2736603
105142,0.62202674
105146,0.36534756
105163,0.28074113
105168,0.5443038
105172,0.20635706
105176,0.85655135
105195,0.47406667
105196,0.6663207
105197,0.16826384
105203,0.2747207
105223,0.58050144
105227,0.6302867
105228,0.17800204
105230,0.66937405
105231,0.6707455
105239,0.23032308
105242,0.43339053
105244,0.38854945
105245,0.40591797
105248,0.2547362
105249,0.38833448
105266,0.5852451
105271,0.76946795
105276,0.48529783
105282,0.27537552
105292,0.53592515
105297,0.11601567
105332,0.4853414
105333,0.19379824
105343,0.25768235
105344,0.25564867
105345,0.5879455
105357,0.41583005
105359,0.34142977
105366,0.33953178
105367,0.3628313
105370,0.17627656
105377,0.37198904
105390,0.41029572
105399,0.12727225
105403,0.42328218
105404,0.33521888
105414,0.27833977
105417,0.48398337
105425,0.67673874
105452,0.5409916
105454,0.48885632
105456,0.44631574
105470,0.3317278
105471,0.24466187
105483,0.6331886
105493,0.5439009
105508,0.5276046
105514,0.38490388
105515,0.14570034
105528,0.7897795
105529,0.2093182
105531,0.5183863
105532,0.38082775
105558,0.17821062
105574,0.19607037
105578,0.16602592
105584,0.80971676
105595,0.57174546
105617,0.56231326
105618,0.37935737
105621,0.33811846
105625,0.4200198
105629,0.42940027
105630,0.17295119
105634,0.30428392
105635,0.22229826
105641,0.44104987
105647,0.5832404
105648,0.4289622
105655,0.32187554
105657,0.25140068
105672,0.52092683
105678,0.69800216
105682,0.5168167
105691,0.38268346
105692,0.25269446
105706,0.4132969
105712,0.3372468
105720,0.4232066
105734,0.12359029
105735,0.34904435
105736,0.71519744
105737,0.13700098
105738,0.6027844
105740,0.60010177
105744,0.3603437
105747,0.36218867
105749,0.55022097
105754,0.36460453
105758,0.36324024
105760,0.59567636
105767,0.60570884
105784,0.7066703
105791,0.2634543
105802,0.7507486
105807,0.6788384
105809,0.2606901
105816,0.35586023
105817,0.18411358
105824,0.61845106
105832,0.4042961
105856,0.21671377
105865,0.18683457
105899,0.8049156
105906,0.16604456
105916,0.42524496
105923,0.39875633
105937,0.49341828
105965,0.1934435
105966,0.47094068
105968,0.4024238
105973,0.22514342
105976,0.58446234
105978,0.45905814
105979,0.2534709
105991,0.54595184
105998,0.73024917
105999,0.24766457
106000,0.7714843
106001,0.4265609
106010,0.46152946
106011,0.21770352
106013,0.6994142
106015,0.2533724
106026,0.1938169
106032,0.3265734
106035,0.8254869
106040,0.49423692
106041,0.7614336
106044,0.17895514
106053,0.7555841
106054,0.119965285
106065,0.7188668
106081,0.343911
106083,0.3915506
106087,0.2642385
106090,0.6395728
106101,0.17414922
106102,0.37746122
106109,0.39444646
106116,0.48891476
106150,0.08375387
106155,0.6215817
106166,0.17876324
106176,0.56958956
106189,0.26789472
106199,0.5963869
106205,0.51499
106206,0.5083564
106211,0.28212702
106214,0.2908706
106216,0.33638892
106217,0.31980634
106225,0.23985834
106249,0.362782
106256,0.57973367
106258,0.31557426
106261,0.3039113
106262,0.5253005
106264,0.10582917
106271,0.2986739
106276,0.29845497
106277,0.52475476
106286,0.5640592
106293,0.28529227
106295,0.4456777
106296,0.33482626
106297,0.6294668
106298,0.30827996
106311,0.18745747
106314,0.41378325
106320,0.33848524
106334,0.39652476
106346,0.6609556
106347,0.20684826
106349,0.41364947
106354,0.34486058
106360,0.24499616
106373,0.6218584
106377,0.48265153
106386,0.6144594
106387,0.31985918
106391,0.15827195
106401,0.68027276
106411,0.6384447
106413,0.8169977
106426,0.5045014
106427,0.5299961
106428,0.65147734
106434,0.3918045
106438,0.4074864
106440,0.23956478
106441,0.26147887
106452,0.50102675
106453,0.5293613
106454,0.28679493
106457,0.6409162
106484,0.2789982
106488,0.5964863
106491,0.7203556
106514,0.6051354
106527,0.5050553
106528,0.43946466
106529,0.06484706
106534,0.6039437
106550,0.66575724
106577,0.43161276
106585,0.52267456
106590,0.13204734
106607,0.38059485
106610,0.5092314
106611,0.44968754
106612,0.41500264
106624,0.41333112
106631,0.1293354
106647,0.8165962
106660,0.66844803
106674,0.23949808
106687,0.21463364
106712,0.3475591
106713,0.39817616
106717,0.44830653
106720,0.34491476
106721,0.4152767
106724,0.36369017
106735,0.46782452
106739,0.4100408
106740,0.44784233
106754,0.37990233
106760,0.7974112
106761,0.5380956
106784,0.64626884
106787,0.4170172
106797,0.19298284
106798,0.48772985
106802,0.735702
106803,0.4886925
106804,0.7975555
106805,0.122823685
106810,0.5356623
106812,0.6994603
106813,0.47875887
106817,0.47401658
106822,0.3287418
106823,0.21010482
106827,0.19307093
106841,0.5530597
106851,0.49973658
106852,0.32504866
106853,0.74273604
106854,0.8820735
106861,0.36467427
106873,0.39279807
106877,0.3193709
106878,0.22225137
106881,0.5305907
106900,0.14993106
106906,0.22824797
106907,0.51941633
106914,0.69406617
106916,0.3672081
106924,0.18607533
106931,0.27675095
106936,0.5596722
106937,0.5790801
106938,0.2139575
106939,0.40963793
106943,0.4734085
106944,0.70209837
106967,0.38013077
106980,0.41872576
106986,0.38954645
106987,0.23546809
106990,0.20605834
107013,0.10510307
107023,0.37973148
107033,0.3695942
107037,0.5897063
107048,0.24628665
107071,0.2747429
107081,0.078818806
107113,0.45817867
107130,0.5088411
107131,0.17692637
107145,0.54426664
107156,0.6302246
107219,0.44556776
107222,0.53270525
107223,0.75934756
107232,0.5925023
107245,0.46810403
107246,0.30140138
107247,0.5761628
107256,0.06916788
107259,0.118308894
107260,0.1750978
107279,0.5929476
107280,0.42572954
107281,0.30619425
107285,0.2350207
107329,0.27109835
107337,0.4730044
107349,0.4643497
107350,0.17840548
107351,0.23012291
107359,0.6525334
107391,0.6803835
107394,0.339285
107395,0.22158006
107406,0.34235492
107416,0.51634264
107417,0.34395656
107418,0.44644257
107419,0.3110158
107444,0.12153128
107445,0.34094185
107446,0.579949
107460,0.6233426
107470,0.28984192
107475,0.5325775
107520,0.22591949
107526,0.4226619
107527,0.12061751
107530,0.12268727
107532,0.5854776
107534,0.45123002
107535,0.57930934
107554,0.7380712
107556,0.2255889
107559,0.5970252
107561,0.13855888
107564,0.58968127
107566,0.18844716
107571,0.456273
107590,0.6710487
107602,0.49568158
107625,0.39622575
107626,0.8605349
107635,0.1449542
107636,0.48996428
107645,0.36155823
107652,0.8047999
107655,0.2866199
107668,0.38981032
107670,0.44191486
107677,0.120722964
107680,0.6474857
107683,0.749785
107684,0.19217385
107691,0.4229533
107692,0.38687003
107703,0.2543976
107709,0.1671095
107710,0.5688974
107721,0.65027565
107725,0.64263165
107727,0.32020438
107739,0.20105569
107740,0.33091262
107741,0.55277497
107747,0.23106383
107765,0.7148654
107768,0.13312739
107775,0.6087786
107782,0.804755
107790,0.29565582
107801,0.32231483
107807,0.18388757
107811,0.26144865
107817,0.51539814
107826,0.27895507
107838,0.5983345
107839,0.42541504
107843,0.48806798
107847,0.635587
107849,0.6599265
107850,0.55342376
107867,0.59404206
107871,0.49622652
107908,0.24819882
107913,0.43492684
107927,0.21580829
107931,0.4624815
107955,0.20381247
107962,0.6318671
107977,0.4396817
107978,0.51639414
107993,0.32428202
108010,0.47929376
108016,0.37384945
108018,0.83644366
108027,0.6410946
108045,0.7669059
108069,0.68143666
108082,0.2182798
108089,0.52065235
108092,0.19572255
108106,0.23293014
108112,0.513768
108120,0.5585364
108122,0.73277795
108135,0.36905837
108170,0.20684786
108171,0.4807562
108177,0.14924447
108180,0.5549481
108183,0.25503257
108184,0.20633939
108185,0.4007299
108192,0.51364565
108195,0.66876394
108196,0.54774594
108218,0.17555515
108219,0.68073356
108243,0.6059194
108249,0.24119373
108251,0.20157488
108274,0.35982874
108280,0.8642182
108289,0.35286337
108292,0.29932663
108295,0.24571028
108327,0.12566979
108332,0.34589213
108346,0.33430046
108349,0.7434257
108353,0.39221412
108362,0.47891384
108363,0.23725204
108377,0.8687451
108378,0.66173476
108381,0.11579118
108383,0.6080739
108390,0.53955704
108407,0.2952542
108408,0.22194898
108411,0.36656556
108412,0.30349416
108419,0.49108276
108436,0.69369566
108437,0.76022696
108438,0.4026607
108441,0.3073179
108448,0.19194846
108449,0.30714205
108466,0.2670984
108467,0.6669807
108473,0.3556397
108474,0.55020976
108476,0.3490035
108479,0.2589166
108486,0.09858501
108493,0.31212318
108501,0.29587635
108506,0.7400346
108510,0.4993291
108511,0.3784199
108514,0.3810588
108517,0.14861637
108519,0.5976985
108522,0.12528524
108548,0.69685656
108554,0.5152829
108555,0.64001226
108559,0.35789344
108562,0.26147267
108571,0.44175112
108572,0.3052444
108579,0.44095203
108583,0.16641228
108584,0.18773416
108592,0.28746167
108602,0.21884903
108609,0.29707006
108613,0.456206
108616,0.3962396
108618,0.5333898
108620,0.22871289
108643,0.19337608
108649,0.30060017
108654,0.6575346
108655,0.14523603
108656,0.31279424
108667,0.40507448
108668,0.5384805
108682,0.53227115
108690,0.45035812
108691,0.54886746
108692,0.5204473
108695,0.45926222
108699,0.27039135
108710,0.6397937
108718,0.73581755
108739,0.46891022
108740,0.19017324
108741,0.07961726
108742,0.68106264
108763,0.07398542
108767,0.5731104
108769,0.65691394
108779,0.76527196
108788,0.24600466
108801,0.2816755
108802,0.31791797
108810,0.29932356
108811,0.22393502
108813,0.17990679
108814,0.6578215
108825,0.41185644
108826,0.5559335
108830,0.6195287
108834,0.2994793
108852,0.2096705
108887,0.5807318
108901,0.53273827
108908,0.23530093
108910,0.4910212
108920,0.35259867
108922,0.18564098
108929,0.58902144
108930,0.313235
108937,0.572083
108938,0.26313207
108943,0.5008436
108948,0.23260368
108953,0.43762082
108956,0.4804078
108965,0.15579347
108985,0.70062506
108986,0.53197837
108987,0.323123
108990,0.1469466
108991,0.4939296
108993,0.7089679
109000,0.5619862
109001,0.547032
109012,0.8298085
109014,0.42140755
109015,0.46754447
109021,0.2318624
109037,0.3938571
109042,0.6272452
109044,0.33743948
109046,0.8549413
109064,0.04371043
109084,0.4915214
109086,0.42492542
109092,0.08081761
109093,0.6991296
109100,0.49350402
109101,0.080770686
109110,0.32737145
109114,0.66723853
109126,0.5341474
109152,0.15158613
109162,0.39810216
109167,0.38222966
109168,0.51612604
109169,0.16276427
109179,0.47777292
109184,0.4995724
109191,0.613894
109192,0.42060295
109193,0.1023146
109196,0.4307377
109206,0.51466334
109210,0.120199464
109244,0.67953825
109249,0.3044037
109273,0.19460878
109276,0.7485329
109281,0.26459205
109287,0.31037098
109297,0.5406199
109298,0.33247998
109306,0.28261694
109309,0.43923113
109321,0.7782616
109328,0.61592287
109336,0.4035645
109342,0.36394268
109346,0.24088272
109347,0.46520686
109348,0.6920684
109362,0.54798394
109363,0.1692969
109367,0.31260175
109370,0.112415686
109393,0.5573614
109405,0.24076141
109413,0.43232268
109414,0.86938024
109421,0.37047607
109427,0.6121969
109428,0.3163957
109429,0.63903546
109437,0.22358322
109443,0.1990632
109461,0.4377043
109468,0.46253183
109469,0.1639109
109471,0.57652974
109479,0.46284008
109484,0.15436943
109501,0.35616478
109505,0.2503346
109535,0.29159394
109539,0.20811777
109544,0.5846837
109545,0.14287072
109551,0.6152196
109553,0.22893983
109555,0.32317516
109561,0.4510349
109580,0.1778107
109583,0.78622824
109593,0.68105006
109604,0.540422
109620,0.46861303
109635,0.0990082
109637,0.82164615
109638,0.4696054
109642,0.40113303
109649,0.2616775
109652,0.2557418
109656,0.2889914
109663,0.39132679
109696,0.7611812
109700,0.6282711
109709,0.5088206
109735,0.27362838
109740,0.19885497
109741,0.5971704
109749,0.5935464
109764,0.14525637
109771,0.56002015
109772,0.18050337
109773,0.7085999
109798,0.29353458
109802,0.6789984
109804,0.36162445
109813,0.36786932
109818,0.46166244
109848,0.36669427
109850,0.24283458
109851,0.3383108
109855,0.24302594
109871,0.81327754
109877,0.52865607
109883,0.14911379
109886,0.10134123
109905,0.48502302
109936,0.7319244
109950,0.6188799
109958,0.34436733
109959,0.5575305
109969,0.3661895
109971,0.14847814
109984,0.22592442
109985,0.69616044
109988,0.30071044
109992,0.4930852
110005,0.522622
110009,0.4614457
110011,0.7109966
110014,0.37322566
110026,0.2979725
110042,0.3177832
110058,0.11909552
110069,0.50117415
110080,0.20068344
110087,0.3869904
110091,0.257447
110094,0.40451956
110098,0.6181723
110105,0.48751035
110117,0.32502073
110136,0.6967727
110138,0.7638067
110149,0.57211316
110164,0.68411815
110202,0.65067255
110212,0.20061125
110226,0.10279151
110236,0.18372609
110249,0.22770727
110257,0.42542213
110258,0.15004121
110277,0.2759554
110282,0.43858555
110284,0.2915339
110286,0.38331112
110289,0.18157431
110304,0.13766025
110319,0.45509714
110324,0.520779
110326,0.2536967
110335,0.400277
110337,0.55117375
110338,0.42021823
110343,0.2638274
110345,0.25559172
110347,0.6348997
110355,0.087932594
110359,0.36204758
110360,0.58037174
110364,0.6123392
110371,0.50706786
110372,0.28259802
110376,0.51857036
110379,0.7796454
110380,0.39858565
110393,0.44553265
110401,0.7812381
110406,0.34353247
110411,0.36779228
110416,0.26689023
110420,0.2417634
110443,0.28477463
110465,0.26529154
110468,0.38639534
110469,0.5437226
110471,0.7799341
110487,0.78227395
110491,0.5187941
110504,0.47109523
110547,0.33256906
110550,0.15231995
110559,0.71317667
110578,0.5128544
110582,0.61836314
110590,0.32046303
110598,0.20766006
110601,0.7968368
110602,0.28191024
110604,0.49584854
110625,0.80938166
110626,0.5825099
110636,0.6743278
110637,0.5405844
110638,0.6446769
110646,0.2248863
110648,0.29682142
110652,0.32347915
110681,0.22816603
110682,0.43984243
110687,0.6508087
110691,0.11847192
110694,0.30509865
110695,0.29420492
110696,0.59616053
110708,0.19156562
110710,0.2817077
110717,0.41737217
110730,0.4019096
110740,0.33449125
110742,0.40194023
110747,0.40058756
110761,0.35414743
110766,0.20952182
110769,0.25823793
110774,0.42019507
110803,0.2860619
110805,0.26149455
110809,0.8035405
110827,0.39513937
110832,0.24515839
110839,0.6005575
110859,0.6886076
110861,0.15754429
110863,0.6333353
110865,0.36404255
110881,0.49479705
110889,0.2617639
110891,0.22233196
110894,0.08245544
110895,0.49669227
110907,0.7956834
110914,0.4390709
110933,0.17574526
110934,0.08345078
110937,0.17662515
110953,0.2431785
110954,0.58803874
110958,0.75270855
110970,0.40381527
110974,0.5624096
110977,0.73272556
110989,0.24859291
110993,0.8326371
110994,0.74764633
111018,0.12849213
111019,0.26485103
111030,0.3817972
111032,0.33978263
111041,0.3517865
111045,0.2761438
111048,0.09925299
111052,0.39100933
111070,0.7989061
111084,0.6254736
111091,0.46542946
111104,0.14509933
111108,0.29688737
111112,0.37210014
111127,0.13774462
111142,0.5278464
111146,0.71609515
111165,0.37381393
111168,0.30314055
111169,0.7708874
111172,0.26153442
111173,0.160991
111174,0.6445499
111175,0.68522346
111176,0.3014999
111177,0.41115132
111180,0.19026084
111182,0.20966433
111192,0.23505634
111194,0.629518
111196,0.6403771
111197,0.32510847
111198,0.25738177
111205,0.37546965
111207,0.38685274
111222,0.115394756
111228,0.42038038
111233,0.27665
111256,0.22503886
111258,0.11585904
111262,0.26537195
111263,0.5459792
111267,0.09459607
111269,0.4603326
111276,0.26330864
111277,0.7057323
111279,0.5630108
111290,0.11132593
111294,0.098110095
111295,0.41123715
111315,0.79019344
111318,0.5565681
111327,0.2374154
111328,0.54119545
111332,0.54992735
111338,0.21461952
111343,0.6160668
111344,0.22101901
111345,0.8727114
111347,0.2823804
111356,0.17519483
111359,0.5093431
111367,0.270394
111368,0.26548496
111391,0.6730444
111408,0.06309373
111412,0.46606776
111419,0.56457716
111422,0.31086966
111423,0.7930534
111439,0.3514263
111452,0.7707972
111456,0.333323
111467,0.26634544
111478,0.5640404
111482,0.26210645
111488,0.6834754
111503,0.5378352
111510,0.18154693
111512,0.12344804
111518,0.5443479
111532,0.5089692
111537,0.11663101
111541,0.43573582
111544,0.43681967
111550,0.099239506
111554,0.6435429
111560,0.67560196
111566,0.24553066
111567,0.708547
111592,0.27115187
111618,0.49394676
111620,0.28826335
111627,0.20943443
111641,0.7069157
111646,0.7554362
111652,0.29426584
111657,0.24265672
111664,0.37441412
111665,0.3394077
111669,0.23807544
111673,0.23325431
111687,0.13166413
111688,0.35554302
111689,0.20982385
111694,0.49596974
111695,0.3852359
111698,0.39645246
111703,0.14135955
111709,0.14285873
111712,0.20435275
111715,0.3136954
111724,0.4300624
111730,0.20995392
111747,0.30081812
111760,0.26959848
111761,0.23824172
111763,0.4383855
111776,0.22939882
111777,0.19735126
111781,0.21313106
111793,0.3359593
111804,0.77853876
111810,0.71287555
111816,0.3553671
111818,0.48148197
111830,0.18287446
111832,0.29155967
111841,0.12870528
111842,0.30858168
111843,0.4353122
111846,0.5304198
111848,0.7143199
111856,0.18446608
111857,0.10554159
111877,0.12974624
111882,0.2672002
111883,0.40534976
111891,0.20845243
111893,0.22092423
111901,0.330231
111912,0.41448525
111913,0.2261987
111955,0.24205965
111958,0.30332974
111960,0.6568852
111967,0.39715472
112000,0.49188796
112003,0.5836726
112015,0.76830053
112019,0.8870965
112020,0.28139657
112028,0.24299356
112029,0.43885946
112031,0.31427827
112039,0.37349254
112042,0.15924837
112049,0.11443701
112052,0.5390321
112054,0.10268305
112055,0.25689065
112063,0.54427314
112070,0.23483609
112071,0.37900937
112080,0.17329153
112083,0.1862996
112085,0.41298667
112089,0.4607449
112098,0.7711698
112100,0.4299664
112105,0.5270831
112124,0.28629205
112126,0.4065435
112127,0.34060878
112128,0.18678895
112148,0.26990882
112149,0.31547537
112165,0.60522944
112170,0.29743567
112171,0.4355873
112176,0.4084588
112186,0.19824943
112199,0.47024626
112203,0.30305722
112214,0.5920954
112215,0.32791585
112216,0.3531418
112224,0.36599442
112225,0.30711982
112231,0.72396535
112234,0.5709552
112235,0.17912018
112236,0.5984351
112254,0.49075347
112265,0.65192384
112271,0.2862732
112284,0.19292496
112287,0.46203095
112295,0.5945673
112303,0.63528603
112307,0.62493604
112310,0.2272041
112312,0.5813941
112313,0.14334066
112326,0.46489093
112333,0.31650776
112334,0.34599954
112339,0.33640277
112347,0.41941643
112350,0.45757723
112356,0.6631559
112357,0.45382223
112359,0.6241058
112360,0.4622663
112371,0.6320861
112385,0.22534485
112392,0.26666042
112401,0.7540732
112405,0.33962956
112414,0.7696178
112429,0.40807566
112448,0.24196644
112467,0.64908314
112468,0.56821346
112469,0.47470677
112491,0.6549204
112500,0.39825505
112510,0.81441945
112535,0.6704298
112537,0.38820964
112551,0.41289285
112552,0.3675691
112556,0.588051
112577,0.34630573
112590,0.543745
112593,0.27795064
112596,0.71584326
112601,0.12964976
112604,0.6541166
112622,0.29814032
112655,0.13608675
112663,0.14330137
112667,0.10396873
112670,0.19522293
112676,0.39266118
112677,0.4471201
112679,0.20556301
112683,0.45438132
112688,0.46648937
112692,0.37934402
112696,0.7615082
112702,0.30668533
112709,0.16598772
112720,0.40256548
112735,0.2519224
112738,0.49536583
112742,0.2182993
112748,0.1245864
112749,0.18023804
112766,0.47137508
112767,0.28535542
112769,0.37385553
112771,0.5191415
112775,0.32467344
112794,0.4876728
112795,0.24336465
112796,0.30370253
112815,0.25267774
112817,0.47804883
112821,0.50410503
112822,0.4677649
112829,0.6691685
112831,0.7193458
112835,0.25482437
112838,0.298441
112842,0.22118187
112844,0.6652603
112845,0.14062145
112846,0.18429825
112847,0.19499864
112867,0.551477
112868,0.38519594
112874,0.29235673
112879,0.19117042
112882,0.5603172
112886,0.4681413
112895,0.31925634
112896,0.45785466
112902,0.4222774
112904,0.24265678
112917,0.7934092
112932,0.60257614
112944,0.3583606
112946,0.53460747
112947,0.37574494
112948,0.27215886
112966,0.6010826
112967,0.1764766
112971,0.48929435
112973,0.49534884
112974,0.29495868
112978,0.54757214
112988,0.23199515
112992,0.7499785
113003,0.24139023
113004,0.30819052
113007,0.7728853
113020,0.61439127
113025,0.6337557
113032,0.08626316
113042,0.55229914
113047,0.26339158
113066,0.3830018
113067,0.6681142
113071,0.53450954
113087,0.49744913
113108,0.093178585
113109,0.3270568
113123,0.34735468
113128,0.85899955
113134,0.52439624
113151,0.39852905
113175,0.69361293
113181,0.20427702
113188,0.6771231
113191,0.33366346
113193,0.80814576
113201,0.586235
113209,0.3278381
113222,0.31630683
113248,0.1818022
113272,0.53589356
113276,0.13794987
113287,0.1544112
113302,0.28865594
113308,0.3896454
113316,0.6563912
113318,0.4018414
113320,0.36553448
113322,0.7847235
113325,0.5899441
113326,0.59055835
113332,0.5150441
113346,0.7920581
113352,0.22351374
113361,0.18292283
113362,0.15027255
113365,0.2895884
113366,0.28412193
113368,0.21965246
113382,0.11922848
113385,0.28529987
113390,0.5950087
113391,0.31234172
113393,0.48895866
113396,0.27559784
113397,0.36880973
113402,0.45163837
113403,0.4224941
113405,0.3817181
113406,0.4284181
113410,0.8937622
113413,0.4078962
113418,0.34572986
113419,0.23819704
113435,0.6361003
113438,0.6064032
113447,0.20326035
113458,0.46879917
113466,0.3033228
113475,0.32019493
113482,0.50271267
113490,0.44004348
113505,0.26143426
113508,0.50419325
113520,0.2556607
113532,0.43561333
113535,0.3529231
113549,0.25195378
113557,0.6155146
113558,0.14878489
113561,0.22440267
113566,0.2549223
113569,0.56238997
113574,0.23999466
113576,0.67304796
113577,0.5117001
113585,0.3240977
113587,0.78502196
113599,0.6111728
113601,0.4233418
113602,0.5091459
113605,0.44356343
113609,0.7525086
113611,0.46543625
113616,0.41698018
113627,0.89523876
113631,0.6495811
113643,0.37935188
113652,0.6487476
113657,0.29429516
113659,0.19027366
113672,0.40032718
113680,0.4139303
113692,0.5985607
113694,0.29710096
113695,0.61260176
113701,0.30338162
113733,0.22701791
113738,0.38907984
113740,0.4320685
113742,0.22215989
113777,0.17596254
113783,0.5610447
113788,0.38052523
113789,0.47760487
113791,0.7265866
113795,0.47373015
113799,0.5842376
113805,0.15645504
113820,0.37065747
113822,0.24745153
113824,0.17066763
113829,0.4575982
113832,0.18616697
113833,0.53178877
113841,0.18638216
113849,0.5120321
113862,0.62407744
113863,0.62226516
113864,0.32322413
113870,0.17995968
113875,0.41931316
113882,0.19031937
113887,0.6094987
113894,0.37490377
113909,0.18239969
113930,0.63309705
113936,0.56822693
113939,0.26179644
113942,0.35778153
113943,0.7187115
113945,0.4270683
113947,0.10770078
113950,0.123868346
113951,0.546099
113957,0.52907616
113966,0.6608572
113967,0.42209497
113977,0.41693825
113984,0.58002037
113986,0.46710095
113992,0.18500867
113998,0.12530914
113999,0.80564797
114003,0.42899966
114010,0.287467
114011,0.7492036
114032,0.086774796
114047,0.432765
114055,0.39653882
114056,0.69016105
114064,0.73662066
114065,0.41808677
114067,0.5211546
114068,0.1222842
114075,0.27114767
114076,0.3087361
114077,0.08248919
114094,0.32611448
114095,0.20944352
114109,0.6917988
114114,0.46591657
114116,0.15762581
114127,0.2040372
114158,0.4515449
114168,0.6734165
114169,0.62918895
114171,0.45746285
114180,0.8861234
114193,0.1674811
114198,0.23634084
114201,0.23248512
114202,0.82403374
114207,0.4607019
114210,0.5991596
114221,0.28883097
114222,0.52761877
114227,0.44814226
114250,0.18225211
114253,0.520673
114265,0.46580818
114267,0.65405166
114273,0.84167105
114280,0.7825352
114281,0.39463702
114283,0.8591061
114291,0.82297707
114310,0.75561166
114316,0.15899801
114326,0.18412429
114327,0.23898737
114339,0.44893652
114352,0.26614338
114359,0.68195647
114360,0.34188306
114382,0.5388486
114396,0.5479163
114397,0.32328212
114415,0.5593518
114425,0.34163582
114434,0.40678793
114456,0.65184444
114463,0.19346303
114469,0.14919949
114476,0.14668722
114480,0.109406814
114482,0.6420761
114492,0.115854315
114493,0.54622585
114501,0.44861323
114506,0.5156772
114510,0.25133595
114515,0.7545505
114524,0.69836324
114545,0.5845856
114546,0.20110306
114560,0.3724794
114562,0.4750483
114563,0.25132462
114566,0.5237901
114599,0.2915651
114601,0.058924336
114607,0.36475226
114612,0.16918457
114622,0.67363876
114625,0.7897447
114634,0.38728482
114635,0.36526987
114641,0.11775897
114644,0.47399434
114645,0.3692427
114651,0.20971304
114653,0.094169155
114654,0.46890393
114667,0.32798296
114668,0.77693474
114670,0.2356781
114686,0.66614026
114688,0.6964232
114690,0.59310853
114691,0.17788415
114700,0.36547038
114706,0.1541636
114740,0.44085443
114741,0.5553509
114755,0.12139947
114757,0.19165105
114767,0.49215266
114772,0.69369537
114780,0.52302754
114782,0.3965695
114791,0.14215954
114815,0.69498
114823,0.360655
114835,0.23803185
114838,0.1725905
114840,0.15297867
114842,0.609941
114844,0.6260893
114850,0.782153
114853,0.09601059
114856,0.7849364
114857,0.28021005
114858,0.5635561
114864,0.50595784
114871,0.2897924
114875,0.42549583
114879,0.29234532
114893,0.3982055
114912,0.48446923
114922,0.41011763
114930,0.15607928
114945,0.26084155
114951,0.0922173
114958,0.32463807
114962,0.38476834
114976,0.35476547
114978,0.5088969
114987,0.4200313
115002,0.19140632
115005,0.2624621
115023,0.6912164
115030,0.13222559
115033,0.70199025
115034,0.4943312
115038,0.09829094
115046,0.50156295
115049,0.58560455
115055,0.24907316
115059,0.38620964
115076,0.37684008
115078,0.32392272
115081,0.3788937
115085,0.276653
115096,0.43045837
115101,0.3194502
115114,0.43322113
115119,0.4277903
115121,0.23342548
115122,0.49988428
115144,0.27411777
115147,0.63845825
115151,0.09768877
115172,0.27443007
115175,0.38669917
115183,0.12112089
115185,0.6248157
115197,0.26696748
115200,0.25923812
115207,0.48010644
115217,0.10507113
115230,0.5635291
115237,0.22850217
115246,0.21178454
115251,0.23352426
115269,0.43468136
115290,0.3514762
115299,0.38765365
115309,0.62474227
115310,0.43231815
115311,0.09460738
115312,0.18627207
115323,0.148554
115324,0.2918124
115341,0.7155965
115342,0.36288002
115343,0.087723866
115350,0.641329
115354,0.29036826
115360,0.45778924
115368,0.26579243
115373,0.2574027
115396,0.7629028
115400,0.5902352
115401,0.35496572
115404,0.1416723
115405,0.47838178
115406,0.21957082
115407,0.14465705
115412,0.13677816
115413,0.34190133
115415,0.458818
115423,0.36810422
115427,0.5445614
115428,0.14678252
115439,0.47170323
115440,0.6962849
115447,0.36878923
115450,0.42000738
115457,0.4327008
115459,0.45068082
115463,0.35898942
115473,0.76177716
115477,0.22821525
115479,0.3256567
115480,0.5316963
115481,0.24801753
115485,0.5770806
115489,0.36569375
115495,0.15284967
115500,0.36048108
115521,0.520803
115572,0.2790747
115580,0.22470768
115582,0.32147193
115586,0.15585737
115587,0.4346564
115588,0.35823077
115591,0.52265817
115592,0.24735962
115618,0.20742211
115619,0.6179242
115621,0.8333698
115632,0.5816228
115646,0.566457
115658,0.41199878
115671,0.30091858
115680,0.34776753
115686,0.31436884
115688,0.26915565
115705,0.56413233
115707,0.17103785
115708,0.386339
115726,0.68677855
115759,0.30911502
115773,0.05734259
115777,0.21121861
115778,0.5990467
115781,0.13724256
115801,0.84356683
115804,0.47331557
115810,0.43092245
115812,0.5590129
115820,0.7620212
115827,0.29593724
115831,0.53069204
115841,0.38820627
115846,0.6763335
115852,0.14445288
115857,0.16480927
115858,0.45363042
115860,0.27409905
115865,0.20103198
115867,0.5990994
115869,0.4046168
115877,0.5291592
115904,0.55372953
115913,0.3199409
115916,0.2123445
115928,0.50816154
115932,0.24408785
115933,0.24121034
115937,0.7945869
115938,0.32337028
115957,0.48516032
115958,0.3116057
115969,0.17176184
115980,0.47533524
115984,0.1473979
116006,0.37885088
116007,0.63800436
116008,0.47969508
116009,0.67791986
116011,0.2034438
116012,0.48157695
116015,0.8132416
116025,0.4985222
116047,0.2934069
116052,0.42095256
116068,0.24677603
116077,0.36980808
116084,0.23367491
116089,0.23787841
116093,0.19260229
116097,0.4644173
116102,0.50598294
116118,0.18014997
116119,0.10075521
116125,0.501855
116128,0.43267313
116135,0.20867716
116140,0.69516
116141,0.23462108
116142,0.35703796
116153,0.49190885
116156,0.16257167
116157,0.16120046
116167,0.32567352
116168,0.7116072
116175,0.3205959
116187,0.24473508
116189,0.54255265
116191,0.56071156
116201,0.66699654
116210,0.591112
116213,0.40011784
116215,0.6941762
116223,0.41246396
116226,0.19987528
116228,0.14199959
116241,0.21602556
116247,0.3257275
116266,0.30428907
116276,0.8058516
116287,0.12797958
116289,0.4496613
116292,0.2958997
116306,0.19189642
116309,0.31131876
116312,0.19018029
116313,0.38680005
116335,0.29783574
116342,0.49888858
116348,0.20045988
116367,0.34243974
116380,0.5301692
116383,0.7544863
116389,0.50471973
116395,0.5060375
116397,0.3839394
116398,0.767778
116402,0.5618704
116404,0.37516153
116406,0.12415027
116424,0.5070369
116428,0.0936386
116436,0.21063004
116440,0.36191446
116448,0.2733104
116458,0.18747932
116466,0.4063447
116469,0.23891304
116473,0.5411261
116474,0.37050074
116479,0.44727007
116480,0.19294447
116491,0.1253603
116493,0.2136234
116505,0.54900783
116511,0.16970396
116525,0.50612646
116535,0.42258433
116544,0.22944404
116546,0.092171356
116562,0.37173066
116565,0.3663417
116578,0.30699268
116579,0.2822653
116580,0.7152309
116582,0.14904648
116584,0.2707473
116586,0.32916182
116596,0.22124143
116597,0.61036354
116598,0.30053332
116604,0.8149866
116608,0.20748425
116609,0.48995388
116613,0.3927913
116614,0.38171142
116615,0.56519485
116633,0.41147622
116637,0.40430954
116643,0.3396947
116647,0.5643552
116656,0.41468236
116659,0.41792908
116662,0.35024872
116676,0.37158668
116680,0.46535033
116681,0.44795722
116683,0.6328521
116684,0.3344369
116712,0.3060073
116720,0.29651684
116726,0.57871854
116729,0.116231166
116737,0.68456817
116745,0.36051401
116747,0.43550777
116766,0.159693
116781,0.33760458
116783,0.27488554
116787,0.24479981
116788,0.8308325
116789,0.11847018
116801,0.16897778
116803,0.28498763
116804,0.6974251
116806,0.5912766
116815,0.467701
116817,0.30659735
116825,0.3321812
116828,0.23333374
116829,0.17912193
116853,0.5838832
116854,0.5021133
116859,0.46899542
116860,0.69077057
116865,0.39968508
116872,0.7128414
116880,0.67682844
116882,0.34866536
116893,0.61945885
116896,0.40535322
116906,0.19270422
116908,0.45970607
116925,0.05653394
116926,0.6679176
116948,0.38626304
116949,0.51371443
116955,0.4166373
116964,0.2895503
116974,0.31300378
116976,0.7622861
116990,0.20094973
116993,0.3294403
116994,0.72121465
116997,0.69184923
117003,0.121242225
117007,0.56144136
117011,0.33995837
117012,0.45731467
117019,0.15076761
117021,0.1047833
117030,0.48272568
117036,0.43707493
117043,0.48144925
117054,0.30096722
117070,0.4288633
117077,0.70131123
117087,0.37635946
117093,0.4304985
117105,0.28599218
117112,0.32683086
117129,0.8233879
117135,0.67314166
117138,0.69282234
117142,0.30733654
117148,0.68447775
117157,0.4836999
117170,0.192607
117171,0.120232224
117172,0.5656578
117178,0.47364783
117186,0.38976583
117187,0.65462697
117193,0.74569416
117194,0.5386384
117199,0.10634971
117207,0.32675323
117211,0.41392976
117216,0.7972313
117217,0.28272587
117218,0.31285182
117219,0.36941144
117224,0.40378097
117225,0.21125813
117239,0.5893694
117242,0.41102406
117249,0.48739335
117255,0.42186382
117257,0.5813805
117272,0.14451987
117284,0.71861595
117287,0.37943327
117293,0.24359673
117298,0.8872956
117299,0.2149445
117307,0.17652541
117321,0.34066975
117323,0.35497844
117326,0.31863302
117327,0.6466595
117341,0.14293341
117350,0.40624413
117362,0.7586606
117375,0.19960727
117391,0.5774608
117392,0.36863112
117396,0.67670715
117399,0.36318338
117400,0.6102124
117402,0.31057173
117406,0.65856004
117417,0.90385854
117418,0.42727858
117425,0.5901516
117428,0.2835681
117443,0.43784338
117448,0.25789073
117449,0.11875769
117450,0.66527253
117463,0.3246982
117467,0.27317938
117478,0.3056519
117480,0.71140164
117483,0.74146926
117484,0.5083897
117495,0.48543647
117498,0.11263283
117501,0.49722892
117503,0.7220043
117520,0.8043202
117524,0.5307599
117525,0.77281004
117526,0.5424677
117527,0.52266985
117531,0.18213947
117545,0.39009118
117547,0.80815214
117557,0.3760693
117563,0.5124419
117564,0.45795575
117598,0.78015804
117599,0.5034986
117610,0.20342016
117614,0.35214216
117616,0.67443836
117623,0.3123029
117625,0.8059394
117633,0.23483881
117634,0.49013755
117639,0.55077934
117652,0.13792974
117653,0.68831766
117660,0.58697665
117661,0.10642101
117662,0.42029646
117676,0.286598
117677,0.61705637
117681,0.23954685
117684,0.3620985
117707,0.32877308
117736,0.8411504
117737,0.56337565
117741,0.45161608
117746,0.48370168
117753,0.6811161
117755,0.36932957
117775,0.49515277
117784,0.59970915
117786,0.3612721
117791,0.39228293
117801,0.54648477
117805,0.31148964
117816,0.27706817
117824,0.52958757
117835,0.2923892
117837,0.19190149
117847,0.6139734
117853,0.4793473
117854,0.47140363
117886,0.23487717
117900,0.20387174
117920,0.82820725
117924,0.3426491
117925,0.67067176
117934,0.2738424
117957,0.43099582
117959,0.58222276
117967,0.6920086
117969,0.71728414
117981,0.21845472
117982,0.24085931
117996,0.6539207
118000,0.6289095
118018,0.54097456
118025,0.60522896
118026,0.82244104
118044,0.34093305
118045,0.71306014
118048,0.3576594
118055,0.4384761
118058,0.22873467
118060,0.6686023
118066,0.13232309
118071,0.41191363
118072,0.47465068
118082,0.30203584
118089,0.47699177
118106,0.34360272
118115,0.32360226
118127,0.8505324
118144,0.6072592
118150,0.2994972
118151,0.23135611
118157,0.8183317
118162,0.18639734
118163,0.30756
118166,0.3071263
118181,0.31878495
118191,0.23550574
118202,0.77760726
118205,0.5286154
118214,0.3688087
118251,0.63045937
118264,0.6781022
118271,0.81915224
118272,0.4478859
118276,0.6970562
118287,0.83748823
118291,0.17022456
118292,0.37030277
118294,0.23228274
118305,0.33658758
118312,0.32415435
118319,0.38989073
118321,0.15915428
118326,0.50929385
118342,0.6464962
118343,0.21263587
118353,0.32332733
118354,0.2129284
118358,0.33532712
118359,0.6047036
118365,0.41899472
118367,0.23873198
118368,0.24985221
118371,0.20574896
118378,0.66001165
118379,0.44560164
118383,0.24335584
118386,0.45765373
118387,0.3022651
118400,0.544047
118403,0.51579666
118428,0.52191204
118440,0.43280324
118459,0.19184758
118490,0.26442072
118491,0.38770768
118492,0.46671134
118498,0.45451397
118499,0.55259585
118509,0.3405518
118518,0.23658237
118531,0.6795754
118532,0.16404492
118546,0.072977304
118548,0.3470056
118558,0.5746116
118560,0.6173451
118561,0.23589768
118562,0.62731284
118564,0.2256404
118569,0.50338984
118578,0.4152983
118585,0.37299144
118591,0.16427779
118592,0.57345265
118594,0.4390496
118611,0.12581417
118614,0.32915053
118622,0.38339502
118641,0.428649
118642,0.3036285
118650,0.1576891
118666,0.34782356
118696,0.5104831
118697,0.21663186
118710,0.24527876
118717,0.43530846
118720,0.23242936
118735,0.17596427
118747,0.23975757
118750,0.36755463
118789,0.3555129
118791,0.4792575
118803,0.6092798
118804,0.6081445
118806,0.7401653
118809,0.3981328
118823,0.40276244
118842,0.42933726
118871,0.83106023
118874,0.6393692
118876,0.3521211
118886,0.50486827
118888,0.5888307
118889,0.27918702
118894,0.63126546
118898,0.1444093
118905,0.71509534
118911,0.23903507
118915,0.30317733
118916,0.6020962
118925,0.35672843
118926,0.42107344
118929,0.37997124
118935,0.20966433
118947,0.44418755
118951,0.13146694
118953,0.2809163
118960,0.55508363
118973,0.4479686
119001,0.30789247
119003,0.8094782
119009,0.4362305
119011,0.2746388
119012,0.49579415
119014,0.37188748
119025,0.19511926
119047,0.595469
119049,0.22758776
119057,0.53677696
119062,0.15458225
119064,0.16428924
119069,0.584298
119079,0.119722545
119088,0.050354056
119091,0.8681175
119095,0.59215987
119104,0.5368928
119108,0.80240536
119109,0.37036628
119115,0.5221123
119125,0.18807346
119146,0.44260874
119148,0.39816165
119160,0.6678243
119164,0.84373015
119169,0.43959644
119179,0.39841607
119187,0.2555953
119191,0.29459327
119205,0.08754763
119207,0.4202727
119208,0.16622281
119217,0.5150032
119230,0.24922004
119232,0.33152214
119236,0.66753906
119238,0.30240792
119240,0.429969
119250,0.5202714
119251,0.4118351
119252,0.33006886
119266,0.14449693
119267,0.3273644
119270,0.57855296
119272,0.6776006
119276,0.5284992
119281,0.18371618
119295,0.26818177
119313,0.6437603
119318,0.230549
119321,0.6307095
119340,0.3600944
119341,0.089375205
119344,0.49131027
119348,0.35563472
119353,0.3295881
119361,0.650948
119362,0.9271078
119376,0.7121328
119383,0.4938201
119391,0.651717
119394,0.41983142
119395,0.4881957
119415,0.23881078
119430,0.5622766
119441,0.13825253
119454,0.5183037
119468,0.38544947
119474,0.78460735
119492,0.25554317
119496,0.71775156
119500,0.59215677
119501,0.58959526
119510,0.2567229
119518,0.2669476
119524,0.7396739
119533,0.45332223
119540,0.7143466
119553,0.17700334
119573,0.2928245
119593,0.36006498
119594,0.15517211
119595,0.7697087
119596,0.40860784
119607,0.83290637
119609,0.29569513
119616,0.28542355
119618,0.4463733
119619,0.789305
119628,0.32398418
119630,0.14590143
119632,0.35245666
119648,0.8129762
119671,0.44061583
119675,0.3269888
119683,0.5475277
119689,0.32393017
119697,0.47272408
119698,0.808785
119702,0.76963705
119709,0.34628302
119715,0.13058114
119718,0.11921513
119719,0.6629597
119731,0.5911002
119736,0.54115546
119745,0.61686563
119749,0.16583054
119751,0.41607946
119757,0.6726723
119761,0.42744386
119762,0.5640661
119771,0.4161404
119778,0.48013666
119784,0.14176872
119788,0.272404
119802,0.10078907
119803,0.6918976
119806,0.49616957
119810,0.22853957
119811,0.5407846
119813,0.66563857
119820,0.45508903
119821,0.7908683
119842,0.37535885
119843,0.23471561
119844,0.3627243
119861,0.16558897
119866,0.33605772
119868,0.29022267
119875,0.4324912
119896,0.7085066
119898,0.15702507
119921,0.35626525
119922,0.3385487
119929,0.36227626
119934,0.41372922
119938,0.42315346
119947,0.063025676
119948,0.86387587
119967,0.5563598
119977,0.25253943
119980,0.4519418
119984,0.5989333
119989,0.45952436
119990,0.37631813
119994,0.4207517
119999,0.6805151
120004,0.21711919
120020,0.48876652
120030,0.20162544
120036,0.36779454
120050,0.7666752
120051,0.81662303
120053,0.4678909
120075,0.39648262
120076,0.16829345
120088,0.14117137
120099,0.31934133
120101,0.37415597
120102,0.23136364
120108,0.08609783
120145,0.5737343
120146,0.46048847
120154,0.50222653
120156,0.34128723
120165,0.50481075
120166,0.22914137
120176,0.2994787
120179,0.73805207
120182,0.24477907
120198,0.16580531
120205,0.72558457
120208,0.456689
120214,0.18840924
120220,0.43303517
120227,0.4851803
120233,0.5959848
120240,0.2240906
120243,0.22044797
120266,0.5141351
120268,0.6745686
120280,0.46537223
120281,0.34122726
120284,0.28256926
120298,0.16745308
120304,0.32122648
120306,0.51655096
120320,0.47537744
120325,0.36984804
120326,0.40298638
120335,0.79555804
120341,0.21376367
120343,0.28372616
120388,0.17023036
120390,0.40217623
120404,0.15687782
120405,0.5320961
120408,0.70927715
120415,0.53246844
120421,0.80390406
120422,0.34307748
120433,0.25464085
120437,0.78106743
120440,0.37729105
120441,0.38814348
120449,0.53527176
120457,0.6571874
120459,0.24441516
120460,0.11903926
120463,0.6543135
120464,0.3098711
120470,0.63465726
120488,0.72294796
120535,0.299543
120538,0.28248972
120539,0.8069013
120541,0.55782247
120562,0.38498476
120570,0.61049616
120580,0.38348317
120581,0.42346308
120591,0.79697376
120593,0.71428657
120598,0.25701198
120603,0.3117294
120607,0.707685
120642,0.31117862
120647,0.33136728
120649,0.07988342
120664,0.22247136
120665,0.17772019
120671,0.6204196
120678,0.2980577
120679,0.3259604
120680,0.68294245
120681,0.4700026
120691,0.5989321
120696,0.19196942
120697,0.6857269
120713,0.5893505
120721,0.47523808
120725,0.52151227
120734,0.7626711
120740,0.7195903
120748,0.69824874
120755,0.37982953
120759,0.16520298
120761,0.4153435
120764,0.69472116
120770,0.49676746
120777,0.1088494
120796,0.13921118
120803,0.34127176
120809,0.23125078
120811,0.14283466
120826,0.42147768
120829,0.34715033
120832,0.42258263
120840,0.74056673
120857,0.39351594
120885,0.25975677
120891,0.2647538
120894,0.12607192
120905,0.69224745
120913,0.3196344
120914,0.29297456
120918,0.16484977
120921,0.33521226
120923,0.39718157
120927,0.6596004
120928,0.5528956
120934,0.78036535
120936,0.46439838
120942,0.37324777
120946,0.33437043
120947,0.43374813
120953,0.26018998
120955,0.19317964
120956,0.561927
120977,0.24649177
120980,0.66374815
120981,0.26921788
120982,0.086331524
120991,0.73090625
121011,0.3117102
121013,0.14682224
121018,0.5480515
121020,0.18690437
121037,0.13466881
121038,0.14873013
121039,0.2925896
121045,0.6521285
121046,0.1197923
121059,0.7431469
121066,0.71157587
121078,0.63282967
121080,0.800474
121081,0.33756298
121086,0.504044
121099,0.53580296
121100,0.3337737
121107,0.47722003
121108,0.36768255
121111,0.33201462
121130,0.48029715
121131,0.67140746
121135,0.75708103
121152,0.14695074
121156,0.2367636
121160,0.35932297
121162,0.6788513
121175,0.590288
121181,0.31644103
121186,0.33456078
121197,0.099397734
121201,0.6629907
121208,0.19907266
121215,0.55066097
121220,0.7946566
121225,0.7208105
121227,0.26109648
121228,0.710318
121243,0.5906731
121258,0.62308455
121259,0.42576787
121265,0.11701475
121279,0.2776534
121280,0.5094945
121281,0.70185715
121283,0.21442316
121288,0.50896764
121296,0.25878233
121300,0.38344774
121308,0.6757769
121321,0.7329995
121323,0.25103122
121332,0.22660394
121334,0.2905885
121348,0.21662556
121350,0.22551852
121351,0.48869193
121363,0.13215898
121379,0.60397714
121380,0.4846252
121383,0.3415005
121387,0.51599395
121414,0.48572278
121416,0.21591191
121422,0.48618078
121423,0.16271302
121427,0.43354183
121431,0.140936
121438,0.28368592
121460,0.42972818
121479,0.22985634
121482,0.45891464
121483,0.6717484
121488,0.40705258
121489,0.6714585
121492,0.31886715
121502,0.15087527
121503,0.12608474
121513,0.2801298
121544,0.38027322
121545,0.28322065
121546,0.17693539
121552,0.6849427
121553,0.45384616
121556,0.5029922
121557,0.42374584
121583,0.20922916
121588,0.17590372
121596,0.483225
121597,0.3219274
121612,0.15215555
121618,0.25589827
121619,0.2422373
121621,0.29661343
121622,0.19985689
121626,0.6034329
121628,0.2649766
121630,0.8893678
121631,0.2729385
121632,0.67700833
121641,0.33767143
121695,0.49092463
121733,0.7219602
121754,0.4326006
121762,0.56881624
121765,0.15729317
121766,0.21885125
121771,0.31378496
121772,0.89422274
121778,0.692185
121791,0.3257061
121792,0.30619574
121822,0.6575615
121825,0.60773736
121832,0.18723145
121841,0.52858067
121846,0.19839464
121850,0.40381473
121851,0.3129671
121853,0.7958736
121857,0.3751162
121862,0.4070606
121863,0.14621004
121875,0.25394365
121881,0.4721225
121896,0.6247833
121901,0.19107023
121908,0.5860923
121909,0.6411207
121916,0.42984793
121919,0.40517434
121921,0.5873469
121933,0.5017276
121947,0.29808512
121948,0.6405311
121963,0.63688946
121968,0.17063022
121970,0.22681859
121978,0.48852673
121991,0.5700461
121996,0.42946282
121997,0.864846
122000,0.5690418
122015,0.53659505
122017,0.5678007
122027,0.6801919
122044,0.1751307
122047,0.42951035
122055,0.7263025
122065,0.4607903
122069,0.2689055
122074,0.51351416
122086,0.44330022
122089,0.49911252
122099,0.11199812
122102,0.15096964
122118,0.50476843
122124,0.27473667
122125,0.19492716
122129,0.17735782
122133,0.39375645
122135,0.43775883
122136,0.40351194
122142,0.4842981
122154,0.15732758
122158,0.6992557
122160,0.16948
122165,0.14265345
122166,0.5497077
122170,0.21079887
122175,0.13868265
122192,0.5039321
122207,0.17017607
122210,0.3102243
122215,0.2733164
122222,0.17767343
122234,0.77147967
122235,0.22660331
122236,0.19134662
122248,0.79586506
122256,0.1698561
122257,0.12464148
122258,0.39438933
122259,0.15949787
122260,0.63334525
122264,0.36460736
122266,0.81421673
122268,0.3378191
122271,0.6044352
122283,0.29522282
122286,0.13104555
122288,0.18143901
122301,0.24699354
122313,0.221972
122322,0.31216028
122323,0.29430664
122324,0.29544124
122336,0.41377112
122338,0.6042909
122349,0.21008419
122351,0.4359762
122354,0.35266933
122358,0.43806517
122376,0.65931755
122378,0.32145318
122387,0.2274894
122392,0.5791145
122405,0.71771383
122409,0.483778
122411,0.5521711
122415,0.533248
122416,0.40073812
122425,0.81378865
122452,0.5422694
122453,0.7548221
122456,0.40065584
122458,0.77107203
122465,0.3814493
122468,0.14443058
122477,0.1844472
122483,0.22342086
122517,0.6711895
122521,0.88267297
122537,0.14260747
122538,0.38875583
122552,0.6614193
122557,0.59434605
122561,0.16832
122568,0.48658547
122573,0.6255865
122583,0.68953776
122590,0.43937883
122609,0.29226637
122617,0.13942878
122621,0.37386787
122635,0.6884825
122638,0.47964486
122639,0.51042753
122644,0.16825342
122675,0.18796831
122699,0.7153593
122703,0.43528938
122706,0.3037955
122712,0.39223385
122730,0.36292788
122731,0.16291085
122736,0.52339524
122741,0.47280753
122745,0.13503599
122751,0.6999429
122768,0.3187415
122785,0.65876925
122797,0.50136656
122812,0.64529413
122816,0.20523982
122817,0.28851902
122826,0.6541279
122838,0.5474746
122845,0.17418484
122848,0.4756623
122850,0.14412427
122856,0.15176697
122862,0.42762366
122869,0.6832654
122871,0.54247123
122874,0.78401595
122875,0.38801414
122885,0.38576642
122901,0.33373833
122902,0.28906232
122903,0.61604714
122904,0.32715973
122910,0.289269
122921,0.28379864
122925,0.26260188
122964,0.20738508
122975,0.33527616
122977,0.2222297
122984,0.7336238
122999,0.2548217
123004,0.83847594
123009,0.4863738
123012,0.33734667
123018,0.25005037
123025,0.6159313
123037,0.19579531
123038,0.42424628
123039,0.27201268
123045,0.43461183
123046,0.08110663
123051,0.49137646
123052,0.40013134
123056,0.49314502
123061,0.5021741
123072,0.51207113
123074,0.40029243
123086,0.5550902
123087,0.43643108
123091,0.6466703
123094,0.23852403
123105,0.4310715
123110,0.381336
123113,0.38313338
123114,0.6991027
123124,0.1653325
123131,0.20447667
123136,0.86546636
123146,0.24300778
123147,0.4696649
123155,0.41796085
123163,0.2877523
123182,0.29259312
123196,0.39234883
123200,0.18665011
123204,0.36627945
123207,0.14326848
123210,0.1788148
123215,0.59308285
123227,0.13095178
123234,0.35376024
123239,0.7043271
123249,0.5922777
123252,0.44544572
123255,0.10107019
123257,0.22574218
123260,0.2710348
123263,0.6809477
123274,0.40376619
123275,0.44622305
123276,0.1958763
123292,0.17780545
123308,0.28906628
123316,0.25929633
123328,0.19854823
123330,0.64147055
123331,0.65548575
123334,0.52279747
123343,0.048987772
123344,0.40058804
123345,0.26230103
123352,0.522813
123356,0.23688303
123365,0.5512597
123368,0.32951468
123376,0.14768498
123381,0.24369557
123384,0.39908034
123389,0.38439506
123401,0.66271645
123419,0.18806033
123433,0.46259484
123438,0.6651216
123441,0.62843436
123456,0.555752
123457,0.61147887
123476,0.1817645
123477,0.2729234
123489,0.660728
123490,0.46592683
123496,0.6940693
123502,0.41678876
123503,0.65181
123513,0.4542796
123515,0.40238664
123530,0.45094898
123532,0.3467848
123537,0.2553521
123539,0.62894493
123540,0.290481
123546,0.27256265
123547,0.6889024
123554,0.53999305
123572,0.32192737
123574,0.71331143
123575,0.6684766
123576,0.25934607
123584,0.27418697
123586,0.50834846
123591,0.51759875
123606,0.1773814
123607,0.56543916
123615,0.18017115
123616,0.6761755
123619,0.59193456
123621,0.5011577
123622,0.17051391
123633,0.28933597
123635,0.4295592
123658,0.5556618
123659,0.18667662
123663,0.67608494
123666,0.4471826
123670,0.38728103
123678,0.3107469
123688,0.4899249
123707,0.17479542
123709,0.55811894
123720,0.44319436
123741,0.2634261
123751,0.5578257
123759,0.4232222
123765,0.595505
123766,0.4972056
123793,0.68827754
123794,0.24382733
123809,0.59893644
123837,0.22392805
123839,0.17282006
123843,0.4701948
123851,0.5921382
123854,0.5148128
123860,0.19674478
123863,0.671656
123879,0.45626903
123888,0.7008937
123891,0.42982
123912,0.24853109
123942,0.25961262
123952,0.71163934
123953,0.3363468
123958,0.6425929
123966,0.12730968
123977,0.15783171
123981,0.16173594
124000,0.12978308
124023,0.34041446
124026,0.14604847
124027,0.3383563
124033,0.40106368
124053,0.43966118
124057,0.26596436
124065,0.6813334
124074,0.27616996
124079,0.61777216
124095,0.36032462
124110,0.4613071
124138,0.22141214
124167,0.6338521
124168,0.46413925
124175,0.13493495
124176,0.6985702
124181,0.45384324
124195,0.49686444
124197,0.15815637
124206,0.11127105
124225,0.3025332
124230,0.54912406
124231,0.6382471
124253,0.4375381
124257,0.437123
124263,0.28031698
124277,0.31278014
124285,0.25100532
124289,0.14386101
124299,0.7506585
124303,0.46804628
124309,0.8143164
124316,0.5778706
124319,0.61969584
124335,0.73500043
124347,0.8360684
124359,0.60458297
124362,0.22213602
124363,0.64047223
124389,0.23348527
124390,0.31307358
124393,0.6643778
124401,0.8857921
124406,0.29265773
124407,0.35269654
124416,0.57793725
124423,0.22789289
124429,0.36841106
124431,0.6047914
124439,0.12253231
124441,0.32491723
124451,0.41172025
124454,0.2697315
124463,0.8099719
124492,0.37889788
124493,0.52351516
124503,0.47891685
124506,0.6506188
124514,0.4452383
124516,0.13153507
124519,0.16682795
124520,0.6417838
124539,0.38305005
124545,0.70069027
124546,0.3088375
124552,0.3568495
124553,0.81181854
124555,0.1369623
124575,0.1725354
124586,0.37135938
124587,0.18288536
124591,0.85814655
124595,0.39222243
124597,0.5878549
124625,0.57601225
124628,0.5668177
124647,0.6966563
124648,0.2207065
124654,0.61450595
124655,0.3577198
124656,0.26533082
124658,0.3362022
124674,0.6912909
124675,0.23805495
124686,0.5036264
124696,0.7085022
124698,0.2536746
124702,0.4490679
124704,0.48825526
124705,0.29317304
124719,0.24170272
124732,0.084036626
124734,0.6384989
124737,0.18255885
124742,0.5808194
124793,0.23900318
124816,0.8424078
124820,0.14549181
124823,0.63187623
124826,0.22340065
124829,0.3239348
124844,0.5850879
124850,0.17945391
124866,0.2446327
124868,0.19714826
124874,0.54009145
124875,0.32756802
124876,0.20110874
124887,0.42722502
124893,0.790857
124901,0.2053298
124905,0.7663854
124906,0.33097142
124931,0.5006196
124938,0.27784234
124940,0.8061483
124947,0.49613225
124948,0.3061507
124949,0.22911301
124971,0.63474077
124974,0.34085003
124976,0.29876164
125004,0.69695157
125025,0.34820834
125029,0.4903753
125031,0.3423032
125037,0.5449261
125046,0.1469026
125052,0.1476133
125053,0.16395684
125090,0.30189496
125093,0.3390525
125100,0.21723749
125101,0.15471728
125104,0.5659428
125111,0.50633734
125133,0.45360377
125144,0.43331772
125145,0.46677253
125149,0.43390864
125157,0.41649076
125158,0.8057659
125164,0.23861887
125167,0.18989748
125170,0.3820427
125177,0.24439773
125185,0.63313967
125190,0.48726806
125196,0.5001687
125200,0.6608196
125203,0.5325831
125215,0.25914276
125221,0.41058782
125224,0.16490163
125227,0.6399139
125252,0.28461853
125256,0.31238884
125264,0.15964058
125266,0.45814937
125267,0.36153048
125268,0.8941828
125270,0.2799041
125271,0.31733397
125276,0.15842429
125290,0.2681343
125300,0.42191365
125311,0.2601165
125327,0.23226316
125338,0.29073626
125359,0.23267636
125360,0.2788803
125366,0.29039767
125373,0.65290135
125376,0.78001994
125384,0.19243479
125387,0.7955046
125388,0.35856807
125393,0.16503873
125394,0.76392925
125396,0.089285314
125397,0.10893113
125408,0.44347918
125409,0.50373685
125414,0.7823352
125423,0.33568677
125425,0.48202375
125436,0.3879627
125450,0.55053765
125465,0.21335286
125471,0.80443984
125488,0.1608764
125496,0.3607345
125500,0.6786631
125505,0.27758878
125507,0.37918773
125519,0.18841194
125521,0.6959336
125524,0.4606338
125531,0.7174933
125542,0.47353542
125552,0.12988198
125560,0.3394894
125573,0.21817242
125574,0.61689675
125576,0.37878072
125592,0.19232789
125604,0.54396284
125622,0.34176973
125628,0.23542765
125649,0.33077362
125668,0.6221542
125695,0.4399924
125698,0.24226674
125701,0.7101164
125705,0.6950866
125709,0.6005006
125713,0.12388854
125720,0.51330096
125727,0.81310546
125747,0.3128266
125752,0.3557027
125758,0.37292504
125772,0.5526283
125779,0.9084299
125798,0.3709365
125804,0.38669747
125814,0.20488523
125817,0.097207814
125835,0.13169336
125838,0.28389263
125842,0.447693
125852,0.72289664
125878,0.09566001
125886,0.3507054
125896,0.64492416
125924,0.5949613
125930,0.2942425
125939,0.26577234
125957,0.5007423
125961,0.32952514
125972,0.33021057
125973,0.68089736
125975,0.2448305
125983,0.14279868
125984,0.8468311
125990,0.39906582
126016,0.5840659
126022,0.39127013
126028,0.64064246
126047,0.52628595
126048,0.39856863
126067,0.41771388
126068,0.27174914
126069,0.33378348
126088,0.56965035
126121,0.18244594
126123,0.22561623
126125,0.24506725
126136,0.5731233
126159,0.23571397
126162,0.48088157
126165,0.35434508
126172,0.52444583
126175,0.71794677
126178,0.15862186
126184,0.30447015
126198,0.5487577
126202,0.6551983
126203,0.29015356
126205,0.13661079
126214,0.27860904
126231,0.7362674
126238,0.3610243
126242,0.42173705
126252,0.15515065
126263,0.3924493
126265,0.5462661
126267,0.52795243
126274,0.2450373
126299,0.55605763
126307,0.67686164
126310,0.5583664
126329,0.35062537
126331,0.42414218
126340,0.17376672
126341,0.6873509
126348,0.51192474
126349,0.11804452
126351,0.2059307
126354,0.24361965
126366,0.18743278
126370,0.11698238
126398,0.43955618
126407,0.2953394
126409,0.6485251
126431,0.30587745
126438,0.5477469
126448,0.32498607
126462,0.31835845
126464,0.55764854
126468,0.30154714
126472,0.47189784
126473,0.28594396
126479,0.3704019
126484,0.50223947
126486,0.20425075
126488,0.51918954
126490,0.34120995
126494,0.2946347
126506,0.4856386
126510,0.41526908
126513,0.35430202
126526,0.799552
126533,0.23803899
126538,0.29687405
126549,0.60170555
126553,0.42186826
126554,0.3230285
126555,0.28952506
126579,0.5970237
126584,0.27656266
126594,0.23519516
126595,0.21191937
126596,0.6354109
126602,0.2748083
126611,0.19004303
126614,0.25144845
126636,0.21845706
126638,0.34637952
126651,0.58093995
126658,0.36110628
126674,0.17202319
126685,0.19851921
126688,0.5815919
126689,0.22457834
126707,0.842296
126715,0.37429333
126716,0.10103543
126721,0.7256305
126722,0.44390813
126732,0.4632293
126738,0.52664834
126743,0.20908275
126744,0.409604
126752,0.14116631
126759,0.40519306
126763,0.74862784
126775,0.4071904
126778,0.7541199
126784,0.22247016
126791,0.28136823
126792,0.5030345
126804,0.62716377
126816,0.72929406
126817,0.32716694
126822,0.12503497
126832,0.4475258
126842,0.270256
126849,0.18318166
126850,0.2693459
126861,0.20046702
126871,0.1314135
126872,0.6092556
126880,0.35830346
126888,0.30609187
126896,0.12000266
126913,0.50477445
126918,0.34478328
126954,0.1546471
126961,0.33635643
126963,0.23795374
126965,0.75316083
126968,0.6689107
126971,0.1257209
126981,0.6782851
126984,0.51620054
126985,0.46783796
126995,0.73965937
126999,0.55182934
127007,0.40325782
127015,0.50451297
127038,0.2843687
127054,0.3559769
127057,0.1930964
127062,0.65369684
127083,0.35301712
127098,0.3776326
127102,0.21731317
127110,0.28143722
127111,0.32484466
127116,0.2931801
127126,0.32809606
127135,0.24947605
127137,0.3524042
127142,0.27947125
127151,0.36928746
127155,0.47206572
127156,0.2594364
127160,0.4952962
127169,0.48054457
127174,0.42846036
127175,0.43770355
127177,0.32437682
127192,0.08104182
127193,0.2624181
127196,0.27691805
127197,0.5138906
127204,0.40898648
127207,0.36161155
127215,0.31677645
127226,0.5174537
127230,0.22384769
127244,0.33336854
127247,0.30380368
127249,0.38130015
127259,0.76392746
127299,0.49410626
127304,0.20207413
127308,0.6621278
127309,0.37010226
127313,0.52192837
127316,0.18740787
127317,0.31047165
127318,0.19753289
127333,0.39479116
127334,0.18213293
127336,0.106983915
127346,0.49704686
127370,0.20553975
127375,0.7101349
127390,0.48028827
127392,0.4726083
127398,0.4224415
127400,0.17134564
127402,0.42256147
127407,0.47898534
127412,0.1368018
127413,0.43196133
127415,0.23997538
127418,0.7535163
127425,0.6459941
127432,0.20511529
127436,0.27213183
127448,0.2872937
127449,0.49326763
127463,0.5588213
127464,0.72658646
127468,0.28303173
127481,0.17340347
127492,0.63011307
127495,0.17202339
127496,0.49638674
127501,0.5066606
127508,0.3708047
127531,0.36308727
127554,0.25216982
127562,0.14939053
127565,0.16297041
127567,0.3284838
127582,0.41931963
127593,0.5065161
127595,0.26744416
127614,0.17659917
127627,0.43884787
127630,0.30859187
127638,0.645349
127639,0.47204468
127641,0.31977618
127643,0.60087955
127665,0.2758499
127674,0.15977925
127676,0.46293673
127693,0.54421985
127701,0.17581378
127702,0.47908917
127709,0.6188292
127720,0.38985056
127733,0.45043045
127739,0.5452149
127753,0.3263013
127756,0.19957525
127757,0.682109
127777,0.5565582
127810,0.5714507
127811,0.5415994
127821,0.67499626
127835,0.45063862
127839,0.22607616
127870,0.58974314
127878,0.674314
127887,0.6346421
127918,0.6223265
127919,0.48033533
127920,0.39394078
127932,0.46262535
127933,0.67306304
127953,0.5023051
127955,0.24711995
127957,0.27868685
127961,0.4685778
127967,0.7661835
127970,0.55301446
127975,0.38183543
127985,0.20859773
127991,0.15203878
127997,0.23924011
127999,0.1648275
128004,0.16165975
128005,0.44702145
128015,0.45018834
128018,0.24715416
128044,0.49326554
128046,0.2968843
128047,0.5758517
128048,0.7379546
128054,0.3403859
128066,0.5708027
128070,0.23285754
128071,0.40140623
128094,0.6823549
128095,0.28446567
128099,0.6891069
128116,0.14059827
128130,0.383389
128132,0.3708195
128133,0.8113431
128140,0.17318687
128154,0.3873169
128156,0.8253374
128160,0.128504
128165,0.6835904
128166,0.2070687
128169,0.283962
128171,0.37929025
128177,0.299003
128178,0.20599341
128182,0.105867416
128191,0.55623364
128199,0.46920392
128213,0.4551766
128214,0.28381422
128216,0.27040452
128217,0.6670297
128226,0.47330576
128229,0.4178466
128232,0.5547814
128246,0.27787316
128273,0.39867306
128274,0.27991027
128283,0.22075632
128284,0.46157795
128294,0.6083111
128295,0.60537827
128297,0.31655848
128300,0.28900802
128314,0.3473984
128317,0.40251565
128339,0.34487057
128340,0.18655126
128342,0.3398338
128343,0.43677428
128364,0.5704654
128368,0.6663304
128377,0.3136144
128380,0.15728624
128383,0.3683074
128407,0.36262786
128409,0.16733077
128423,0.4264868
128428,0.15450658
128433,0.37975097
128438,0.6524781
128439,0.4649588
128446,0.2714083
128447,0.4002747
128450,0.64325374
128455,0.6944458
128457,0.42005703
128464,0.5195707
128465,0.340086
128471,0.32044432
128474,0.5643099
128483,0.5022958
128514,0.34842476
128516,0.36409137
128519,0.49303386
128528,0.20303635
128529,0.6689032
128536,0.492
128541,0.19057134
128542,0.49526268
128545,0.087255344
128557,0.15070535
128560,0.6684165
128568,0.44108707
128571,0.23463646
128578,0.24263853
128582,0.55494094
128588,0.6475249
128597,0.57977796
128610,0.6446422
128619,0.7899785
128630,0.4427103
128680,0.4718424
128684,0.39738235
128687,0.22008443
128699,0.80120385
128702,0.36651522
128704,0.42354992
128710,0.7428896
128720,0.53790474
128724,0.40003398
128727,0.53211635
128744,0.5371871
128745,0.2739292
128760,0.50390065
128766,0.6726665
128770,0.41542283
128782,0.6158834
128822,0.14285143
128830,0.6530126
128836,0.5880026
128845,0.2917563
128858,0.2573836
128859,0.34862566
128860,0.36828774
128874,0.56863165
128880,0.6419049
128882,0.36883277
128883,0.6956916
128884,0.19767323
128892,0.59478086
128905,0.5520624
128910,0.46676478
128912,0.39578262
128915,0.2781799
128917,0.5750483
128937,0.1705609
128942,0.2987652
128945,0.18821135
128957,0.45106155
128962,0.1455574
128970,0.18236421
128985,0.5383736
128986,0.2737628
128992,0.20944816
128994,0.38743135
129003,0.4328715
129005,0.6090957
129010,0.17684059
129024,0.58022034
129038,0.18047675
129042,0.31245887
129049,0.3262017
129062,0.72438693
129067,0.66688865
129070,0.37065902
129073,0.15924789
129074,0.52211815
129088,0.3332971
129090,0.5772595
129101,0.77022165
129102,0.51179844
129106,0.65697813
129108,0.5158864
129120,0.4607517
129122,0.23210734
129123,0.8650303
129135,0.36329544
129141,0.51730573
129152,0.44824424
129160,0.54493266
129168,0.58340764
129174,0.36354527
129178,0.16767955
129183,0.4077689
129187,0.14231503
129197,0.5503183
129200,0.28790644
129205,0.4373059
129222,0.3622285
129230,0.36361215
129235,0.1410558
129251,0.29621798
129274,0.31252542
129282,0.29974928
129284,0.51474077
129298,0.37536833
129299,0.30362704
129311,0.21363968
129312,0.16598408
129313,0.3174469
129314,0.28619462
129321,0.66149056
129329,0.28357813
129330,0.60637707
129332,0.28769675
129338,0.39722896
129345,0.17120735
129349,0.47434306
129353,0.23537277
129357,0.11551845
129358,0.6709537
129365,0.46029422
129376,0.29384682
129380,0.27787676
129382,0.48802677
129402,0.5621477
129403,0.20938888
129412,0.2508479
129441,0.7968308
129442,0.39808133
129448,0.61407924
129466,0.19061539
129475,0.47360078
129483,0.45246252
129484,0.2560559
129499,0.22861318
129501,0.26159927
129508,0.20957564
129510,0.62480354
129526,0.5764833
129527,0.6888176
129533,0.30391052
129535,0.8025795
129536,0.75206554
129545,0.5523386
129553,0.65468323
129557,0.6509571
129560,0.38401318
129576,0.35643038
129580,0.29625058
129585,0.62097174
129587,0.1709938
129597,0.31529567
129611,0.3354773
129619,0.29324964
129622,0.6232074
129631,0.49221697
129632,0.44861147
129640,0.33680454
129647,0.35801512
129658,0.2671797
129676,0.36707032
129683,0.26399827
129685,0.27323624
129701,0.5080124
129706,0.7371814
129707,0.110696346
129720,0.38647476
129727,0.68660563
129728,0.19065042
129768,0.3122857
129775,0.31293818
129790,0.15951732
129804,0.40475044
129805,0.5835398
129813,0.13354567
129816,0.3953276
129823,0.62039703
129826,0.79781455
129831,0.2645674
129833,0.10474451
129851,0.43269634
129857,0.72015977
129860,0.2682021
129914,0.41437373
129926,0.4639258
129933,0.4502187
129939,0.45237175
129949,0.3376333
129959,0.6914912
129962,0.7754754
129963,0.416111
129964,0.3775782
129977,0.18394658
129985,0.1687448
129987,0.102286905
129992,0.321721
130002,0.33286208
130016,0.54371196
130045,0.42363957
130048,0.5289163
130051,0.28964314
130053,0.53729856
130056,0.17287144
130061,0.29003873
130062,0.3808539
130065,0.665298
130066,0.41310087
130070,0.66705185
130079,0.4835483
130080,0.5251155
130098,0.33035722
130109,0.6519671
130110,0.44023064
130116,0.14042544
130125,0.7358921
130134,0.6406684
130137,0.3413447
130138,0.36781552
130146,0.34722728
130148,0.35949194
130154,0.16893531
130156,0.3721154
130158,0.47236297
130159,0.23558752
130177,0.2110985
130186,0.7701132
130204,0.5666543
130205,0.47308517
130206,0.32352212
130211,0.31927487
130217,0.31160304
130218,0.30340278
130235,0.54784006
130236,0.7670868
130239,0.17937349
130256,0.38704497
130260,0.19500217
130261,0.47016987
130262,0.22929959
130263,0.65244335
130264,0.22772422
130266,0.7165894
130277,0.7652529
130278,0.26913756
130281,0.6231895
130297,0.28032032
130302,0.57226413
130320,0.45565552
130325,0.6376341
130329,0.23395489
130338,0.7505071
130339,0.13652562
130340,0.66123664
130344,0.4361989
130347,0.3326149
130353,0.53483796
130358,0.23703481
130366,0.44599664
130371,0.28526223
130374,0.48373374
130389,0.43738222
130390,0.45612347
130404,0.36593658
130426,0.33953625
130440,0.35367343
130449,0.85341066
130451,0.22728994
130452,0.520782
130453,0.39993182
130463,0.36852875
130466,0.19592595
130467,0.27309784
130475,0.40532836
130489,0.61689866
130490,0.27981478
130495,0.4427167
130497,0.26548988
130499,0.047816385
130504,0.4558997
130513,0.259065
130528,0.2623918
130533,0.7426079
130543,0.46355516
130567,0.6455299
130571,0.3934662
130572,0.38867846
130589,0.3952735
130592,0.6737339
130603,0.4725327
130623,0.16195951
130641,0.38708767
130687,0.35084116
130690,0.46353364
130698,0.40462387
130707,0.48890826
130709,0.6427815
130718,0.63977253
130722,0.51644945
130732,0.2946319
130735,0.5118302
130757,0.3118565
130760,0.1229441
130771,0.39109603
130772,0.27477616
130774,0.44949067
130779,0.3688683
130795,0.37510008
130828,0.5531317
130833,0.24053612
130843,0.14780213
130855,0.72413284
130871,0.29333684
130878,0.42077065
130885,0.6442844
130889,0.4432283
130894,0.37607563
130896,0.5710268
130905,0.24970138
130906,0.34227705
130930,0.33087853
130931,0.6764273
130943,0.461577
130946,0.13095811
130947,0.44980732
130950,0.22539943
130954,0.2956467
130966,0.18378621
130983,0.50442034
131003,0.2369182
131005,0.14423425
131009,0.37296155
131013,0.4564639
131027,0.26637733
131030,0.71922445
131031,0.14792666
131033,0.30340156
131039,0.31101704
131045,0.55890954
131057,0.43004256
131072,0.10729782
131084,0.57898843
131088,0.14551744
131089,0.1874254
131091,0.3771735
131093,0.56533676
131114,0.7275443
131118,0.19300745
131123,0.36838135
131130,0.55150974
131144,0.30060533
131162,0.69501656
131163,0.23122536
131166,0.39874807
131179,0.6070966
131181,0.27693182
131183,0.7682356
131219,0.29866135
131227,0.22613002
131231,0.3805705
131235,0.72949916
131242,0.54140353
131251,0.39256093
131257,0.5671618
131263,0.17987
131268,0.6450575
131271,0.1967637
131275,0.21218233
131286,0.48802567
131290,0.53553987
131300,0.13068086
131306,0.51995975
131316,0.3734486
131321,0.67875326
131322,0.3473678
131326,0.084123455
131333,0.6332841
131335,0.55937046
131352,0.15184087
131354,0.15954909
131366,0.5779856
131373,0.49540642
131388,0.37897497
131394,0.23348942
131404,0.54109126
131405,0.5276542
131411,0.18362366
131416,0.50690496
131421,0.2560179
131424,0.43656796
131426,0.6657996
131443,0.79291564
131470,0.5897847
131471,0.66898036
131476,0.15064897
131477,0.2602201
131479,0.80644476
131493,0.73295504
131495,0.67947567
131496,0.48807684
131498,0.7081267
131504,0.44239017
131525,0.7449358
131528,0.20362328
131548,0.31808028
131549,0.3714796
131550,0.49382186
131557,0.8254185
131564,0.1352507
131565,0.2492872
131576,0.55374724
131602,0.8067852
131628,0.54551333
131629,0.34376574
131641,0.36009014
131647,0.37820628
131664,0.19153707
131677,0.36301512
131681,0.3449161
131682,0.31229287
131688,0.6390652
131690,0.34272453
131691,0.23745857
131709,0.31862673
131713,0.15737152
131719,0.5527536
131733,0.6473154
131734,0.513649
131743,0.5561705
131747,0.33431488
131748,0.6539261
131758,0.15351632
131759,0.63729405
131764,0.39498588
131771,0.25301743
131788,0.33538842
131791,0.6301205
131798,0.4275606
131810,0.5936854
131812,0.14708847
131815,0.5121075
131823,0.4405136
131824,0.13651983
131828,0.6301693
131844,0.45458096
131846,0.26220858
131848,0.3726659
131863,0.14925186
131864,0.22626013
131889,0.3511343
131890,0.44657683
131892,0.5782594
131895,0.49982798
131896,0.63432336
131897,0.21802872
131905,0.31582305
131906,0.47109666
131907,0.71552837
131914,0.21645553
131921,0.1644028
131922,0.4080298
131925,0.3522029
131936,0.38045403
131941,0.4475449
131950,0.2786479
131952,0.4471543
131959,0.7813845
131983,0.33304048
131987,0.4150804
131994,0.30524638
132004,0.67951685
132009,0.5238077
132012,0.30881935
132013,0.32419485
132014,0.7513075
132028,0.7383782
132054,0.31750932
132061,0.3268445
132062,0.5834354
132078,0.8258684
132082,0.13449386
132086,0.3631034
132089,0.3792384
132095,0.47403973
132109,0.40535307
132110,0.62265605
132121,0.078823306
132125,0.32425657
132127,0.64274925
132128,0.2803491
132134,0.30855927
132139,0.24724571
132141,0.16335507
132149,0.72952974
132150,0.30300972
132152,0.33005017
132153,0.6639413
132164,0.23432343
132179,0.86503136
132182,0.412153
132189,0.1792077
132193,0.37834585
132194,0.16452688
132195,0.36579883
132208,0.73093206
132211,0.5269278
132212,0.40907714
132216,0.31967393
132219,0.23374707
132223,0.48987284
132238,0.3294364
132242,0.22530617
132268,0.21707188
132275,0.28506568
132276,0.3234644
132279,0.12950464
132289,0.70629406
132290,0.07960214
132300,0.68177414
132319,0.580955
132340,0.10853963
132344,0.54213375
132345,0.06761696
132346,0.716267
132352,0.5527068
132353,0.33149967
132358,0.8601565
132381,0.4140495
132382,0.14181519
132383,0.5543042
132410,0.28986624
132419,0.26770294
132423,0.53499204
132432,0.4671516
132434,0.21156709
132440,0.5768161
132441,0.37790287
132452,0.15146622
132453,0.25272447
132456,0.55521035
132459,0.13071221
132462,0.22670487
132463,0.23454009
132468,0.72273993
132485,0.8047662
132490,0.19107726
132500,0.592107
132521,0.5287165
132555,0.50707024
132560,0.14202942
132562,0.40645292
132575,0.382805
132587,0.1630831
132591,0.5595908
132611,0.3428902
132615,0.3617861
132617,0.7611663
132622,0.76630205
132629,0.19813325
132638,0.40930843
132642,0.2897924
132658,0.30782056
132664,0.45294067
132668,0.2594716
132676,0.638793
132704,0.56559765
132707,0.35499385
132719,0.3977391
132723,0.7717871
132724,0.4561254
132732,0.2670116
132754,0.1982823
132756,0.36361176
132766,0.5019343
132767,0.3561323
132775,0.39661032
132776,0.71305424
132785,0.49184066
132787,0.3484715
132793,0.3796436
132807,0.21095376
132811,0.13845028
132818,0.27337658
132834,0.28971866
132846,0.22761379
132861,0.3067602
132870,0.6238765
132882,0.22382587
132884,0.17050767
132885,0.6113951
132888,0.4220955
132898,0.34786505
132912,0.25214708
132916,0.60554004
132917,0.41398802
132932,0.7596725
132940,0.4878786
132943,0.17409845
132962,0.17646404
132965,0.7004322
132969,0.11242448
132974,0.62975097
132977,0.37933692
132978,0.38202652
132982,0.30728623
132983,0.14233756
132996,0.1576947
133006,0.28259084
133007,0.16128649
133025,0.35420382
133027,0.28977248
133033,0.35020563
133038,0.45751604
133040,0.1576373
133041,0.18742736
133044,0.442899
133053,0.18702397
133063,0.33117497
133065,0.19070072
133083,0.3174216
133084,0.23544893
133091,0.5576547
133092,0.13802476
133107,0.28864834
133111,0.37825033
133122,0.22176066
133132,0.25694624
133140,0.67430055
133147,0.3159371
133150,0.10149783
133168,0.40619323
133170,0.23130319
133184,0.118906416
133228,0.25650138
133229,0.33139768
133230,0.20941435
133232,0.43641725
133242,0.48022678
133246,0.6455103
133247,0.44949192
133253,0.3481811
133268,0.575256
133271,0.52277076
133272,0.31260347
133296,0.75603193
133299,0.49807978
133302,0.66513425
133315,0.50703055
133330,0.24342391
133331,0.37392506
133332,0.17275299
133333,0.31034178
133334,0.8863042
133361,0.83746874
133363,0.63182855
133404,0.07712252
133412,0.797445
133418,0.46497127
133422,0.72058475
133426,0.6531356
133450,0.3729465
133465,0.2962605
133468,0.4512936
133469,0.21796723
133474,0.2844822
133479,0.40467584
133490,0.7492715
133492,0.21124929
133495,0.30102828
133496,0.2703715
133501,0.7509304
133502,0.6167315
133511,0.3639149
133515,0.46670437
133528,0.54165083
133539,0.27556303
133551,0.21773146
133564,0.29842338
133569,0.28943732
133570,0.24552135
133578,0.31837174
133586,0.20694546
133587,0.66848445
133597,0.6133712
133608,0.17193988
133624,0.39878494
133626,0.6968597
133645,0.34524396
133655,0.30527657
133658,0.41387856
133659,0.2933941
133660,0.35136342
133664,0.14111741
133684,0.74413246
133685,0.18150175
133688,0.6922771
133706,0.42746198
133713,0.37116906
133723,0.17044306
133730,0.3385863
133733,0.15237312
133760,0.42768362
133762,0.5448884
133777,0.1381714
133793,0.15723985
133816,0.38826698
133818,0.43343216
133824,0.53226906
133841,0.68102497
133850,0.19667597
133877,0.47187686
133880,0.6203817
133887,0.30546802
133889,0.8498484
133896,0.44420055
133916,0.7309532
133920,0.18488239
133936,0.318247
133939,0.26832184
133940,0.23361237
133942,0.49574628
133956,0.6082204
133957,0.51729834
133965,0.49657091
133972,0.63210046
133973,0.29401907
134008,0.17627712
134016,0.811716
134039,0.21429372
134040,0.22611505
134045,0.3771131
134050,0.5938977
134056,0.77684224
134082,0.48463073
134085,0.7148067
134089,0.26441038
134102,0.4110903
134118,0.13709936
134131,0.3293323
134135,0.5354691
134137,0.29770243
134150,0.44188002
134159,0.28752637
134183,0.10926787
134186,0.4529641
134211,0.30890778
134216,0.148147
134217,0.2726811
134218,0.1851197
134230,0.5738146
134233,0.6920744
134234,0.20820278
134236,0.6135654
134241,0.2596704
134242,0.27593508
134273,0.2771382
134277,0.17115936
134287,0.41988775
134293,0.36381754
134302,0.22967307
134306,0.68397385
134307,0.32933673
134325,0.26355475
134330,0.6005498
134334,0.45655632
134338,0.4453058
134339,0.31721583
134348,0.24225868
134355,0.14383918
134369,0.7095169
134387,0.29647535
134399,0.5822533
134400,0.18714783
134405,0.34074807
134407,0.20680691
134433,0.51481575
134448,0.17651376
134460,0.2913367
134463,0.6192455
134467,0.36962584
134485,0.20814216
134486,0.75091636
134490,0.83953506
134494,0.47512832
134501,0.756014
134508,0.18939637
134512,0.53110063
134514,0.1229337
134519,0.12272019
134528,0.3217784
134536,0.51263094
134540,0.61790246
134546,0.11911451
134549,0.5870003
134558,0.6492913
134560,0.6615962
134588,0.6997024
134590,0.29331443
134591,0.39204013
134594,0.26078728
134622,0.15653373
134626,0.20793077
134639,0.31203175
134649,0.535351
134654,0.19985235
134658,0.32659012
134683,0.4444777
134688,0.8163233
134689,0.84580415
134697,0.3981528
134698,0.7121716
134718,0.34055948
134742,0.24275188
134751,0.5970817
134760,0.32239687
134763,0.13472132
134764,0.6226132
134765,0.2957957
134773,0.279745
134790,0.42577514
134794,0.30674404
134802,0.354537
134805,0.10772541
134807,0.48520318
134812,0.52607304
134813,0.16746606
134823,0.5802063
134824,0.51823366
134838,0.6898174
134841,0.24619037
134857,0.34654298
134862,0.5698481
134865,0.36185113
134880,0.7329451
134883,0.60616577
134884,0.6904461
134916,0.16561584
134918,0.3687418
134919,0.5306605
134921,0.09626709
134928,0.7358032
134943,0.4338754
134950,0.24079035
134968,0.2311164
134971,0.7480094
134972,0.23933966
135011,0.5592321
135013,0.82624274
135016,0.14857948
135031,0.5153534
135036,0.25594172
135041,0.23742156
135052,0.2281531
135053,0.64099365
135054,0.48799223
135060,0.35479593
135072,0.44923115
135078,0.23597515
135079,0.3527184
135090,0.6347153
135113,0.2796942
135123,0.26315954
135128,0.4446382
135136,0.5635971
135152,0.3592458
135163,0.33693942
135166,0.20461084
135186,0.5013744
135188,0.40393016
135194,0.32072622
135214,0.25384256
135220,0.35303518
135235,0.16669361
135236,0.10641911
135241,0.5391378
135243,0.4852402
135253,0.33688203
135258,0.6066169
135264,0.33890808
135271,0.31834185
135274,0.40624428
135275,0.4277729
135288,0.37071386
135290,0.33598387
135299,0.49777997
135304,0.63258934
135309,0.10489032
135345,0.7391378
135359,0.31553236
135360,0.6614095
135361,0.4254443
135363,0.50388336
135365,0.38211775
135369,0.59809965
135380,0.14838748
135387,0.65481275
135389,0.5185831
135390,0.693777
135393,0.23550291
135401,0.55890864
135409,0.71404725
135410,0.31796303
135412,0.22986124
135430,0.44386292
135434,0.22144838
135435,0.5216627
135445,0.7394172
135449,0.80044246
135460,0.5597613
135461,0.15788308
135491,0.4134877
135500,0.43270957
135504,0.26683697
135506,0.72366804
135521,0.61575097
135523,0.79763335
135527,0.2928791
135528,0.39033753
135530,0.8539548
135540,0.28249422
135541,0.86843735
135562,0.4847008
135578,0.19841799
135584,0.48224238
135589,0.63151985
135590,0.24303661
135591,0.59499824
135596,0.21932529
135607,0.10823168
135622,0.071131036
135626,0.6133702
135635,0.33615172
135636,0.6107448
135650,0.24297835
135656,0.18965043
135657,0.70086515
135672,0.6903192
135673,0.3224431
135678,0.68902624
135679,0.088439554
135684,0.65972555
135701,0.17038096
135704,0.38656333
135713,0.50636786
135716,0.5591206
135718,0.22840142
135723,0.28120074
135737,0.30585068
135738,0.21559773
135745,0.18626185
135746,0.59554756
135752,0.32815048
135755,0.33403555
135756,0.19443248
135765,0.13734901
135778,0.20307912
135779,0.4086648
135788,0.10556867
135803,0.46050254
135804,0.20668271
135809,0.18583938
135811,0.8229337
135812,0.3295553
135823,0.6860055
135834,0.34381732
135838,0.17027557
135843,0.38096878
135847,0.34421405
135857,0.8450873
135865,0.14921999
135872,0.4875371
135885,0.6458945
135888,0.18260743
135899,0.32599825
135910,0.40145162
135930,0.4859206
135941,0.7905006
135943,0.67617047
135949,0.48219663
135950,0.43271723
135951,0.6060749
135954,0.65241516
135966,0.81880075
135967,0.4387662
135971,0.49724236
135974,0.67272407
135975,0.39238715
135985,0.07941733
136004,0.32496074
136009,0.41457793
136033,0.62708306
136041,0.5667191
136051,0.14518811
136057,0.5055714
136070,0.62019145
136099,0.22493865
136103,0.19554734
136114,0.65998524
136116,0.31264248
136140,0.3866261
136160,0.20211664
136185,0.35884166
136201,0.38491035
136211,0.64013153
136213,0.7200431
136224,0.68846315
136234,0.31533942
136244,0.32901743
136255,0.26858142
136257,0.36721408
136260,0.21935575
136261,0.6902615
136263,0.51740474
136267,0.35536346
136277,0.5384261
136289,0.36098734
136293,0.47299692
136296,0.32315123
136302,0.68458563
136312,0.35089624
136317,0.6251451
136337,0.6424222
136355,0.24857286
136356,0.8550846
136383,0.42279416
136390,0.44246587
136406,0.36234123
136416,0.10882539
136417,0.16363858
136429,0.6193144
136440,0.3442168
136445,0.7483527
136449,0.19159672
136454,0.57937235
136457,0.09365594
136467,0.57221496
136474,0.57511234
136503,0.40944716
136505,0.70033246
136558,0.237154
136578,0.61076015
136579,0.29644975
136582,0.37014496
136583,0.26916817
136588,0.4746797
136593,0.25582278
136605,0.72910255
136617,0.43175933
136620,0.3014649
136625,0.22882003
136640,0.41069227
136643,0.70634216
136653,0.64176196
136654,0.691464
136660,0.20929009
136661,0.13180308
136663,0.5331378
136683,0.6909483
136711,0.5842726
136726,0.76739156
136730,0.4341572
136739,0.75682706
136740,0.6605613
136745,0.16673568
136751,0.41373003
136754,0.35412657
136758,0.56778884
136762,0.57711226
136763,0.2758182
136778,0.18892904
136782,0.26758417
136798,0.7187776
136808,0.82164985
136811,0.26915053
136829,0.37402248
136832,0.26272407
136838,0.37006474
136846,0.46701655
136848,0.39688426
136852,0.40009326
136854,0.23844492
136856,0.3782929
136862,0.75615203
136863,0.3859931
136885,0.20584548
136887,0.51030415
136902,0.73925567
136918,0.17583583
136922,0.35164607
136923,0.11903338
136929,0.8106227
136940,0.4394255
136967,0.59866756
136968,0.5820932
136972,0.41049257
136984,0.5335363
136993,0.6660304
136994,0.36523998
136995,0.259166
136999,0.16531242
137013,0.39384615
137015,0.55867696
137023,0.40043637
137025,0.6394293
137032,0.32832485
137033,0.8155403
137045,0.32092825
137049,0.14029813
137051,0.5730198
137052,0.44813457
137101,0.6405224
137119,0.5659291
137142,0.4770495
137149,0.62619346
137166,0.1380588
137167,0.22595027
137192,0.23371841
137193,0.58726346
137194,0.33626106
137204,0.6745402
137214,0.123932905
137222,0.52474564
137223,0.25505382
137234,0.33830145
137254,0.17306893
137269,0.17010187
137284,0.3326379
137285,0.860048
137286,0.765738
137287,0.6262623
137300,0.64475584
137305,0.5003547
137313,0.5197125
137344,0.7498388
137346,0.57953763
137354,0.6556295
137356,0.5023866
137357,0.4025172
137364,0.58360016
137368,0.09443123
137380,0.47606823
137383,0.27144548
137395,0.39064932
137432,0.16051215
137433,0.39668998
137435,0.19145685
137444,0.16208935
137453,0.43609554
137454,0.34744057
137455,0.58217067
137456,0.19957519
137457,0.6397627
137465,0.45372963
137476,0.3338444
137515,0.3227364
137544,0.6126507
137549,0.18150058
137560,0.48564115
137577,0.80147976
137590,0.20615824
137591,0.41216022
137592,0.5327942
137595,0.32643852
137614,0.56997895
137624,0.3588998
137640,0.11011645
137651,0.5658493
137657,0.21215846
137658,0.81138307
137672,0.3502053
137673,0.343957
137687,0.7360892
137688,0.34773993
137689,0.17569529
137700,0.7800017
137711,0.45040172
137715,0.61909485
137718,0.28110403
137721,0.28119162
137722,0.76459795
137726,0.3282368
137739,0.69475675
137741,0.057923645
137743,0.5106351
137747,0.12931596
137761,0.23467027
137796,0.2272398
137807,0.42514244
137809,0.47736895
137824,0.28232723
137827,0.5922099
137846,0.72458607
137862,0.20954953
137865,0.16748042
137868,0.5150762
137875,0.122133106
137878,0.37114286
137883,0.33225974
137888,0.48103645
137913,0.45782337
137915,0.13863866
137934,0.55490303
137936,0.6243285
137937,0.6268076
137942,0.548417
137944,0.61960787
137947,0.19523051
137960,0.48207116
137977,0.47930285
138006,0.31262624
138007,0.2359537
138008,0.259368
138019,0.52780527
138021,0.21865669
138022,0.40895885
138025,0.62450355
138044,0.31336975
138046,0.4006661
138050,0.56338376
138068,0.5927527
138084,0.250613
138085,0.30039078
138086,0.18861552
138087,0.12261766
138089,0.5027151
138100,0.40678847
138105,0.22740549
138107,0.25055
138127,0.15756759
138128,0.3439625
138129,0.17604981
138131,0.1606423
138132,0.18184753
138150,0.1735076
138156,0.18751504
138169,0.54487234
138174,0.35627556
138177,0.37347776
138187,0.45525643
138189,0.36443868
138193,0.37073693
138203,0.2694356
138209,0.29071528
138237,0.33834052
138243,0.2391398
138273,0.15504108
138274,0.4282803
138275,0.12338604
138277,0.4391702
138285,0.238905
138289,0.4017704
138308,0.32209504
138313,0.3636909
138317,0.2827373
138326,0.43731114
138327,0.5892171
138338,0.22671998
138367,0.17557913
138377,0.71428126
138416,0.15202552
138417,0.24733762
138419,0.19484884
138425,0.5468956
138430,0.4017772
138454,0.43449563
138465,0.28965068
138470,0.27773005
138480,0.2878558
138481,0.8078634
138486,0.33437163
138492,0.3953391
138496,0.47477353
138519,0.6189802
138520,0.4393615
138522,0.60810184
138545,0.106072284
138556,0.7334646
138560,0.1920681
138564,0.41724998
138573,0.31562868
138581,0.60548794
138585,0.45092112
138591,0.30514562
138598,0.17617942
138600,0.18336609
138602,0.2980059
138613,0.64055353
138639,0.32428092
138651,0.17294852
138652,0.5658508
138661,0.7204263
138674,0.2702664
138678,0.87641364
138679,0.115051486
138686,0.27772847
138695,0.4617466
138711,0.3496918
138728,0.4206009
138731,0.1908758
138744,0.5791886
138752,0.8149955
138754,0.7007237
138756,0.61733186
138770,0.20210958
138771,0.73386556
138807,0.099779606
138818,0.3507396
138819,0.51938736
138820,0.25245658
138831,0.34988567
138843,0.3610083
138871,0.5393484
138873,0.3133628
138876,0.3526095
138880,0.39975947
138881,0.32303992
138882,0.22938095
138890,0.4664886
138892,0.20025358
138893,0.3638199
138917,0.2602834
138921,0.520291
138922,0.72038895
138924,0.15684232
138926,0.31700763
138932,0.53007597
138946,0.5196273
138959,0.5343395
138961,0.29884633
138964,0.1438467
138968,0.5626682
138969,0.46997234
138980,0.58109355
138992,0.5802049
139002,0.6907835
139010,0.61536765
139011,0.2321864
139017,0.65677464
139030,0.2154755
139032,0.41406822
139034,0.69713336
139039,0.42304695
139049,0.7389866
139053,0.27824956
139058,0.5723586
139062,0.59506816
139067,0.7968092
139069,0.77402157
139070,0.86250585
139075,0.41488713
139082,0.3188631
139092,0.45167494
139098,0.53702813
139108,0.61408377
139127,0.75841814
139130,0.6187533
139145,0.2005213
139164,0.32507843
139174,0.23172095
139175,0.5218644
139178,0.20515642
139180,0.18347138
139181,0.6159399
139186,0.4161775
139189,0.33638534
139190,0.15561166
139191,0.25803667
139198,0.23864509
139201,0.44045398
139204,0.5178624
139208,0.08184813
139211,0.373587
139215,0.41191792
139225,0.60120237
139226,0.25491846
139231,0.3433553
139246,0.66364735
139252,0.6576544
139256,0.23980555
139258,0.35426167
139268,0.41318575
139272,0.27411443
139283,0.4519801
139286,0.23288248
139289,0.33418578
139290,0.74462783
139291,0.3461057
139293,0.2677382
139303,0.3161747
139304,0.33420125
139307,0.7250307
139319,0.2488707
139321,0.41439018
139326,0.47539455
139327,0.40413815
139355,0.5834751
139363,0.28767365
139375,0.38698167
139397,0.6100636
139412,0.554275
139413,0.2534211
139415,0.4225627
139416,0.5653574
139449,0.5252202
139461,0.33570105
139462,0.7135096
139463,0.71753126
139486,0.23090884
139493,0.5074866
139515,0.5060847
139516,0.5701325
139522,0.5118753
139532,0.36744997
139542,0.46829492
139545,0.50578827
139552,0.78428316
139553,0.6992772
139555,0.5072051
139559,0.52984405
139560,0.5348488
139564,0.33878115
139565,0.4486353
139567,0.1532994
139568,0.25538388
139572,0.3473313
139573,0.2842692
139592,0.28063065
139595,0.74283195
139597,0.63418585
139598,0.63532794
139607,0.7174304
139609,0.6287466
139628,0.26524317
139653,0.24627785
139656,0.81145954
139661,0.28037745
139673,0.27437893
139674,0.28794476
139683,0.09131808
139714,0.4950419
139724,0.3068997
139737,0.6469766
139749,0.47634858
139755,0.0719751
139756,0.48670354
139757,0.30906555
139763,0.6659722
139769,0.7129936
139774,0.6738505
139775,0.34551492
139777,0.25533277
139780,0.5604087
139788,0.7079076
139794,0.60824347
139831,0.72707623
139832,0.3105618
139834,0.46398845
139839,0.1616043
139843,0.67304236
139844,0.21227846
139858,0.73973215
139861,0.78529394
139864,0.69696325
139865,0.5638904
139874,0.4736491
139876,0.3192956
139895,0.11854808
139903,0.60652465
139917,0.34728205
139930,0.1778055
139934,0.6552269
139935,0.2989744
139946,0.32022414
139958,0.29521668
139977,0.47574437
139981,0.40883622
139989,0.11694569
139992,0.4205838
139995,0.3910063
139996,0.558911
139997,0.33655408
140005,0.5044129
140010,0.7521011
140018,0.33478653
140026,0.47199476
140027,0.5366121
140031,0.25836173
140037,0.24115247
140039,0.19277772
140040,0.6720309
140042,0.17243318
140049,0.80654544
140084,0.55264145
140087,0.15621778
140096,0.32142586
140101,0.8335587
140114,0.38426185
140117,0.61185277
140129,0.69546604
140131,0.741482
140132,0.19526787
140136,0.6315772
140144,0.11727149
140151,0.49073577
140172,0.28871146
140174,0.2189369
140190,0.538231
140196,0.2522508
140200,0.1976752
140204,0.62397945
140223,0.3747466
140232,0.32662112
140234,0.52743864
140237,0.57541734
140245,0.69153976
140247,0.6392925
140248,0.37005773
140298,0.2579605
140305,0.8453168
140311,0.19701235
140312,0.6666457
140318,0.5688559
140325,0.45305032
140327,0.8672574
140334,0.54066324
140337,0.3377801
140338,0.1302779
140343,0.329516
140376,0.38889223
140378,0.62292874
140381,0.16198552
140382,0.4440554
140384,0.33794752
140386,0.4819655
140390,0.24813114
140402,0.12649214
140406,0.10741313
140425,0.3740107
140426,0.35288092
140434,0.17014207
140435,0.26909173
140436,0.81639874
140451,0.3222104
140452,0.32241014
140454,0.42701226
140455,0.43313614
140483,0.5181246
140504,0.39595237
140512,0.51272094
140518,0.20396505
140534,0.24080926
140545,0.062426504
140546,0.5215084
140560,0.25771198
140563,0.14613569
140564,0.69806117
140569,0.28501904
140577,0.46279413
140638,0.3084072
140655,0.43207738
140664,0.6498633
140669,0.24494183
140672,0.8570125
140682,0.40765947
140693,0.6269163
140700,0.18298794
140701,0.4490282
140704,0.14697814
140705,0.31146407
140719,0.08829521
140749,0.73796296
140750,0.28028703
140751,0.5086381
140752,0.3569705
140762,0.5509288
140772,0.5278667
140778,0.56824577
140779,0.2608444
140780,0.21476598
140802,0.18669552
140804,0.77551025
140807,0.6448715
140813,0.26657328
140827,0.34147227
140840,0.22185628
140845,0.36446273
140847,0.6584416
140861,0.17673361
140862,0.56940687
140872,0.20036906
140879,0.19693075
140880,0.618626
140886,0.44713336
140924,0.20684958
140938,0.11276148
140944,0.39815685
140945,0.8027527
140961,0.14297505
140963,0.3663734
140967,0.5448947
140982,0.62850344
140990,0.22005367
140993,0.24850054
140996,0.84217036
141004,0.31520787
141025,0.927491
141030,0.19085573
141031,0.1991641
141032,0.5499435
141067,0.21462116
141072,0.42625222
141081,0.43245637
141084,0.48467335
141085,0.45020044
141089,0.4341164
141090,0.29993472
141093,0.34869805
141095,0.4611113
141110,0.2809712
141114,0.37330544
141119,0.8164948
141147,0.4412071
141150,0.6616715
141159,0.4212294
141160,0.7367367
141167,0.16619846
141206,0.44318604
141213,0.35686314
141215,0.9199206
141222,0.37709826
141255,0.30507302
141283,0.14708284
141298,0.7575973
141306,0.26233774
141310,0.70258194
141320,0.16638672
141323,0.7160936
141329,0.48577997
141333,0.34027153
141339,0.19107425
141340,0.5028168
141344,0.40832123
141345,0.23364721
141347,0.31424487
141350,0.24202478
141356,0.20557968
141358,0.3167579
141365,0.17720172
141368,0.30645904
141369,0.19737868
141376,0.6625845
141377,0.39173752
141385,0.117737345
141387,0.28222594
141388,0.789084
141389,0.57045484
141390,0.25457004
141409,0.14574435
141410,0.37199256
141411,0.6221108
141414,0.57821465
141422,0.39245927
141426,0.54355556
141457,0.16806258
141470,0.22579095
141480,0.39214665
141481,0.22950295
141492,0.19619553
141493,0.24273607
141496,0.4024269
141497,0.27943835
141502,0.31070778
141503,0.57207537
141504,0.79577017
141507,0.30413508
141515,0.16595678
141524,0.84642845
141528,0.28747234
141540,0.15088838
141542,0.293429
141551,0.7835286
141573,0.37616104
141580,0.1786897
141588,0.5617874
141596,0.67255074
141597,0.2533633
141602,0.63416183
141608,0.30652303
141611,0.13501056
141612,0.658116
141618,0.49580276
141628,0.2934718
141632,0.7478138
141634,0.4322172
141637,0.51736146
141638,0.6318078
141639,0.299655
141640,0.6569546
141644,0.5572991
141654,0.6671192
141656,0.23776376
141668,0.38112995
141717,0.6770402
141718,0.26133764
141723,0.77891344
141743,0.42501333
141744,0.34742418
141750,0.3504787
141753,0.22197053
141762,0.6634013
141809,0.38079175
141815,0.27721843
141826,0.10423382
141832,0.25832427
141840,0.2658554
141869,0.5656262
141870,0.6689921
141887,0.6982086
141915,0.3082667
141925,0.10521947
141945,0.86961156
141949,0.22874941
141958,0.5233603
141959,0.16530584
141963,0.17045741
141989,0.2479256
141995,0.38906878
141997,0.44325894
142005,0.22220716
142008,0.5372195
142012,0.378298
142014,0.22292635
142025,0.5810288
142036,0.2410834
142037,0.32372406
142038,0.15245833
142039,0.3750359
142064,0.4068505
142065,0.7630884
142070,0.41044936
142074,0.32193503
142079,0.56353843
142084,0.671204
142087,0.4874078
142102,0.26589447
142106,0.18199924
142115,0.22304423
142120,0.110611595
142132,0.26612744
142139,0.521399
142142,0.2594199
142153,0.6567846
142160,0.5587325
142162,0.16079456
142163,0.23593296
142167,0.14081435
142168,0.32514712
142177,0.67093045
142180,0.68089706
142183,0.21588564
142186,0.32814276
142189,0.46102053
142195,0.3154569
142198,0.30796733
142210,0.34033823
142215,0.57191575
142222,0.18879071
142223,0.3303609
142224,0.33244726
142236,0.29839694
142237,0.26243788
142239,0.26184934
142242,0.1867794
142243,0.41854468
142244,0.32469934
142255,0.09799059
142273,0.16064847
142289,0.35664716
142294,0.15373692
142303,0.74303085
142305,0.29704222
142339,0.6301784
142359,0.8318026
142361,0.120745555
142364,0.26617667
142378,0.80735326
142380,0.56745833
142383,0.6408899
142387,0.607014
142393,0.48126242
142396,0.82064545
142407,0.6772558
142409,0.6177905
142427,0.14060093
142429,0.8342413
142430,0.3021861
142431,0.21433434
142433,0.47659317
142439,0.6985686
142440,0.26337388
142446,0.10505565
142459,0.31574884
142478,0.24139385
142481,0.26810542
142491,0.5229545
142495,0.2325865
142497,0.36961895
142510,0.51687145
142513,0.69441
142521,0.35961428
142529,0.46750695
142537,0.20888788
142542,0.81445444
142558,0.34595326
142574,0.32647684
142575,0.24525942
142579,0.37780547
142587,0.2938374
142590,0.86707777
142610,0.39228293
142614,0.14965297
142621,0.13694184
142641,0.21780638
142650,0.4321195
142653,0.32051128
142667,0.52352494
142671,0.73595804
142676,0.51484746
142680,0.52602917
142684,0.40919775
142685,0.1192242
142686,0.4522481
142689,0.5894188
142691,0.7084099
142704,0.32737702
142707,0.37807062
142724,0.19509177
142727,0.5482081
142728,0.30757397
142741,0.29602
142747,0.6608249
142748,0.3456244
142752,0.19579273
142755,0.18104345
142756,0.49783486
142759,0.16391799
142762,0.23065569
142771,0.34269395
142778,0.27681264
142783,0.65147305
142789,0.6293821
142790,0.49124157
142791,0.77402204
142793,0.72262484
142795,0.6265148
142803,0.64184326
142819,0.33336347
142822,0.19558841
142825,0.4032124
142833,0.20857435
142871,0.1925026
142872,0.2027248
142883,0.5283371
142905,0.19541909
142906,0.31538326
142917,0.60791373
142921,0.53119546
142927,0.39657035
142932,0.1713724
142940,0.5643864
142962,0.61186504
142969,0.39983216
142976,0.08794782
142977,0.6742107
142982,0.6412797
142988,0.28723952
142990,0.58642864
142992,0.3101105
143012,0.35121056
143013,0.69018525
143016,0.42870343
143017,0.2546426
143033,0.52098256
143058,0.35915247
143059,0.21713936
143060,0.24452414
143065,0.5633947
143076,0.2856259
143081,0.77468723
143088,0.37998077
143089,0.3128619
143090,0.2120884
143094,0.12634178
143100,0.31282777
143115,0.22720455
143132,0.31605643
143135,0.18458569
143136,0.5928446
143149,0.7548569
143151,0.5181528
143152,0.22135203
143153,0.64370364
143162,0.45844218
143166,0.2481941
143167,0.3194871
143187,0.48950025
143188,0.20515761
143190,0.46467528
143191,0.16538003
143195,0.8378258
143207,0.43978834
143209,0.7095942
143227,0.35540536
143231,0.30969906
143232,0.26403356
143244,0.13524662
143263,0.40983462
143268,0.7726048
143275,0.478561
143278,0.6955636
143302,0.3159743
143320,0.2560168
143328,0.65095675
143336,0.14894666
143339,0.3944604
143340,0.63503873
143353,0.19171144
143360,0.44058314
143361,0.6656647
143385,0.81613135
143388,0.46274367
143389,0.5195263
143390,0.19540301
143393,0.6627111
143396,0.73154217
143419,0.5321013
143421,0.19775851
143422,0.24339724
143431,0.23763913
143433,0.44635478
143440,0.676871
143442,0.119883925
143463,0.12207825
143466,0.17181863
143475,0.4884652
143500,0.5738204
143510,0.34490368
143528,0.21465649
143532,0.23125537
143535,0.6234632
143538,0.54404056
143548,0.36000243
143550,0.42751044
143555,0.20510581
143576,0.51499057
143593,0.58325005
143595,0.34897158
143596,0.13893032
143597,0.30457196
143599,0.19920832
143601,0.36556357
143602,0.24345714
143605,0.1775732
143609,0.67483026
143611,0.5524857
143613,0.14135805
143618,0.50258976
143652,0.239237
143667,0.26125896
143679,0.3174981
143680,0.2528437
143692,0.6023674
143703,0.48162803
143712,0.5583759
143714,0.4049444
143715,0.4347182
143729,0.48163313
143732,0.32349068
143738,0.33930096
143740,0.50374746
143743,0.53922373
143772,0.47422543
143773,0.37792042
143792,0.2151883
143802,0.26348856
143808,0.32940277
143819,0.19310065
143820,0.58080435
143825,0.08828448
143828,0.18610187
143831,0.7372467
143834,0.16186449
143835,0.13894738
143843,0.14941043
143860,0.16826387
143874,0.34040242
143889,0.5517051
143903,0.21369424
143921,0.56674206
143936,0.22500533
143944,0.4080962
143947,0.49305418
143948,0.24781421
143957,0.7561207
143964,0.6900636
143965,0.07006563
143971,0.27558717
143976,0.4522301
143977,0.69997156
143983,0.57941204
143991,0.5086508
144015,0.4611902
144032,0.41427958
144057,0.26453212
144065,0.21540907
144087,0.1671144
144090,0.38006964
144091,0.75214726
144092,0.47558355
144139,0.4764664
144150,0.19761053
144151,0.3515316
144153,0.66381806
144154,0.81958705
144159,0.7472223
144168,0.40677807
144169,0.28972396
144178,0.65264153
144179,0.21564323
144183,0.3066928
144186,0.50579077
144190,0.73318416
144191,0.44939682
144199,0.63201594
144226,0.52137846
144227,0.13954245
144229,0.42144474
144237,0.31864664
144247,0.14962946
144249,0.62472504
144259,0.5946174
144260,0.4528366
144282,0.4757521
144295,0.57155013
144304,0.22278069
144314,0.22727671
144318,0.3672547
144324,0.73617524
144325,0.20239979
144333,0.45006555
144334,0.3213329
144336,0.1620993
144350,0.2527795
144354,0.18049571
144357,0.32157153
144359,0.19710568
144365,0.34341714
144385,0.4200865
144386,0.17903574
144387,0.63502264
144390,0.21411842
144393,0.34857193
144398,0.36967087
144402,0.149992
144416,0.3159124
144422,0.22720334
144446,0.7125622
144451,0.23380741
144461,0.29049188
144464,0.544429
144483,0.38153213
144498,0.7522478
144499,0.37417248
144534,0.33021545
144549,0.5087034
144563,0.19559169
144570,0.90002805
144579,0.26800254
144580,0.28924805
144581,0.22515416
144582,0.27097207
144587,0.18883985
144588,0.21140483
144589,0.25233516
144590,0.31036338
144598,0.67314076
144601,0.26446807
144610,0.34237847
144611,0.5050339
144612,0.16907367
144613,0.23196465
144617,0.389563
144635,0.76580596
144640,0.58030295
144644,0.18927224
144645,0.21647257
144654,0.29818305
144656,0.54882455
144657,0.5485032
144658,0.246439
144659,0.45963162
144665,0.22068621
144667,0.25668487
144675,0.24461769
144677,0.6326679
144678,0.20721442
144690,0.4011458
144701,0.67259765
144702,0.6563022
144716,0.42035374
144721,0.1296867
144722,0.7171195
144729,0.3317191
144744,0.23479323
144753,0.20981474
144761,0.1040587
144764,0.7996345
144767,0.2707746
144780,0.47193348
144781,0.40741673
144784,0.4054354
144806,0.37434757
144810,0.5721122
144811,0.39992544
144824,0.19048147
144828,0.47687072
144829,0.2505451
144835,0.5698174
144849,0.38728184
144850,0.108404756
144870,0.35107556
144881,0.5460757
144891,0.17042407
144898,0.7925892
144904,0.19611841
144906,0.17280748
144909,0.1559109
144910,0.46006086
144912,0.65209603
144963,0.46443456
144965,0.5675851
144966,0.4996909
144979,0.4370269
144990,0.4483754
144991,0.19830729
144992,0.72074157
144999,0.40110177
145006,0.34847647
145007,0.37751833
145008,0.2053495
145009,0.46872535
145011,0.14606783
145014,0.41708994
145025,0.25158548
145036,0.33531162
145041,0.46235865
145058,0.54874265
145071,0.44067463
145106,0.3287165
145110,0.18371312
145142,0.58096355
145146,0.7240128
145147,0.20825686
145148,0.39645708
145149,0.22558936
145154,0.39729178
145157,0.45971262
145158,0.15318078
145167,0.1752996
145172,0.5647931
145174,0.26468408
145192,0.14543913
145195,0.60376227
145196,0.7835377
145199,0.093580075
145209,0.70752543
145242,0.16845967
145248,0.20704515
145249,0.24376829
145250,0.23023453
145281,0.39586967
145287,0.28995374
145288,0.49018922
145298,0.4028893
145303,0.044593424
145309,0.42265067
145333,0.37936708
145336,0.28757066
145339,0.5917615
145350,0.31656924
145353,0.23983091
145354,0.33225232
145358,0.37391204
145382,0.7500081
145383,0.81319577
145389,0.37178436
145390,0.50713897
145391,0.50693727
145392,0.64364785
145407,0.099145725
145410,0.24963391
145412,0.7426761
145415,0.52393687
145418,0.31974033
145419,0.38265085
145440,0.13105883
145451,0.540242
145476,0.66089106
145481,0.27721944
145482,0.0977067
145484,0.28273058
145502,0.4044315
145512,0.4188551
145515,0.1817284
145521,0.15182863
145523,0.12246222
145554,0.23935111
145557,0.37920967
145560,0.58548075
145563,0.7279894
145569,0.20698991
145586,0.7432737
145601,0.43646276
145602,0.41563693
145615,0.50484425
145623,0.54892564
145638,0.2009937
145640,0.23453443
145645,0.37863615
145654,0.3848564
145664,0.37072262
145677,0.22177778
145679,0.22832303
145681,0.4188067
145698,0.3903506
145709,0.12796748
145713,0.2710676
145720,0.486602
145780,0.481352
145781,0.40642503
145798,0.5550101
145811,0.6099005
145819,0.21220751
145833,0.6619932
145834,0.5143286
145835,0.41403967
145844,0.220899
145862,0.2989053
145869,0.4912914
145871,0.22041331
145872,0.10153845
145874,0.8025526
145888,0.24983989
145891,0.5073272
145907,0.2925953
145908,0.68985295
145919,0.3520662
145925,0.28935355
145940,0.5451212
145941,0.34759235
145943,0.41746804
145951,0.2095794
145954,0.3802392
145957,0.38293573
145962,0.54140794
145974,0.20403995
145976,0.4891052
145987,0.33132705
145988,0.8000531
145989,0.39391828
145990,0.27815962
145991,0.7330297
145993,0.39685085
146000,0.7704243
146001,0.12162158
146006,0.3222776
146011,0.21024044
146014,0.36767673
146020,0.15245435
146021,0.07210666
146022,0.551151
146026,0.5452362
146028,0.6304037
146032,0.43806306
146033,0.5079247
146037,0.70494145
146059,0.19809157
146060,0.7186115
146063,0.46050698
146069,0.5131214
146086,0.24774474
146090,0.8642827
146092,0.21990462
146094,0.75897306
146097,0.21670726
146098,0.63833725
146106,0.2635809
146115,0.12769976
146121,0.69981235
146122,0.31013358
146140,0.54228836
146142,0.151086
146146,0.5479602
146149,0.28465736
146153,0.38130206
146155,0.25140464
146156,0.29156625
146159,0.5864646
146172,0.6882959
146176,0.42723575
146184,0.17454858
146186,0.5407016
146191,0.31347048
146198,0.22448748
146199,0.21314934
146202,0.36721334
146206,0.6206282
146214,0.25815398
146221,0.4573211
146232,0.43320855
146239,0.5650234
146246,0.7232116
146247,0.1434586
146252,0.20474869
146255,0.2378628
146256,0.15835303
146262,0.55070484
146277,0.5953848
146292,0.42694238
146303,0.1706779
146305,0.53601015
146313,0.40096158
146317,0.34237188
146330,0.2742847
146344,0.35393533
146345,0.52429336
146347,0.65233505
146356,0.23809423
146369,0.5298044
146384,0.51111203
146385,0.10544807
146386,0.40061986
146388,0.20894569
146404,0.2718495
146409,0.7791523
146413,0.28949448
146421,0.6487387
146428,0.47606263
146451,0.71055144
146458,0.0807797
146466,0.12022646
146476,0.26126054
146485,0.10234575
146486,0.42259663
146487,0.43230078
146500,0.30851912
146502,0.37406433
146512,0.6936439
146514,0.2139873
146515,0.7103669
146516,0.36438462
146533,0.20824963
146535,0.33572635
146541,0.5478379
146557,0.38598704
146562,0.5583118
146565,0.26892945
146570,0.17132087
146571,0.32497293
146574,0.52831304
146587,0.37381417
146591,0.11685473
146597,0.34855554
146600,0.32912
146614,0.83127624
146621,0.5597482
146623,0.58734095
146631,0.45580605
146644,0.3066393
146649,0.21762663
146651,0.15884277
146652,0.32992953
146663,0.25744084
146680,0.29765302
146683,0.45029396
146714,0.611522
146724,0.4524835
146730,0.32629094
146732,0.7041338
146738,0.35831288
146752,0.4867763
146755,0.33353788
146756,0.43719044
146759,0.3975874
146760,0.591407
146761,0.2966049
146765,0.43519557
146806,0.58058476
146809,0.7597539
146810,0.49776655
146811,0.35784286
146815,0.4238528
146820,0.76598597
146821,0.23341203
146824,0.53281784
146829,0.38784668
146842,0.6524193
146864,0.52232444
146891,0.510276
146918,0.40622696
146955,0.21968558
146957,0.49715808
146972,0.5620341
146973,0.4648097
146979,0.45481482
146982,0.36321196
146984,0.23755656
146997,0.6385118
147001,0.35137016
147008,0.7357579
147014,0.12177456
147022,0.33647165
147038,0.19268823
147048,0.54932034
147060,0.12206546
147061,0.15267383
147077,0.37134972
147082,0.33412266
147083,0.38299906
147085,0.5297443
147086,0.36494848
147099,0.48864546
147127,0.2145219
147128,0.38707802
147133,0.11624351
147138,0.21916997
147139,0.038086016
147150,0.31358868
147155,0.5231815
147171,0.3010618
147172,0.48730645
147182,0.33056328
147195,0.15074919
147199,0.23138179
147216,0.54793143
147224,0.08192841
147225,0.21483788
147230,0.29002538
147240,0.3695626
147250,0.2841164
147253,0.12044167
147254,0.7657354
147264,0.3379326
147294,0.3740245
147308,0.28182417
147309,0.46713153
147315,0.542707
147319,0.36648735
147329,0.18051761
147340,0.31572884
147345,0.7416484
147353,0.09693119
147354,0.7532154
147364,0.62105024
147366,0.37349093
147373,0.36203784
147382,0.27147976
147383,0.45640197
147390,0.17111969
147408,0.5820686
147411,0.1864593
147415,0.43181637
147416,0.69617224
147425,0.15507661
147427,0.2785431
147438,0.63780606
147439,0.20332375
147457,0.23192202
147459,0.12432094
147463,0.27243352
147469,0.5903509
147476,0.71712977
147483,0.22841255
147497,0.44434416
147502,0.83445644
147515,0.5654366
147523,0.3536407
147527,0.26226905
147541,0.57522327
147551,0.29335752
147552,0.39927447
147561,0.13912223
147571,0.19625284
147587,0.18372735
147657,0.51167244
147659,0.26299852
147670,0.15165843
147695,0.5203024
147696,0.40990862
147702,0.83322394
147710,0.84017265
147711,0.19093761
147712,0.33734939
147713,0.7311702
147720,0.21237446
147722,0.5644569
147742,0.13590625
147750,0.47391593
147761,0.5062865
147764,0.506402
147770,0.105609894
147771,0.43668073
147774,0.7709867
147786,0.2616233
147787,0.5035677
147791,0.19939663
147792,0.60453033
147793,0.6796477
147794,0.21834694
147801,0.43001363
147824,0.12782674
147826,0.14113942
147840,0.32902685
147847,0.17100123
147862,0.39366776
147865,0.3787861
147882,0.58586115
147893,0.6590941
147925,0.36090624
147932,0.71863
147942,0.31890792
147953,0.32645035
147955,0.7246335
147964,0.7218656
147966,0.53462106
147981,0.18695506
147982,0.6557098
147990,0.46318457
147998,0.4924765
148002,0.5647009
148013,0.55667156
148025,0.5260832
148026,0.53033733
148031,0.6372279
148035,0.6030505
148042,0.39282072
148047,0.13690566
148050,0.42888725
148063,0.4190072
148065,0.7065513
148069,0.64517075
148070,0.38306797
148075,0.61897427
148076,0.33644706
148087,0.113444164
148091,0.6133708
148102,0.50930214
148107,0.27903822
148108,0.3515746
148113,0.4334267
148131,0.6555712
148141,0.41390428
148149,0.6312063
148150,0.4774584
148163,0.7682755
148175,0.31899714
148185,0.67777586
148187,0.54698384
148198,0.6235545
148204,0.71594876
148205,0.14804253
148212,0.66490126
148216,0.8391505
148217,0.54401994
148223,0.21407178
148224,0.7474501
148235,0.56549
148255,0.76902324
148276,0.29664415
148285,0.14399584
148289,0.25611576
148292,0.50061554
148294,0.33534205
148314,0.28974733
148319,0.20717417
148320,0.51973355
148322,0.45667678
148323,0.53205246
148325,0.52471155
148333,0.42760703
148339,0.21965146
148359,0.34931475
148361,0.54698735
148364,0.43475714
148380,0.20335475
148382,0.30946934
148386,0.6966288
148393,0.70194787
148394,0.47075978
148404,0.5860511
148419,0.4062867
148423,0.31708002
148437,0.7456205
148440,0.31732842
148448,0.177636
148449,0.13308771
148450,0.3305274
148451,0.33877125
148458,0.7524639
148471,0.33417615
148475,0.26997158
148476,0.399808
148497,0.4608546
148511,0.48005044
148512,0.485282
148534,0.42617932
148545,0.46998662
148557,0.3803152
148564,0.21728142
148570,0.16656412
148586,0.50665784
148596,0.7223166
148600,0.41566408
148607,0.17456405
148609,0.3459641
148622,0.24136978
148623,0.2496657
148625,0.6577012
148626,0.13607588
148628,0.23587337
148632,0.32118535
148639,0.32632208
148643,0.5188894
148644,0.7682752
148680,0.18251868
148702,0.63876355
148716,0.35377905
148717,0.46518785
148726,0.63310295
148738,0.60785437
148746,0.3188849
148749,0.5318211
148750,0.4511132
148769,0.25957432
148791,0.48120764
148803,0.22091213
148804,0.28662995
148823,0.114873864
148831,0.28571227
148849,0.1757301
148850,0.34194115
148855,0.39657548
148893,0.29559323
148896,0.299634
148899,0.45464033
148903,0.32176253
148910,0.24032567
148911,0.57291025
148912,0.7776219
148913,0.56097645
148933,0.57446325
148935,0.254701
148937,0.115513705
148946,0.7827304
148955,0.3695574
148980,0.49436176
148996,0.70142907
149015,0.79787296
149025,0.09284126
149028,0.66858846
149029,0.25334534
149035,0.19608393
149050,0.25347143
149051,0.46783432
149052,0.6225635
149056,0.25200376
149062,0.28668162
149067,0.5883916
149076,0.67187357
149090,0.7741258
149106,0.6613255
149107,0.29999244
149118,0.7947745
149119,0.43873775
149130,0.5852246
149154,0.22946417
149157,0.43634188
149158,0.29153633
149160,0.44058695
149163,0.54102594
149164,0.48449486
149165,0.2594401
149166,0.31899187
149214,0.5110264
149231,0.6659144
149236,0.17316273
149237,0.45634562
149246,0.18794107
149247,0.2436817
149253,0.35048053
149254,0.14635845
149265,0.6298917
149266,0.26915202
149277,0.58129877
149283,0.5278524
149289,0.48630908
149310,0.3848412
149314,0.17614543
149318,0.38768992
149319,0.18037513
149320,0.4075309
149321,0.71464676
149333,0.32199392
149337,0.7296405
149338,0.389567
149341,0.37741452
149342,0.19146764
149349,0.18893099
149351,0.74294984
149354,0.13637221
149360,0.1662534
149362,0.23651204
149366,0.23357989
149372,0.7466886
149376,0.38611406
149388,0.5431501
149393,0.30184916
149401,0.20958999
149405,0.50578827
149412,0.65612036
149415,0.4254316
149416,0.25534904
149430,0.5853153
149435,0.3867986
149436,0.32139072
149444,0.6314629
149456,0.3481815
149471,0.1198137
149480,0.13865656
149481,0.24183045
149490,0.517846
149491,0.37210003
149503,0.3710513
149512,0.31438833
149524,0.2731848
149525,0.25783497
149532,0.41514298
149533,0.7019641
149536,0.9140998
149540,0.4036522
149548,0.30995417
149563,0.3423608
149568,0.6181334
149569,0.6049705
149570,0.5853911
149582,0.127515
149584,0.25430137
149587,0.56196177
149592,0.53457534
149596,0.55250907
149599,0.45456287
149612,0.36117536
149643,0.36758876
149648,0.7338698
149665,0.2543236
149666,0.6814638
149671,0.24472268
149675,0.24855503
149676,0.6648757
149677,0.13755465
149680,0.7106141
149711,0.20704244
149723,0.275293
149726,0.56560254
149727,0.18005121
149730,0.14363657
149733,0.63476354
149734,0.7860331
149736,0.6988791
149750,0.08502266
149752,0.80511475
149767,0.5179333
149791,0.5308684
149793,0.25149545
149810,0.13181283
149850,0.22906391
149857,0.49138296
149858,0.12584566
149860,0.7123883
149882,0.06520071
149889,0.12159385
149890,0.72184485
149918,0.3105372
149919,0.45034564
149927,0.22358637
149928,0.4548436
149940,0.7219975
149944,0.31447417
149947,0.54648143
149951,0.5058792
149956,0.4386891
149958,0.527918
149969,0.25519538
149988,0.355466
149996,0.42157343
150007,0.25723097
150018,0.4326315
150025,0.32726297
150054,0.3423452
150064,0.5632166
150070,0.28945085
150074,0.27391243
150078,0.162586
150084,0.22461386
150106,0.3875507
150111,0.84357315
150115,0.12087996
150117,0.59088194
150120,0.34846634
150127,0.50879407
150128,0.5469483
150130,0.50780076
150132,0.6222191
150135,0.14810428
150145,0.42625743
150148,0.26128367
150153,0.4197279
150154,0.23155485
150173,0.22794415
150174,0.69391143
150176,0.50998384
150177,0.42045614
150178,0.5381113
150179,0.732389
150187,0.194427
150207,0.3297228
150223,0.5025584
150224,0.14830476
150229,0.15571207
150233,0.4496489
150245,0.17525141
150252,0.1365424
150257,0.6308603
150258,0.5098177
150267,0.29838642
150268,0.6555207
150272,0.8116039
150282,0.34392217
150289,0.62956464
150299,0.14949414
150307,0.49030864
150310,0.112708636
150311,0.23060831
150312,0.3340991
150313,0.4203824
150324,0.765867
150335,0.14634618
150343,0.38081625
150354,0.22677694
150363,0.40402928
150365,0.35790312
150377,0.21962756
150381,0.5993894
150382,0.25534108
150414,0.44081762
150418,0.6023117
150431,0.24216254
150449,0.2923804
150450,0.74895686
150473,0.17987198
150475,0.40092674
150476,0.58581007
150478,0.56747115
150488,0.58799845
150499,0.61532915
150501,0.44629845
150503,0.4374452
150518,0.25683656
150529,0.3101246
150531,0.2518243
150532,0.45918643
150535,0.38083166
150543,0.7091641
150545,0.6746763
150548,0.33515692
150552,0.33429098
150558,0.4192383
150574,0.47261542
150576,0.85345316
150577,0.38317722
150594,0.5125073
150601,0.16457832
150604,0.1654763
150618,0.23007646
150626,0.62400293
150627,0.45221674
150635,0.8105168
150648,0.3254811
150649,0.66791016
150650,0.61083436
150651,0.4347396
150652,0.2606795
150657,0.6427024
150659,0.33226067
150666,0.59213006
150667,0.30755472
150680,0.07469225
150698,0.83182186
150700,0.8741854
150713,0.23686625
150715,0.41815457
150718,0.18402407
150724,0.6857631
150731,0.29974532
150734,0.28823256
150738,0.09530421
150744,0.22175272
150745,0.6489445
150746,0.5449927
150749,0.21248873
150750,0.3105699
150753,0.2246559
150759,0.3839506
150762,0.27668107
150764,0.20194243
150782,0.41957712
150784,0.40837407
150785,0.439749
150786,0.28515032
150789,0.6386855
150802,0.35846448
150809,0.3465263
150810,0.47099227
150817,0.31393117
150820,0.34982368
150822,0.42730555
150845,0.24781078
150846,0.51668507
150854,0.49960127
150858,0.66488516
150866,0.49594477
150869,0.14829853
150874,0.5397575
150887,0.11436329
150889,0.1999484
150892,0.54605323
150896,0.14266157
150901,0.85833275
150914,0.7447083
150918,0.31290627
150919,0.24281484
150929,0.3203818
150935,0.35931438
150941,0.13045004
150949,0.23965077
150950,0.62250626
150951,0.12489346
150952,0.28586894
150980,0.73819095
150981,0.10889863
150986,0.72544825
150987,0.50323796
151004,0.3665252
151005,0.40291557
151010,0.32505265
151012,0.32293424
151016,0.18813422
151021,0.5119797
151022,0.17018467
151023,0.8782858
151024,0.7691453
151035,0.7483102
151036,0.3772516
151039,0.21048737
151041,0.523826
151043,0.40107742
151052,0.6998032
151058,0.69757044
151065,0.45137453
151066,0.34938908
151067,0.69081014
151069,0.3794619
151070,0.32745734
151080,0.6595465
151090,0.3603443
151092,0.8818892
151100,0.27642867
151108,0.38725314
151113,0.45019352
151119,0.32947809
151131,0.30570012
151145,0.4673404
151147,0.46722594
151148,0.31506917
151149,0.5326197
151153,0.25383592
151158,0.24137032
151167,0.24985266
151169,0.20659317
151185,0.24257527
151186,0.58062506
151187,0.31205356
151203,0.44456008
151206,0.16618928
151213,0.60233474
151237,0.54106855
151254,0.4076401
151255,0.4652921
151264,0.5532304
151266,0.2074221
151267,0.429109
151270,0.13874057
151286,0.1919453
151288,0.44497004
151289,0.5311972
151290,0.5205008
151303,0.33868408
151304,0.5258092
151308,0.2226184
151315,0.20320342
151324,0.4568992
151329,0.11180296
151335,0.17164908
151343,0.21325836
151347,0.69082904
151348,0.5912595
151357,0.42648652
151366,0.46676692
151372,0.12420712
151374,0.11162578
151394,0.09974162
151395,0.71879095
151403,0.2635607
151410,0.2807768
151412,0.37106076
151419,0.35390824
151443,0.20403
151464,0.16385207
151466,0.36364973
151467,0.1694279
151476,0.43005827
151480,0.52586293
151481,0.70823175
151486,0.5367366
151487,0.39381117
151490,0.7245677
151498,0.22510833
151500,0.21305752
151504,0.24669358
151516,0.2042984
151519,0.5107879
151528,0.6704853
151529,0.44516504
151539,0.6886421
151540,0.2920337
151556,0.82976437
151558,0.21695584
151559,0.4354804
151581,0.12208183
151586,0.65591866
151589,0.7909395
151603,0.6366172
151604,0.14447483
151610,0.27514103
151637,0.39007902
151652,0.62305546
151654,0.19045636
151667,0.6056344
151668,0.7413471
151669,0.17735265
151678,0.14362074
151697,0.44974917
151706,0.36342877
151729,0.25626826
151730,0.6942693
151737,0.13704027
151744,0.45810118
151756,0.43052432
151785,0.14663531
151800,0.22324106
151801,0.11534515
151821,0.6359652
151822,0.72094166
151834,0.40310094
151845,0.3713692
151846,0.30165482
151847,0.595524
151848,0.59646434
151859,0.3176996
151872,0.673809
151875,0.45192984
151883,0.20434266
151888,0.24247369
151895,0.20760974
151896,0.19757426
151900,0.35064664
151913,0.25689
151920,0.38258174
151928,0.43492883
151933,0.4142828
151934,0.39135388
151948,0.7298156
151951,0.14443146
151963,0.13464187
151964,0.11872496
151965,0.1804195
151966,0.24380141
151974,0.35123903
151975,0.7882951
151978,0.36283225
151982,0.54775655
151993,0.43932185
152002,0.16399942
152005,0.36867836
152017,0.2831798
152020,0.533144
152039,0.2719374
152047,0.6453975
152064,0.253351
152071,0.39685753
152076,0.24985355
152088,0.16822585
152091,0.29719758
152093,0.28063515
152100,0.66342646
152107,0.40196308
152115,0.20178838
152119,0.13869056
152123,0.30255455
152129,0.42250058
152140,0.7412616
152141,0.2711597
152142,0.43939248
152148,0.30012336
152170,0.14897993
152171,0.23885651
152176,0.25311384
152186,0.37636647
152192,0.73680675
152204,0.41283798
152215,0.125479
152220,0.57814103
152230,0.19122247
152256,0.36971438
152265,0.48818034
152266,0.7790303
152268,0.191095
152272,0.4524383
152286,0.16585097
152299,0.38224652
152305,0.36885962
152324,0.41047162
152329,0.44054863
152355,0.15454872
152356,0.11829582
152365,0.4655016
152369,0.7259964
152373,0.25418955
152374,0.50304204
152383,0.52808774
152395,0.6086583
152403,0.7704662
152404,0.4315099
152406,0.3878276
152425,0.33393314
152437,0.40062797
152438,0.44301096
152442,0.6066701
152460,0.60106224
152461,0.16122486
152462,0.22793585
152472,0.47224
152473,0.46170565
152477,0.34596375
152506,0.26539287
152522,0.27014026
152530,0.4297197
152535,0.10647789
152543,0.22220941
152548,0.32872304
152556,0.33828706
152562,0.5262075
152563,0.657306
152565,0.23431478
152591,0.2381364
152593,0.20775832
152612,0.49832207
152619,0.5072314
152627,0.38036245
152628,0.3935054
152632,0.65120417
152638,0.33658344
152646,0.5012679
152662,0.70582366
152679,0.58230907
152680,0.18238564
152699,0.5768843
152703,0.37192267
152717,0.74391705
152720,0.5688399
152721,0.25244603
152735,0.32374582
152736,0.110058546
152739,0.6727487
152755,0.22380686
152769,0.12197696
152785,0.47469968
152788,0.3778512
152791,0.270991
152808,0.50989
152815,0.3094427
152816,0.6511879
152817,0.2120091
152818,0.16436465
152819,0.6958205
152820,0.18501358
152823,0.5349067
152831,0.3245602
152832,0.6410484
152833,0.25118968
152835,0.28670523
152838,0.23813334
152846,0.18038118
152862,0.76165813
152864,0.124929644
152865,0.4148401
152871,0.063104674
152874,0.22696966
152875,0.105504274
152876,0.7582081
152877,0.83974826
152881,0.7460629
152892,0.18859436
152908,0.6951762
152909,0.3713926
152915,0.19724041
152916,0.6577406
152923,0.3836173
152932,0.110455155
152934,0.19824122
152936,0.23548397
152948,0.13434362
152951,0.47678885
152956,0.35331467
152963,0.37347957
152964,0.8803548
152978,0.5799236
152980,0.51595473
152986,0.51372194
153001,0.48175085
153002,0.31243208
153007,0.33371627
153009,0.21397017
153017,0.19928241
153018,0.7730105
153022,0.72709185
153027,0.81173897
153032,0.41966698
153033,0.46051052
153034,0.28689882
153037,0.5661373
153051,0.880638
153052,0.45542964
153057,0.18959293
153067,0.61724836
153084,0.42826647
153088,0.70390195
153089,0.36415103
153093,0.42008305
153094,0.5230221
153095,0.6940746
153105,0.5005843
153108,0.51016694
153110,0.38641188
153119,0.53350705
153135,0.0829755
153139,0.22981241
153146,0.3266163
153154,0.599006
153185,0.3961071
153195,0.7623698
153196,0.22397894
153198,0.27005178
153202,0.13417229
153203,0.096575186
153209,0.20052569
153223,0.509706
153224,0.4396557
153227,0.3960897
153230,0.4439179
153233,0.46177223
153234,0.16121005
153235,0.6774657
153243,0.51791126
153263,0.46113336
153269,0.44303784
153272,0.14659601
153276,0.5258806
153279,0.28397876
153291,0.49961954
153311,0.36167318
153328,0.65561634
153330,0.6530739
153341,0.56155497
153345,0.35250932
153393,0.2915511
153394,0.612025
153395,0.61232513
153420,0.61258906
153428,0.59875965
153432,0.5789755
153449,0.21516874
153458,0.89917946
153459,0.08612671
153472,0.26697433
153475,0.114005364
153479,0.70682395
153480,0.45645145
153490,0.38934636
153491,0.29297084
153501,0.26552224
153502,0.35988134
153507,0.64200383
153513,0.56187063
153514,0.509487
153519,0.70458484
153520,0.17218545
153556,0.36402664
153577,0.48420984
153582,0.82556266
153594,0.64934766
153595,0.37136966
153598,0.4187435
153601,0.16501746
153625,0.21514441
153641,0.16326176
153654,0.2824848
153676,0.39195293
153681,0.08860538
153704,0.46893293
153706,0.51949006
153710,0.7542318
153720,0.52390206
153734,0.6206463
153738,0.39932624
153743,0.30057874
153748,0.4607836
153756,0.69439185
153757,0.34599823
153759,0.34433284
153764,0.7059584
153782,0.28710046
153796,0.64790994
153802,0.7521428
153809,0.8847341
153810,0.051510554
153817,0.6611364
153821,0.26555052
153823,0.2712919
153830,0.33985966
153834,0.27918187
153839,0.28366372
153842,0.48775378
153847,0.69512486
153855,0.32801315
153873,0.12178637
153875,0.49937385
153882,0.5358005
153884,0.19561115
153885,0.785424
153886,0.2496079
153890,0.5264654
153892,0.19144496
153897,0.4985712
153898,0.37892684
153901,0.5229499
153924,0.51668596
153928,0.33068427
153929,0.69779474
153949,0.12207241
153979,0.2958751
153980,0.17085634
153981,0.39812505
154010,0.7638058
154015,0.35826865
154039,0.7264446
154043,0.1285918
154044,0.44623303
154046,0.28390512
154047,0.25353676
154058,0.232897
154060,0.29751754
154065,0.82829833
154083,0.62733585
154100,0.5996706
154108,0.6211298
154120,0.6284023
154121,0.44975293
154122,0.36975983
154128,0.51292706
154137,0.37418222
154143,0.38038805
154151,0.57962215
154158,0.1195641
154176,0.33129165
154184,0.6307744
154191,0.3980436
154215,0.58428127
154216,0.2776541
154220,0.2066665
154222,0.72170335
154227,0.38428295
154241,0.09441235
154243,0.45746896
154244,0.5017784
154254,0.33471814
154264,0.2244641
154265,0.61379784
154268,0.6567059
154269,0.22919928
154299,0.146396
154307,0.418153
154315,0.72017086
154325,0.46044964
154327,0.43274447
154332,0.7019979
154346,0.29029587
154347,0.25559807
154353,0.8164138
154369,0.38707167
154376,0.19555475
154377,0.7248554
154379,0.5084476
154389,0.23622248
154402,0.32342565
154403,0.28513646
154416,0.18606372
154428,0.53090686
154430,0.13591368
154442,0.79812384
154447,0.3655155
154468,0.09857304
154470,0.17451192
154473,0.45964193
154480,0.32551363
154486,0.38335046
154500,0.2634439
154507,0.6590598
154529,0.062493905
154549,0.07191898
154557,0.16815765
154571,0.7090034
154578,0.35472193
154580,0.13522744
154591,0.3886769
154611,0.7751899
154623,0.09643152
154650,0.61305076
154655,0.7932586
154659,0.5411493
154680,0.71364844
154681,0.20437303
154690,0.538202
154711,0.29466003
154712,0.30964425
154722,0.2632962
154731,0.33949512
154747,0.69773
154749,0.60223913
154750,0.4675707
154760,0.6031725
154763,0.23232193
154786,0.78218865
154788,0.47323185
154792,0.591523
154807,0.7772166
154812,0.123874985
154818,0.6969466
154819,0.5134022
154824,0.4930146
154839,0.5448149
154840,0.07839144
154843,0.18846351
154847,0.46192196
154849,0.47739226
154850,0.118201554
154851,0.63021284
154853,0.38711205
154858,0.34944043
154868,0.89071363
154871,0.22383834
154877,0.13430518
154916,0.20040908
154920,0.19011246
154922,0.6162062
154924,0.26633352
154933,0.5282448
154942,0.5998223
154955,0.36817825
154957,0.8190708
154966,0.26173624
154971,0.29357472
154972,0.4234782
154973,0.33795908
154974,0.16642183
154979,0.3201482
154982,0.4081681
154990,0.6556964
154991,0.24001256
154994,0.48903647
154995,0.39222166
155009,0.14485668
155014,0.31965527
155017,0.12647922
155018,0.26771402
155019,0.30634436
155020,0.27280977
155027,0.39699203
155034,0.60234964
155047,0.34131896
155049,0.7183458
155052,0.5546238
155053,0.36826897
155059,0.46881348
155060,0.6741344
155069,0.23844734
155077,0.68960935
155078,0.3746678
155086,0.3265519
155088,0.33482805
155094,0.26963818
155099,0.19913147
155100,0.31929886
155116,0.36757553
155117,0.38663864
155119,0.36599958
155120,0.15818074
155133,0.57940125
155135,0.8685304
155141,0.77641946
155144,0.13697217
155145,0.2423756
155174,0.41174895
155194,0.4321495
155196,0.1333171
155204,0.48186475
155232,0.61393404
155240,0.20185979
155246,0.254934
155254,0.21698812
155267,0.26399848
155273,0.21350335
155274,0.48281214
155283,0.43198794
155296,0.78167063
155312,0.1303811
155318,0.19864395
155322,0.5867952
155323,0.56016475
155329,0.5845888
155342,0.19579564
155346,0.74451226
155366,0.5925074
155369,0.30925667
155372,0.73754066
155378,0.3009134
155382,0.3992681
155390,0.3087418
155401,0.61224097
155428,0.31582624
155443,0.3220179
155445,0.31627437
155450,0.40302703
155452,0.33939266
155453,0.20221846
155480,0.572476
155482,0.19888276
155484,0.6106197
155485,0.3213494
155496,0.71391547
155497,0.5741371
155531,0.1390894
155541,0.12015897
155547,0.5779019
155550,0.5114946
155551,0.5162793
155565,0.6739859
155567,0.26462847
155569,0.67775327
155573,0.26593712
155575,0.52451026
155581,0.09579517
155591,0.37297437
155593,0.6482108
155594,0.23081268
155610,0.75487536
155623,0.37962416
155624,0.58548456
155629,0.21020688
155638,0.5865631
155650,0.3654389
155652,0.33838525
155687,0.5060577
155697,0.6540955
155715,0.7635506
155718,0.43431655
155719,0.11528621
155723,0.6556603
155730,0.5255642
155731,0.43092588
155737,0.70509875
155738,0.34442028
155740,0.29693353
155742,0.24828334
155755,0.21168216
155766,0.588339
155768,0.28571302
155771,0.5975777
155803,0.2093761
155808,0.22054678
155809,0.37977898
155812,0.17996226
155820,0.5990673
155832,0.6792394
155841,0.59412676
155847,0.7600763
155848,0.34216252
155855,0.6241206
155886,0.45689228
155893,0.5703027
155905,0.32064644
155910,0.59159684
155912,0.15703759
155919,0.68242776
155921,0.36953017
155937,0.29965118
155939,0.4876803
155950,0.38414901
155987,0.51172364
155988,0.3307134
156005,0.32977238
156006,0.2605553
156010,0.35451195
156018,0.37085444
156021,0.7624299
156026,0.4063118
156030,0.38850164
156033,0.17996535
156038,0.6288152
156041,0.5451772
156049,0.3685283
156050,0.1863988
156068,0.40525484
156069,0.6954131
156087,0.12586601
156088,0.4413294
156095,0.58912957
156104,0.5127247
156107,0.31908962
156108,0.37553218
156111,0.55871516
156119,0.22528033
156123,0.32977504
156140,0.7805837
156149,0.18975352
156161,0.21122755
156180,0.7555147
156186,0.57747394
156189,0.5150086
156194,0.24347998
156200,0.108620934
156213,0.91605943
156214,0.30075207
156228,0.102697946
156234,0.2867675
156236,0.51257837
156243,0.20232545
156256,0.37664625
156268,0.34525123
156269,0.161983
156270,0.39821208
156274,0.36935923
156290,0.17961887
156291,0.34180906
156292,0.29852155
156298,0.3034379
156301,0.5912738
156302,0.64809465
156309,0.43249324
156355,0.14899144
156365,0.29730463
156367,0.5446404
156372,0.09165415
156376,0.45394704
156377,0.43338093
156389,0.4205304
156400,0.49583957
156404,0.7361707
156405,0.26560026
156426,0.43378127
156427,0.263274
156429,0.4876429
156430,0.33209777
156431,0.24325065
156432,0.45855445
156449,0.33448872
156463,0.36932456
156464,0.50396544
156478,0.13960369
156492,0.5826344
156508,0.540202
156509,0.16336238
156517,0.51925606
156526,0.31672195
156527,0.20572369
156538,0.61817414
156542,0.35381052
156543,0.43441808
156555,0.3023155
156556,0.4941548
156561,0.5289354
156563,0.15620725
156564,0.4507139
156567,0.14335532
156570,0.2094522
156581,0.4836009
156594,0.26370126
156597,0.249669
156600,0.4844652
156601,0.21170397
156627,0.48289198
156629,0.5789482
156642,0.18419091
156644,0.33994386
156663,0.1656634
156674,0.25755435
156688,0.110290535
156696,0.37590915
156707,0.064945705
156723,0.4654122
156728,0.6330194
156731,0.28392538
156732,0.39267662
156733,0.44155058
156768,0.70677894
156773,0.5287808
156782,0.6240428
156815,0.53708464
156837,0.21677014
156854,0.44401053
156861,0.6336597
156862,0.26233962
156878,0.5895806
156903,0.46554497
156910,0.24940279
156925,0.27286103
156933,0.32064614
156952,0.49382684
156953,0.57517874
156963,0.80504304
156965,0.77945024
156989,0.28825048
156994,0.2553719
156996,0.3431828
157005,0.3899182
157011,0.2643733
157046,0.48952872
157058,0.40579182
157061,0.6067254
157065,0.29185462
157066,0.45863754
157067,0.69820666
157090,0.48173767
157091,0.41838336
157096,0.115282096
157101,0.84261966
157104,0.32153672
157109,0.30607757
157116,0.45342508
157120,0.5511819
157121,0.43596053
157124,0.65689856
157125,0.2779482
157132,0.64848185
157153,0.5405169
157157,0.5876937
157159,0.56156445
157168,0.34967673
157189,0.37130672
157195,0.31993413
157203,0.2647237
157210,0.40443608
157212,0.27214342
157220,0.3608485
157239,0.6500981
157241,0.28796256
157246,0.24249612
157247,0.68503845
157252,0.17973691
157253,0.85096586
157265,0.26034218
157291,0.4468221
157292,0.3820036
157301,0.3746728
157306,0.6752675
157312,0.8066107
157314,0.4189949
157332,0.23136574
157333,0.38891804
157337,0.6778498
157345,0.5691622
157347,0.43808135
157363,0.7355503
157376,0.19654678
157382,0.34609044
157397,0.2565699
157409,0.18012078
157411,0.21103315
157422,0.21491908
157428,0.41674224
157434,0.5408829
157442,0.2712822
157446,0.24970518
157456,0.47652745
157465,0.32298365
157469,0.37433654
157482,0.35757005
157497,0.2593877
157507,0.13301386
157510,0.45249492
157515,0.20289356
157529,0.3896854
157530,0.6891567
157541,0.7877127
157546,0.79319304
157553,0.47110263
157554,0.49795017
157562,0.73493594
157565,0.6920007
157566,0.30351394
157571,0.19604959
157572,0.20899196
157574,0.16685875
157575,0.28212598
157581,0.82819104
157590,0.7647206
157604,0.2050986
157611,0.5148758
157617,0.72166353
157620,0.45345885
157623,0.5801111
157651,0.48830777
157653,0.3491478
157664,0.6291233
157690,0.47375783
157704,0.48439157
157712,0.563694
157722,0.7140816
157727,0.3079295
157764,0.23651594
157765,0.6623657
157775,0.21987961
157777,0.5316471
157789,0.6187432
157802,0.69284666
157803,0.33539063
157804,0.2796518
157805,0.5078923
157822,0.58821434
157823,0.19533266
157827,0.37944564
157836,0.46934652
157839,0.21830332
157847,0.31916124
157859,0.30235556
157864,0.2505707
157866,0.8170135
157877,0.77708215
157886,0.3672887
157892,0.45296752
157903,0.12911178
157913,0.5699514
157919,0.13961153
157920,0.6215175
157923,0.4977378
157926,0.23789945
157927,0.65436995
157948,0.31626037
157949,0.44836286
157952,0.3751868
157955,0.8043503
157958,0.6407729
157960,0.4130442
157966,0.3251924
157970,0.25281575
157979,0.34953314
157980,0.7140614
157985,0.1308842
157997,0.7343246
157998,0.66398895
158002,0.45880896
158004,0.47679126
158005,0.52027214
158007,0.35114923
158008,0.20564778
158015,0.3699061
158033,0.42779648
158036,0.30726847
158041,0.52301127
158044,0.30550548
158049,0.6037983
158061,0.28003928
158078,0.1988587
158099,0.099355415
158100,0.41727838
158102,0.5355966
158107,0.41064742
158114,0.3714649
158127,0.7663839
158128,0.67742467
158142,0.57707334
158145,0.7642993
158146,0.6509097
158167,0.072342336
158176,0.39376453
158184,0.1439961
158197,0.18956901
158201,0.35214618
158202,0.70661914
158205,0.504888
158208,0.67369545
158211,0.55802566
158215,0.48366576
158218,0.4721029
158221,0.8310278
158223,0.70063657
158230,0.13524148
158234,0.2596946
158235,0.36492404
158245,0.56649286
158254,0.5640404
158267,0.44836193
158277,0.20198311
158283,0.30913806
158289,0.77688134
158290,0.44716433
158298,0.23036048
158307,0.19002947
158332,0.34955516
158336,0.19075117
158342,0.29065347
158344,0.22884412
158347,0.7375421
158352,0.08535052
158354,0.4723824
158355,0.30898786
158357,0.21135455
158365,0.18214926
158366,0.08951447
158367,0.37013814
158368,0.73177105
158384,0.57310253
158388,0.16823372
158395,0.5930638
158413,0.42275903
158425,0.3530717
158426,0.3845973
158432,0.12362895
158444,0.5374609
158453,0.24302354
158454,0.543218
158459,0.18046264
158462,0.36522132
158468,0.4502812
158469,0.3836162
158470,0.22183557
158483,0.55632806
158485,0.33509535
158490,0.54659754
158494,0.36133525
158500,0.32742032
158503,0.1812476
158504,0.12981227
158519,0.50834215
158523,0.3761318
158527,0.18691592
158533,0.28312916
158535,0.18048298
158539,0.30832243
158544,0.6588517
158547,0.16724458
158551,0.7600922
158552,0.09183665
158560,0.2798071
158616,0.780551
158638,0.30442315
158642,0.18834572
158651,0.12284829
158653,0.18701155
158677,0.2035281
158683,0.35714582
158687,0.37316537
158693,0.37037092
158700,0.3207998
158703,0.43022844
158705,0.67417043
158706,0.2144689
158708,0.18738897
158712,0.23484626
158714,0.7445248
158715,0.49903187
158752,0.19198422
158753,0.3195184
158763,0.2064254
158764,0.31908026
158767,0.76653767
158770,0.14722282
158781,0.24134271
158789,0.5234413
158790,0.22087954
158791,0.8127899
158795,0.5378571
158796,0.3486142
158800,0.32329315
158806,0.273573
158807,0.52115816
158815,0.4919004
158824,0.19398686
158828,0.7776426
158831,0.7838537
158840,0.3188961
158841,0.14827543
158847,0.55862856
158856,0.43950152
158858,0.45216727
158884,0.3636803
158885,0.32182017
158891,0.6047165
158898,0.29515797
158911,0.31364608
158913,0.14119388
158918,0.4819868
158926,0.40318534
158929,0.3529768
158939,0.61371815
158940,0.47724208
158952,0.35561872
158963,0.23312026
158973,0.37446222
158977,0.60908663
158988,0.53244805
159013,0.7480068
159016,0.42140806
159018,0.12828384
159024,0.7506131
159034,0.6087251
159035,0.57854486
159039,0.64677966
159049,0.5444629
159056,0.5514417
159068,0.56612515
159078,0.5713798
159099,0.5303529
159103,0.6171921
159106,0.8395588
159113,0.21775667
159117,0.38693124
159124,0.7873146
159132,0.27889755
159139,0.24721435
159142,0.41790468
159145,0.50034004
159147,0.34767425
159174,0.18451983
159201,0.3913321
159203,0.18743093
159212,0.7881793
159214,0.5037282
159221,0.47780508
159240,0.30244106
159241,0.20517156
159242,0.47838232
159244,0.5488705
159250,0.40909693
159275,0.24467726
159284,0.37776318
159293,0.33585393
159295,0.14983417
159301,0.34051722
159310,0.43378338
159314,0.3837512
159318,0.1919192
159333,0.20160258
159334,0.5030894
159335,0.478456
159337,0.84015834
159338,0.46378577
159340,0.72818094
159361,0.23411517
159384,0.6887499
159402,0.4960081
159421,0.20258243
159424,0.66956466
159425,0.061107814
159426,0.39660656
159439,0.58876455
159445,0.35673162
159449,0.15017474
159460,0.82918245
159475,0.46364045
159481,0.5261937
159483,0.4655156
159494,0.27268857
159504,0.1477479
159512,0.6689518
159522,0.71269023
159524,0.60900503
159526,0.26919374
159528,0.2841999
159547,0.78027964
159555,0.21327387
159562,0.2443902
159563,0.099151924
159565,0.7098263
159569,0.5988284
159578,0.25518566
159579,0.64749104
159581,0.14228901
159594,0.45866448
159598,0.3224338
159604,0.3591728
159605,0.34964752
159620,0.47785965
159631,0.44364795
159633,0.25661278
159659,0.48581418
159661,0.8268232
159667,0.19968869
159669,0.3368867
159682,0.4564197
159683,0.45956716
159693,0.42240286
159698,0.21256769
159702,0.70053357
159703,0.3097438
159707,0.1255286
159716,0.32681328
159732,0.22864021
159734,0.3955369
159740,0.39873445
159748,0.37772232
159751,0.40197414
159756,0.33587214
159758,0.726398
159767,0.68351096
159769,0.8741236
159775,0.45206934
159802,0.47819316
159804,0.38556167
159817,0.3301269
159818,0.101949364
159824,0.32399234
159837,0.113013804
159840,0.3878221
159842,0.6712027
159851,0.10949454
159865,0.7905765
159866,0.427546
159872,0.40518522
159874,0.23559709
159879,0.23167492
159883,0.2376031
159884,0.3567043
159898,0.79878134
159903,0.48032027
159906,0.5090349
159914,0.5868741
159915,0.5309081
159917,0.17594321
159929,0.29988155
159949,0.5022641
159951,0.5159517
159953,0.3888422
159957,0.56033933
159968,0.3311163
159972,0.44648978
159973,0.39980006
159993,0.4159612
160008,0.66581094
160011,0.39261574
160013,0.5615886
160015,0.28199238
160017,0.17255689
160023,0.60580385
160028,0.65913963
160035,0.46209875
160074,0.6758163
160076,0.34587058
160077,0.37009057
160080,0.38004333
160084,0.5160189
160089,0.89296794
160094,0.2817605
160101,0.1901542
160103,0.41136944
160111,0.28209987
160114,0.2655426
160116,0.21037291
160119,0.55894524
160123,0.2826443
160141,0.26123318
160147,0.19690257
160151,0.26065397
160172,0.7787733
160173,0.25597388
160177,0.63330656
160178,0.49378458
160180,0.36927953
160181,0.20413566
160188,0.21012044
160189,0.07100718
160193,0.24718955
160205,0.17588915
160214,0.6303889
160215,0.48445535
160217,0.23098944
160262,0.29258132
160263,0.3197187
160273,0.34680346
160282,0.7761179
160295,0.72418875
160297,0.39940557
160303,0.15410073
160305,0.45255932
160309,0.20080584
160324,0.2846417
160338,0.68993264
160366,0.44973817
160375,0.15385051
160381,0.11505069
160398,0.2772712
160400,0.33161312
160406,0.35781917
160410,0.2106374
160411,0.16678745
160418,0.24205032
160440,0.13730526
160441,0.43424538
160450,0.8772427
160465,0.28549868
160470,0.45281658
160471,0.4669065
160472,0.7903866
160479,0.6257098
160490,0.3567382
160500,0.44654146
160503,0.2174305
160504,0.47278184
160515,0.29897618
160541,0.6982676
160545,0.43846008
160562,0.4170496
160589,0.18970203
160594,0.19015326
160595,0.32977724
160598,0.55587274
160601,0.2437317
160605,0.47056368
160606,0.33988148
160607,0.13974357
160608,0.68832487
160610,0.41327068
160614,0.4721164
160615,0.27996176
160626,0.21013229
160634,0.14451928
160656,0.14018768
160660,0.2925122
160666,0.5700392
160672,0.45388353
160673,0.13330105
160674,0.2744032
160681,0.31861326
160683,0.48236427
160694,0.14254445
160710,0.5427545
160715,0.6199961
160719,0.5234048
160732,0.4488391
160734,0.25793046
160737,0.79849464
160742,0.35215747
160747,0.18079244
160749,0.56896377
160753,0.54130894
160756,0.3919557
160757,0.5411126
160763,0.111538656
160782,0.40018585
160789,0.27516484
160804,0.16894148
160805,0.47409037
160813,0.2614221
160815,0.15107024
160819,0.236519
160820,0.4934178
160822,0.2992345
160823,0.4794139
160837,0.35738435
160841,0.30709097
160847,0.40250322
160861,0.4912173
160886,0.2097373
160891,0.26576954
160897,0.31789467
160914,0.63159525
160915,0.7363119
160929,0.62257653
160930,0.07832719
160931,0.24408342
160935,0.6562299
160939,0.32308337
160953,0.2239842
160954,0.27090782
160962,0.49491137
160966,0.14570747
160982,0.3934687
160983,0.262308
160991,0.13931544
160998,0.1950704
161009,0.76641524
161014,0.49146295
161017,0.6926328
161021,0.25250185
161023,0.34678677
161027,0.27971587
161028,0.6621078
161030,0.8613499
161031,0.081888735
161033,0.2540155
161050,0.2604992
161053,0.32077178
161054,0.4074096
161055,0.27183065
161059,0.44170746
161061,0.44188595
161065,0.58747596
161069,0.20890886
161072,0.32140785
161073,0.21208435
161080,0.36158046
161083,0.45892236
161104,0.31589678
161111,0.67628074
161139,0.6469126
161149,0.26360106
161158,0.696204
161171,0.4834011
161175,0.46479556
161201,0.57615983
161202,0.7330774
161205,0.26506615
161228,0.20734362
161233,0.38685444
161234,0.42808297
161237,0.42529014
161238,0.3357186
161250,0.77359116
161251,0.33953986
161253,0.3467213
161254,0.26368058
161283,0.4851684
161291,0.36651936
161297,0.39371246
161300,0.297059
161314,0.65690714
161315,0.3922745
161336,0.5343407
161341,0.611913
161343,0.5515974
161351,0.7533435
161352,0.51492953
161353,0.54263365
161361,0.5481835
161366,0.28592
161368,0.7145102
161378,0.32903102
161379,0.6628145
161380,0.23787045
161398,0.7231794
161408,0.10771869
161432,0.22443192
161439,0.68427247
161461,0.34730473
161467,0.71133935
161468,0.381532
161471,0.50565124
161477,0.3958942
161503,0.26334506
161514,0.17600852
161524,0.5930599
161527,0.4414409
161528,0.1311876
161531,0.71662664
161536,0.35816988
161537,0.2759059
161548,0.31342036
161558,0.24042822
161572,0.17877218
161586,0.18462673
161605,0.45604745
161606,0.33932272
161607,0.58511454
161618,0.4135794
161640,0.4871452
161658,0.36635667
161660,0.17835985
161661,0.63058454
161662,0.7833069
161677,0.56197244
161681,0.3833641
161682,0.3009432
161683,0.25144604
161685,0.1698499
161686,0.20184398
161687,0.33898813
161691,0.2777466
161701,0.45254943
161707,0.31221184
161709,0.2030415
161710,0.24018665
161711,0.332617
161714,0.5630048
161742,0.4184264
161751,0.17888264
161764,0.42505103
161771,0.5645289
161781,0.6128581
161782,0.32374194
161800,0.20218405
161810,0.3579651
161812,0.49642563
161813,0.18465626
161816,0.15063988
161838,0.55945116
161841,0.39826265
161845,0.29308882
161871,0.30109936
161877,0.7228246
161882,0.20761462
161885,0.57648844
161886,0.4304903
161895,0.3670717
161897,0.6792006
161914,0.4001861
161921,0.7107829
161922,0.37715584
161927,0.7951133
161946,0.2470597
161952,0.13061978
161954,0.66254866
161955,0.383792
161961,0.6180336
161977,0.6807019
161980,0.42295915
161989,0.6967426
161993,0.6846069
162002,0.39293033
162011,0.34262207
162012,0.14310014
162015,0.33579415
162016,0.25539854
162019,0.38966703
162021,0.6316935
162022,0.57745594
162023,0.4420773
162025,0.2508765
162028,0.13053775
162029,0.31483832
162030,0.13025685
162031,0.7962599
162033,0.5250146
162037,0.07785568
162044,0.5937308
162071,0.43827912
162093,0.3166446
162094,0.46915248
162100,0.114871144
162102,0.5710269
162105,0.25691977
162109,0.6136116
162116,0.47575784
162117,0.16752996
162118,0.81866
162120,0.6281239
162125,0.1294854
162128,0.75877815
162131,0.6109849
162133,0.4927561
162135,0.4706461
162156,0.2831194
162157,0.30723953
162165,0.49615848
162166,0.21155125
162170,0.4574589
162201,0.21667331
162202,0.38871673
162206,0.095863275
162211,0.34197798
162227,0.16675854
162232,0.22711335
162235,0.4078396
162237,0.6727066
162248,0.24022883
162261,0.5247784
162262,0.21808921
162280,0.29028922
162282,0.11563476
162284,0.488556
162287,0.7479855
162305,0.24860509
162308,0.22969864
162309,0.41468447
162312,0.33196554
162313,0.15038519
162316,0.2602674
162324,0.47472194
162325,0.41134387
162333,0.21475036
162334,0.30655262
162337,0.25291628
162340,0.40644717
162344,0.6813395
162347,0.41841748
162350,0.3762796
162351,0.6024234
162365,0.43344963
162368,0.3583225
162379,0.4291154
162383,0.24417841
162392,0.45870832
162393,0.5434665
162397,0.5330001
162398,0.6907581
162406,0.5957515
162410,0.38799977
162418,0.1539214
162420,0.4733657
162424,0.64424515
162425,0.21371213
162438,0.5642356
162442,0.16080979
162462,0.25344324
162476,0.14681575
162477,0.1581028
162480,0.305166
162491,0.25915232
162493,0.38948962
162503,0.34208265
162504,0.33353332
162513,0.4299491
162516,0.79269177
162517,0.23100972
162522,0.52387846
162523,0.55741036
162542,0.5316873
162584,0.6809399
162586,0.33962345
162589,0.33000544
162594,0.441134
162616,0.23239788
162630,0.4698738
162637,0.5004365
162652,0.23986237
162659,0.69924724
162668,0.18489546
162674,0.33313513
162680,0.4394393
162685,0.810649
162689,0.6919294
162711,0.3336572
162714,0.15775704
162732,0.1680589
162741,0.17343359
162758,0.5376572
162759,0.27271563
162775,0.61205244
162776,0.20788115
162777,0.118335515
162782,0.2803912
162786,0.19211845
162794,0.3809245
162799,0.17287326
162801,0.6475182
162802,0.4306964
162807,0.35006168
162820,0.43723816
162827,0.28196576
162833,0.31173038
162837,0.16241707
162844,0.4003706
162860,0.2040686
162862,0.24197505
162864,0.6129127
162868,0.34780642
162880,0.1907266
162895,0.80066293
162898,0.58066773
162918,0.5644003
162924,0.44562593
162931,0.5691634
162936,0.28985047
162978,0.7091654
162979,0.28899637
162988,0.2799597
162989,0.56888425
163013,0.7545078
163014,0.24604826
163021,0.3891813
163024,0.1887015
163027,0.14814566
163030,0.18634437
163031,0.20965211
163032,0.3135203
163039,0.4986929
163042,0.18587133
163048,0.22752208
163049,0.13222271
163068,0.32097134
163071,0.20982276
163074,0.68268347
163079,0.26397336
163080,0.18347023
163085,0.28316268
163093,0.40459555
163094,0.6702632
163109,0.48972476
163116,0.30008104
163117,0.53671443
163118,0.3605095
163119,0.8093145
163121,0.22123116
163131,0.3327057
163132,0.27402526
163133,0.6708581
163182,0.27796644
163187,0.29956102
163188,0.69523996
163195,0.29409787
163197,0.3255384
163200,0.124581076
163206,0.71757865
163207,0.2316128
163214,0.6023071
163222,0.17344867
163224,0.28350896
163226,0.6328403
163235,0.6504493
163240,0.46675923
163258,0.5574589
163263,0.25805867
163264,0.72101444
163265,0.4540281
163266,0.5034044
163268,0.7006131
163272,0.17898698
163273,0.5782217
163278,0.6619402
163288,0.0985473
163299,0.6890696
163302,0.53261995
163307,0.1795841
163321,0.46001595
163349,0.4941795
163352,0.48108447
163353,0.6507588
163357,0.6090968
163362,0.22813106
163375,0.44162366
163385,0.28251985
163386,0.6497343
163390,0.3544647
163408,0.6985072
163423,0.19186154
163426,0.6018841
163437,0.79920983
163452,0.38531053
163472,0.6251181
163473,0.26272917
163479,0.17672808
163480,0.38991386
163487,0.30906367
163492,0.6616397
163493,0.30944705
163523,0.5992705
163524,0.5705861
163527,0.5295899
163528,0.42785546
163531,0.08004202
163538,0.4688872
163556,0.22038172
163563,0.79048353
163566,0.6297514
163570,0.18403979
163571,0.26472253
163574,0.15469547
163578,0.2259288
163580,0.53311753
163597,0.704497
163601,0.47213206
163604,0.50671387
163609,0.3409559
163618,0.5271092
163634,0.7253823
163647,0.51420504
163660,0.59228486
163661,0.3306381
163666,0.23243482
163667,0.5434213
163669,0.44337925
163676,0.18321581
163681,0.19405842
163682,0.34272373
163684,0.57035494
163714,0.8115797
163724,0.23610127
163728,0.650453
163729,0.15756106
163738,0.1861273
163742,0.5792034
163743,0.65980804
163748,0.65408146
163759,0.3116638
163782,0.10889988
163793,0.5340251
163800,0.19756722
163801,0.59625185
163802,0.56067795
163814,0.41078836
163820,0.31317577
163821,0.31719893
163848,0.18190658
163852,0.49058297
163854,0.40290526
163855,0.75328714
163882,0.19204435
163895,0.41302195
163900,0.7407193
163907,0.7257555
163915,0.14822535
163926,0.36256903
163929,0.25493556
163934,0.36998665
163940,0.49669826
163943,0.39057973
163944,0.27641097
163949,0.30805632
163951,0.23050898
163952,0.31280434
163965,0.5537056
163970,0.19467029
163980,0.42407563
163981,0.3330557
163988,0.5841405
163989,0.51301557
163991,0.3644709
164015,0.21529253
164028,0.40235472
164030,0.34514236
164031,0.514387
164037,0.16668992
164049,0.2920109
164052,0.37330538
164059,0.20382383
164083,0.51149267
164095,0.28796265
164106,0.8457008
164116,0.2869847
164117,0.86605316
164119,0.24378555
164133,0.501687
164134,0.3531801
164142,0.32816604
164143,0.21106134
164147,0.33004436
164148,0.6079651
164150,0.73965144
164152,0.37406135
164156,0.6377517
164157,0.5806109
164158,0.1495719
164166,0.61642766
164191,0.21650936
164194,0.4689381
164198,0.19070573
164201,0.08935423
164202,0.37629408
164207,0.830573
164228,0.21728565
164240,0.4706289
164241,0.27360827
164244,0.203043
164256,0.39377782
164262,0.363573
164269,0.10265252
164276,0.3427886
164281,0.7443048
164290,0.36929792
164300,0.684234
164305,0.58744097
164307,0.2534304
164308,0.35904154
164309,0.1286102
164314,0.41581208
164319,0.35619763
164331,0.33813247
164332,0.1686319
164343,0.45938775
164349,0.3516546
164363,0.26111203
164373,0.5458345
164410,0.7294787
164417,0.38613862
164436,0.26838097
164438,0.18327627
164441,0.38088682
164445,0.30170274
164451,0.35938948
164452,0.12691018
164502,0.64967114
164513,0.6383016
164526,0.7648328
164527,0.30131298
164528,0.6147925
164530,0.3534483
164537,0.34511083
164542,0.45893636
164546,0.3440429
164555,0.8164849
164556,0.09430671
164568,0.6475244
164571,0.75336057
164572,0.800367
164574,0.42986247
164580,0.21987446
164597,0.17119008
164601,0.13637929
164619,0.40369207
164633,0.21865864
164642,0.26517972
164652,0.51374567
164676,0.35178715
164682,0.27031755
164685,0.5336782
164691,0.5094271
164696,0.2827003
164708,0.4948311
164711,0.41838294
164712,0.6153413
164717,0.38750148
164721,0.3640753
164740,0.14615022
164746,0.18849567
164755,0.5035968
164761,0.1685581
164764,0.22139381
164766,0.93777674
164776,0.7258136
164777,0.31948936
164783,0.40294892
164786,0.23192093
164799,0.5366429
164808,0.45550147
164812,0.4431928
164815,0.6454536
164816,0.17658195
164817,0.5673596
164818,0.6180371
164819,0.8034474
164821,0.4601423
164822,0.3203068
164825,0.15669967
164834,0.5325014
164841,0.18455021
164842,0.41821432
164853,0.2775264
164855,0.5999187
164856,0.30107385
164878,0.24561566
164883,0.28740847
164887,0.34637368
164888,0.27694657
164889,0.5385178
164891,0.83356243
164892,0.2123592
164922,0.24487418
164924,0.43840575
164933,0.7459583
164938,0.20654362
164939,0.7307045
164949,0.21694356
164950,0.23489198
164957,0.7250055
164961,0.6043814
164963,0.23715359
164972,0.19146916
164980,0.23606746
164981,0.38495257
165020,0.42343727
165027,0.31257537
165046,0.3539255
165048,0.48805764
165049,0.34792402
165058,0.33067137
165065,0.30586618
165081,0.33668035
165082,0.58730185
165090,0.371207
165107,0.43900406
165131,0.4654625
165133,0.6234981
165137,0.21076235
165140,0.56215686
165142,0.4390295
165143,0.38262048
165152,0.5731622
165154,0.5724499
165158,0.44480237
165166,0.24769443
165168,0.49642232
165171,0.1666624
165175,0.42212543
165182,0.19101433
165188,0.6980736
165190,0.26090315
165199,0.28865516
165202,0.6773536
165203,0.541217
165204,0.5375878
165208,0.31436425
165221,0.36786425
165243,0.11737349
165283,0.3968942
165300,0.23299426
165302,0.5293098
165304,0.17643511
165313,0.37079027
165336,0.6576118
165339,0.5610869
165363,0.7773654
165376,0.42186752
165380,0.7291303
165385,0.16957788
165386,0.3116096
165410,0.26069102
165422,0.20427379
165426,0.37926033
165428,0.34411877
165445,0.6642763
165452,0.19348948
165454,0.17832066
165455,0.27325276
165462,0.3789232
165465,0.33380452
165466,0.40840948
165467,0.53861237
165476,0.27875948
165477,0.32062402
165478,0.8513266
165497,0.19806461
165500,0.26045567
165511,0.44438973
165513,0.6139087
165515,0.80461633
165521,0.12268874
165522,0.44259408
165523,0.57476366
165530,0.49105436
165537,0.40174162
165538,0.0978028
165539,0.40820152
165545,0.18210146
165550,0.29322594
165551,0.4087512
165552,0.27690235
165557,0.20630953
165558,0.42145398
165560,0.22884384
165574,0.7199727
165576,0.71184516
165587,0.5075523
165601,0.051809438
165605,0.112884596
165606,0.13831809
165607,0.24194594
165624,0.755294
165632,0.3719169
165633,0.55958754
165634,0.41102865
165646,0.16049187
165649,0.28953683
165651,0.61202097
165661,0.32284296
165666,0.26366523
165669,0.39546064
165674,0.2773735
165685,0.69309783
165687,0.3609459
165692,0.4487964
165721,0.6094977
165726,0.7236652
165748,0.30753863
165749,0.5989219
165752,0.4189246
165755,0.47054362
165758,0.23155545
165761,0.27455458
165762,0.36218935
165780,0.4633281
165781,0.26141602
165789,0.48347068
165802,0.13048923
165806,0.34530532
165817,0.5161413
165822,0.8075356
165837,0.17627758
165840,0.5650709
165846,0.13834628
165853,0.19434099
165864,0.7900923
165865,0.36947873
165868,0.38540167
165869,0.19319995
165871,0.4249512
165880,0.36585954
165887,0.47796822
165904,0.4626992
165907,0.18958858
165910,0.67151785
165915,0.64527786
165917,0.28438106
165918,0.8135384
165919,0.53880894
165923,0.47662437
165931,0.22049095
165932,0.41597956
165934,0.9005248
165939,0.4643531
165944,0.7086164
165951,0.79437953
165955,0.13509588
165959,0.7627962
165966,0.61395454
165970,0.35264045
165975,0.17380202
165977,0.13248803
165990,0.8094741
165997,0.2008926
166003,0.49591228
166008,0.1202384
166020,0.3889917
166025,0.339347
166033,0.32987323
166038,0.24181966
166042,0.30143702
166049,0.09729519
166071,0.08116264
166091,0.6888921
166093,0.77785397
166095,0.307188
166104,0.13542418
166107,0.3926934
166108,0.18469764
166110,0.27302265
166112,0.6608422
166135,0.4111833
166136,0.29449075
166138,0.58295894
166153,0.73924005
166155,0.6866846
166158,0.3585221
166164,0.59667695
166186,0.6678272
166191,0.45729765
166196,0.18446521
166197,0.5650825
166202,0.3719607
166215,0.13734448
166230,0.31778955
166243,0.57052124
166244,0.32481754
166255,0.27853468
166258,0.5714197
166263,0.6769734
166271,0.41143677
166283,0.33958653
166286,0.27588487
166291,0.43472102
166294,0.55690926
166303,0.5359962
166306,0.57914555
166309,0.26136786
166316,0.37678212
166317,0.37389067
166321,0.67828864
166331,0.38854456
166349,0.38320237
166374,0.14185092
166387,0.08323593
166393,0.41751376
166400,0.38199505
166420,0.10639587
166446,0.09028822
166449,0.4779871
166452,0.2677441
166495,0.29167572
166501,0.23717462
166514,0.5240385
166515,0.30444118
166521,0.4166691
166525,0.21921669
166529,0.4019936
166536,0.6069602
166542,0.2551346
166543,0.6236894
166545,0.121937566
166550,0.3840214
166560,0.26504257
166567,0.19736913
166570,0.13107793
166573,0.31041437
166582,0.77674854
166583,0.63743377
166590,0.19654839
166594,0.6957713
166618,0.8996916
166623,0.5653481
166626,0.50513303
166641,0.46930283
166654,0.3096369
166682,0.79371864
166685,0.42883456
166688,0.42449307
166692,0.27025518
166701,0.30535522
166702,0.586189
166705,0.38820204
166713,0.38447845
166733,0.11027818
166734,0.38817874
166738,0.4313134
166739,0.09404765
166740,0.17892152
166755,0.701693
166761,0.57871133
166764,0.428249
166773,0.41874248
166774,0.30676028
166814,0.41134274
166819,0.56050134
166834,0.65745956
166841,0.7117195
166848,0.6993279
166857,0.6242462
166858,0.104807995
166873,0.35474247
166889,0.26965138
166890,0.14606632
166891,0.415442
166902,0.4215008
166908,0.3984947
166916,0.48351038
166920,0.40681815
166922,0.40918794
166926,0.42565632
166928,0.39053872
166930,0.6822679
166931,0.13723248
166932,0.16331917
166937,0.12500042
166941,0.23126619
166944,0.30475733
166960,0.35357016
166972,0.26920155
166973,0.64512897
166978,0.27019474
166984,0.64304197
166994,0.42357525
166995,0.31233963
166996,0.149937
167001,0.075394936
167006,0.394225
167007,0.18043001
167037,0.7271135
167041,0.4244587
167051,0.7407623
167052,0.5222446
167054,0.25001365
167057,0.5234374
167058,0.45517245
167059,0.2968137
167060,0.17750527
167066,0.16493127
167077,0.40082848
167078,0.36746904
167080,0.53471863
167089,0.5109681
167090,0.3128027
167091,0.5104681
167096,0.31231913
167105,0.64347404
167121,0.30313128
167128,0.3094609
167131,0.7259234
167139,0.719775
167140,0.6199415
167149,0.40694767
167152,0.8117067
167153,0.5657846
167163,0.6705301
167167,0.48554245
167171,0.24122375
167178,0.25672033
167179,0.42343727
167182,0.37556797
167187,0.26090142
167192,0.42703485
167208,0.4431073
167212,0.55391246
167217,0.44875294
167230,0.24074541
167236,0.1286729
167238,0.73871994
167239,0.4692543
167257,0.6454684
167260,0.58397704
167264,0.39231655
167271,0.31909356
167273,0.5989581
167276,0.5643968
167283,0.31967247
167295,0.18730693
167296,0.7621749
167299,0.67824256
167310,0.15631959
167313,0.52511805
167323,0.22246607
167328,0.7222008
167329,0.45757964
167333,0.35419497
167349,0.37967354
167351,0.24976401
167359,0.28123656
167363,0.37840685
167371,0.12795332
167384,0.42845538
167387,0.4433311
167389,0.17353754
167393,0.3308853
167401,0.5256188
167427,0.29346088
167428,0.252394
167433,0.41550323
167434,0.38429606
167437,0.48032874
167438,0.2053678
167454,0.3975915
167475,0.13729475
167480,0.370047
167491,0.14397651
167494,0.3788995
167495,0.29721263
167503,0.4203243
167521,0.5115669
167529,0.4751724
167530,0.2660615
167550,0.3961016
167554,0.5800601
167557,0.7025382
167562,0.27835327
167566,0.39323172
167572,0.76700354
167573,0.6025955
167578,0.5575184
167592,0.63842285
167597,0.26957923
167621,0.5069562
167622,0.14538488
167631,0.762046
167637,0.7972563
167638,0.32314894
167645,0.20933616
167648,0.6556544
167697,0.7509392
167698,0.19679773
167701,0.2450438
167708,0.2136745
167714,0.25601077
167717,0.6507156
167727,0.24260075
167737,0.255134
167746,0.66709393
167751,0.6294033
167753,0.42764956
167755,0.45931664
167771,0.38341305
167805,0.4051627
167811,0.33732596
167815,0.4432568
167829,0.2093231
167830,0.4536334
167834,0.3545671
167841,0.6055826
167846,0.1524256
167851,0.91874456
167871,0.15507767
167890,0.22190821
167898,0.1371414
167901,0.06850336
167902,0.33462873
167907,0.6643834
167911,0.3605559
167912,0.17949396
167916,0.504247
167917,0.12766998
167928,0.5519426
167940,0.36076936
167947,0.47736737
167948,0.4257001
167953,0.13435082
167957,0.5089193
167958,0.33317336
167968,0.1489917
167970,0.41623363
167977,0.23727535
167980,0.28658444
167993,0.38664728
167994,0.62528837
167998,0.32230663
168000,0.45331302
168006,0.57170516
168011,0.45760596
168012,0.3081842
168013,0.26768
168022,0.15940137
168026,0.6057118
168032,0.1607202
168046,0.51891553
168054,0.31071725
168071,0.5987124
168078,0.64380956
168092,0.50839806
168093,0.62740856
168097,0.31643042
168105,0.7314025
168107,0.59940076
168108,0.51762205
168115,0.65925944
168127,0.4873395
168133,0.8110167
168135,0.27245182
168162,0.20912972
168163,0.32592568
168165,0.66840506
168169,0.4240452
168171,0.6135854
168174,0.34995443
168175,0.8631684
168186,0.26512066
168202,0.35046604
168204,0.24964336
168208,0.38536718
168229,0.5100727
168239,0.14151706
168245,0.44639322
168276,0.1696841
168309,0.5646558
168313,0.7005967
168322,0.29017776
168323,0.104932025
168326,0.6715454
168331,0.4651763
168349,0.65004605
168384,0.26174298
168398,0.18944709
168403,0.1253093
168405,0.59332174
168416,0.14150032
168418,0.60790175
168420,0.5797292
168422,0.12362554
168436,0.68504405
168438,0.39243847
168443,0.1955985
168444,0.25711015
168446,0.15841047
168454,0.4770714
168459,0.34107897
168462,0.36676794
168472,0.30903453
168485,0.118415035
168496,0.73912656
168503,0.2151315
168515,0.30880406
168516,0.43098316
168520,0.7852533
168521,0.4709525
168531,0.11057864
168542,0.45772725
168548,0.51078486
168551,0.17171016
168575,0.15688379
168580,0.28070238
168588,0.77562845
168593,0.24495095
168614,0.32799673
168615,0.22505726
168622,0.24634697
168623,0.39856914
168634,0.13936128
168645,0.7197067
168651,0.7415032
168683,0.4431316
168691,0.7694121
168708,0.5292805
168716,0.5428985
168718,0.35399225
168720,0.6718254
168722,0.7601641
168731,0.4638113
168736,0.38498944
168738,0.686539
168747,0.3734676
168751,0.7084749
168752,0.39905086
168753,0.2187168
168774,0.71030897
168782,0.2631244
168788,0.07849796
168790,0.29005575
168791,0.67308587
168793,0.6673909
168796,0.4193064
168802,0.48926905
168803,0.43513444
168810,0.7849353
168817,0.26011005
168820,0.77230453
168823,0.28725836
168827,0.5982582
168828,0.7378478
168831,0.521485
168842,0.63139385
168845,0.29836667
168855,0.52105415
168856,0.6006394
168861,0.53799933
168876,0.14432013
168897,0.37553427
168899,0.2222049
168913,0.60623777
168915,0.2558392
168916,0.35304555
168929,0.6347418
168930,0.26076537
168933,0.624356
168954,0.5840014
168957,0.5893416
168959,0.13112867
168960,0.57395995
168961,0.54284936
168968,0.47965732
168969,0.43540886
168994,0.37123108
168995,0.28464782
169003,0.41166225
169004,0.8480216
169008,0.4434549
169009,0.27111408
169014,0.5869855
169030,0.17724845
169048,0.53945285
169061,0.7552542
169070,0.7351342
169092,0.14790072
169117,0.5997428
169118,0.72913224
169121,0.3100543
169123,0.35708562
169124,0.785277
169137,0.63321614
169138,0.21577565
169143,0.14933993
169165,0.49541855
169166,0.48490667
169167,0.5041975
169168,0.40436825
169175,0.09729267
169184,0.34861204
169195,0.30022672
169196,0.19884086
169197,0.64625907
169202,0.8585741
169204,0.4504313
169212,0.3464225
169214,0.6898351
169218,0.7821951
169239,0.25576726
169248,0.16510333
169252,0.3716445
169254,0.7805915
169257,0.47568014
169264,0.81723785
169267,0.2999951
169269,0.73885506
169278,0.2929996
169297,0.323258
169299,0.55500746
169301,0.46480608
169306,0.3763947
169323,0.58212847
169328,0.44663328
169330,0.5131742
169331,0.19159071
169346,0.5707688
169348,0.48264247
169350,0.28771237
169353,0.110462114
169355,0.6166907
169364,0.77692574
169365,0.40251362
169367,0.17296076
169370,0.18119586
169378,0.47857058
169385,0.05054445
169387,0.5744185
169389,0.35801488
169395,0.5785031
169412,0.41932586
169426,0.74751174
169427,0.51546663
169432,0.34723514
169436,0.6639505
169453,0.39084283
169455,0.7779898
169457,0.30829042
169458,0.22328803
169461,0.48841467
169467,0.36920178
169470,0.34568712
169477,0.10012868
169481,0.3725986
169483,0.65340346
169490,0.7623279
169491,0.20894316
169495,0.23620066
169504,0.52583236
169514,0.27480358
169517,0.54536504
169523,0.17005876
169528,0.61822546
169534,0.5155581
169535,0.3503248
169537,0.30752566
169541,0.759769
169546,0.18551125
169549,0.07343411
169554,0.76541775
169561,0.12072902
169571,0.17626733
169580,0.7168154
169597,0.16149627
169598,0.19264421
169625,0.7932754
169626,0.6452409
169627,0.52693415
169628,0.3064492
169629,0.4313715
169658,0.4905868
169659,0.19527484
169668,0.378722
169669,0.50367135
169673,0.17369878
169674,0.22738768
169676,0.782097
169677,0.55079424
169678,0.50448084
169680,0.2531778
169695,0.5195505
169698,0.7109672
169710,0.65079343
169719,0.20520745
169720,0.51085305
169722,0.4228032
169735,0.57532424
169745,0.32455632
169749,0.5741659
169754,0.21145429
169760,0.3867842
169772,0.21399598
169773,0.1874847
169780,0.2235674
169788,0.20796649
169793,0.42722908
169809,0.60655266
169810,0.42318755
169824,0.09884288
169831,0.55067605
169833,0.5550945
169836,0.15146239
169859,0.18836667
169864,0.85647017
169872,0.12440674
169895,0.5978939
169911,0.14853589
169914,0.467404
169960,0.5478712
169961,0.73960686
169964,0.35098544
169974,0.24336718
169988,0.17268789
169989,0.08631509
169995,0.24346448
170007,0.24712521
170026,0.27669963
170030,0.8733023
170033,0.58096176
170041,0.57836634
170043,0.122077055
170048,0.21132009
170050,0.26653084
170051,0.4159141
170056,0.5276367
170072,0.8228242
170076,0.37487566
170080,0.6558098
170101,0.27859858
170102,0.23728111
170107,0.6084666
170115,0.40736157
170119,0.2092905
170128,0.33976766
170129,0.12759778
170134,0.75034064
170136,0.49082905
170139,0.40467367
170140,0.39945683
170143,0.76796603
170148,0.8448462
170159,0.5269704
170163,0.5366433
170164,0.69753265
170173,0.13391834
170178,0.5716136
170179,0.34920558
170199,0.5430266
170203,0.20227005
170207,0.58996415
170211,0.3711733
170217,0.14075111
170224,0.18996285
170225,0.48480096
170255,0.48411092
170258,0.34041
170259,0.20387
170262,0.27421528
170278,0.36601913
170284,0.39241654
170285,0.72643036
170292,0.16284633
170293,0.47310022
170301,0.4579585
170302,0.80372775
170305,0.70093775
170309,0.43832868
170310,0.40791678
170326,0.47542933
170327,0.24654692
170328,0.6237756
170329,0.343941
170330,0.24399723
170331,0.22963382
170337,0.35873055
170340,0.54702985
170341,0.19218415
170343,0.40398246
170361,0.44337186
170366,0.31333315
170376,0.5896897
170382,0.8094179
170396,0.21333706
170400,0.6259423
170403,0.2990984
170409,0.4639544
170410,0.13440292
170421,0.6523366
170425,0.13619424
170427,0.11599926
170428,0.34168714
170435,0.2066279
170438,0.10506948
170442,0.41596597
170446,0.6497568
170461,0.182515
170473,0.78416044
170477,0.39982903
170516,0.25014746
170517,0.17470764
170522,0.48332053
170523,0.3273735
170534,0.4934704
170535,0.5517037
170538,0.6380266
170549,0.50419044
170556,0.27817512
170563,0.39888495
170570,0.43276286
170580,0.4424571
170582,0.23650956
170584,0.69200134
170585,0.23905292
170587,0.36506274
170590,0.67799467
170598,0.31217524
170599,0.35354954
170601,0.2963582
170612,0.7131322
170617,0.3343632
170620,0.47806573
170629,0.19127011
170647,0.5896631
170651,0.20428418
170654,0.45016077
170657,0.67457485
170662,0.32030314
170707,0.4491612
170719,0.49955967
170722,0.23770833
170723,0.5001643
170731,0.75835216
170735,0.3562174
170750,0.28393826
170769,0.40524825
170770,0.45826557
170776,0.6858317
170783,0.31669655
170789,0.65716404
170800,0.58682895
170809,0.5848868
170810,0.37025693
170811,0.39356875
170827,0.10504553
170842,0.22689123
170854,0.33345306
170857,0.7573054
170865,0.50164425
170867,0.12279066
170869,0.6079864
170870,0.30634966
170878,0.520868
170881,0.64489985
170910,0.6072952
170913,0.7468895
170919,0.53164405
170932,0.3613158
170939,0.79856944
170947,0.31387725
170950,0.572484
170953,0.6852846
170954,0.39290836
170970,0.39503318
170972,0.23725124
170973,0.626304
170980,0.28976667
170981,0.55086726
170983,0.7238798
170998,0.5348592
171001,0.5261347
171004,0.3078542
171020,0.17659591
171023,0.22757018
171026,0.3574179
171060,0.6834619
171061,0.3537972
171065,0.36038783
171077,0.34055108
171081,0.19581684
171103,0.79673153
171110,0.4050579
171114,0.1363913
171118,0.17571227
171119,0.43140295
171120,0.46711582
171137,0.59550536
171147,0.35834864
171153,0.7101806
171156,0.8465349
171158,0.22421078
171163,0.49020284
171169,0.24919656
171170,0.5916249
171172,0.30000353
171173,0.30658633
171176,0.27601787
171181,0.5481179
171182,0.6871997
171191,0.29252592
171193,0.46624368
171195,0.6618203
171198,0.15269767
171205,0.24315678
171212,0.61251414
171237,0.5456634
171241,0.18510686
171262,0.44133624
171263,0.25389194
171266,0.35674825
171274,0.5369602
171290,0.2918335
171291,0.73844385
171297,0.24285348
171307,0.35095865
171311,0.8113555
171320,0.26423296
171322,0.15233661
171328,0.34146217
171337,0.1324706
171346,0.14560726
171348,0.5924716
171354,0.3828358
171358,0.32770094
171359,0.21082637
171360,0.43634838
171369,0.21782325
171379,0.32261378
171384,0.2333971
171388,0.41903493
171390,0.37092006
171394,0.20520765
171395,0.447681
171399,0.5893478
171403,0.3064521
171422,0.23051222
171423,0.30673635
171469,0.33850607
171480,0.47867954
171487,0.12432049
171497,0.39769018
171502,0.7080684
171503,0.18478933
171506,0.5593511
171521,0.21771418
171530,0.32975027
171540,0.46183112
171541,0.37488732
171544,0.4771564
171551,0.56705284
171582,0.72727466
171587,0.29412547
171597,0.578687
171603,0.39228263
171610,0.3695976
171614,0.1705121
171619,0.3033301
171621,0.37322128
171625,0.28263158
171626,0.32611367
171638,0.27323702
171642,0.33271012
171658,0.23447612
171674,0.6318316
171677,0.5477257
171684,0.40539524
171685,0.77214867
171686,0.32709178
171695,0.13755618
171702,0.35866612
171703,0.1686631
171704,0.42296165
171705,0.17965384
171706,0.2528042
171709,0.097625405
171712,0.27191174
171716,0.11535817
171730,0.5185081
171748,0.21527392
171757,0.4034627
171767,0.21193929
171768,0.81007105
171771,0.42513028
171775,0.19691733
171778,0.6193627
171780,0.75723606
171781,0.21264869
171785,0.30084616
171786,0.7466928
171789,0.13608505
171802,0.14321975
171803,0.42424962
171812,0.6114956
171862,0.27066728
171864,0.7046294
171891,0.7762754
171892,0.35054436
171913,0.21118791
171914,0.743625
171922,0.54402393
171927,0.3755407
171933,0.43897524
171934,0.16672
171943,0.46108288
171945,0.5315112
171960,0.19869475
171964,0.24165465
171975,0.611932
171994,0.72866
171996,0.5978864
171997,0.08659227
172000,0.35315588
172029,0.20680667
172038,0.34548423
172039,0.41715884
172043,0.361407
172046,0.14597325
172048,0.35826403
172049,0.3434496
172053,0.54384416
172054,0.54268867
172058,0.37191206
172060,0.24917343
172061,0.13855068
172067,0.42893228
172072,0.2791257
172073,0.46276757
172098,0.317374
172100,0.49875504
172101,0.61987484
172113,0.77138674
172144,0.25439376
172147,0.3087008
172149,0.4408182
172168,0.53478044
172169,0.3198759
172175,0.282443
172197,0.3273321
172200,0.7346875
172205,0.6926093
172207,0.4269069
172210,0.23178016
172261,0.56573385
172279,0.56980896
172294,0.3212274
172300,0.13214833
172301,0.6796299
172310,0.29806066
172351,0.12241388
172353,0.37313804
172358,0.04197193
172374,0.43024933
172380,0.586951
172384,0.2067608
172400,0.19125952
172403,0.6155421
172408,0.4669331
172411,0.12866995
172420,0.17109711
172426,0.85370475
172433,0.37687802
172434,0.47416756
172442,0.37504366
172443,0.69040436
172452,0.6306266
172454,0.3628926
172456,0.71732205
172460,0.6010937
172470,0.2588501
172479,0.5523057
172481,0.26377642
172483,0.21226102
172484,0.81339234
172485,0.31896904
172486,0.40148726
172493,0.2969641
172494,0.3620924
172497,0.6623097
172504,0.32036975
172518,0.6636981
172523,0.5223833
172527,0.4188205
172533,0.382675
172536,0.35205072
172540,0.396651
172541,0.2909726
172543,0.24126008
172545,0.5258268
172547,0.36152095
172551,0.23310019
172556,0.43966308
172562,0.37756833
172570,0.37709832
172574,0.37795967
172575,0.50053364
172599,0.06789532
172611,0.69214517
172612,0.17849134
172616,0.16507381
172623,0.49398288
172627,0.28890193
172635,0.711956
172643,0.20342991
172644,0.2768213
172652,0.417618
172656,0.2913909
172661,0.34796447
172664,0.26458266
172672,0.4048733
172678,0.286707
172680,0.3939629
172683,0.27315366
172684,0.68423903
172690,0.22582501
172695,0.43140578
172696,0.26072207
172701,0.22702199
172713,0.5478811
172714,0.2172981
172731,0.12641428
172738,0.09290109
172761,0.20167339
172767,0.38618377
172770,0.7664503
172771,0.09540421
172799,0.18906417
172800,0.24597505
172804,0.76836175
172805,0.26625577
172820,0.39099315
172829,0.7355637
172831,0.6479501
172833,0.32650366
172843,0.16357006
172853,0.26325795
172855,0.24617852
172856,0.6347309
172857,0.1663088
172863,0.18020101
172877,0.3311633
172881,0.42305973
172895,0.48830858
172896,0.2202605
172910,0.17416576
172922,0.19647028
172939,0.6793902
172942,0.65209615
172945,0.3117211
172948,0.24453714
172949,0.670564
172953,0.10768169
172967,0.7354993
172993,0.47633466
172995,0.36853847
172996,0.72446567
172997,0.37650654
172998,0.55015075
172999,0.5784572
173004,0.32729697
173006,0.7057007
173007,0.49653915
173013,0.537403
173016,0.59291965
173020,0.59438723
173030,0.641407
173048,0.34653383
173056,0.22133839
173066,0.3246237
173079,0.43040982
173107,0.5757575
173109,0.13654402
173127,0.23161986
173128,0.31607306
173130,0.5493255
173137,0.48032978
173157,0.18058293
173160,0.31558126
173168,0.221515
173193,0.13568002
173197,0.6556732
173215,0.108005226
173216,0.67720234
173227,0.14180729
173236,0.5154101
173237,0.3435717
173247,0.43837494
173250,0.84165883
173259,0.54189366
173277,0.62336624
173285,0.25261635
173286,0.3151075
173299,0.51246333
173310,0.82711715
173312,0.58664525
173313,0.45616093
173320,0.40462133
173330,0.75441474
173333,0.26012868
173351,0.31488204
173370,0.7462319
173372,0.33581126
173381,0.7303275
173386,0.15896167
173387,0.46703145
173388,0.56990427
173393,0.13051845
173394,0.6364287
173403,0.2395164
173467,0.4024786
173469,0.7186482
173475,0.4793737
173476,0.17397875
173477,0.06771833
173484,0.53636235
173485,0.23611419
173488,0.5105468
173491,0.39724705
173520,0.13225888
173522,0.75493693
173535,0.3438225
173539,0.5447299
173549,0.16514787
173552,0.33117172
173565,0.7475792
173586,0.24410109
173587,0.366768
173588,0.13964811
173595,0.23515536
173606,0.6010715
173620,0.5107996
173623,0.25361323
173629,0.3097934
173647,0.26666442
173649,0.15855414
173650,0.5384756
173652,0.32105476
173654,0.63899595
173665,0.33929655
173667,0.8607024
173685,0.49719402
173710,0.7300229
173711,0.47482264
173713,0.53903943
173718,0.49097314
173743,0.29713917
173744,0.5224876
173762,0.484482
173768,0.5290871
173769,0.8760554
173770,0.36213413
173773,0.60817957
173779,0.2711451
173780,0.26705664
173781,0.6788315
173783,0.5090652
173795,0.422506
173800,0.8062364
173812,0.08082921
173823,0.3333049
173834,0.5885214
173874,0.29796022
173891,0.3886756
173904,0.672957
173909,0.20007426
173925,0.18766525
173941,0.39861867
173942,0.21000297
173944,0.35136607
173955,0.32574397
173959,0.5115814
174000,0.45360497
174004,0.36568636
174006,0.22135416
174008,0.6663368
174012,0.29342172
174017,0.29623383
174020,0.2366093
174044,0.2355556
174051,0.2711198
174052,0.37094945
174059,0.42402008
174060,0.2750939
174061,0.3410913
174063,0.43321455
174068,0.3591455
174069,0.30469257
174072,0.45818707
174074,0.24951755
174091,0.2081212
174092,0.48273468
174098,0.6487378
174105,0.6569565
174107,0.21611615
174110,0.18989402
174121,0.16771547
174126,0.38133386
174153,0.19581679
174156,0.37894574
174160,0.23684001
174173,0.27897185
174183,0.12600335
174185,0.20096658
174188,0.7382443
174198,0.21473497
174206,0.33016995
174207,0.2528975
174211,0.5831575
174239,0.58822876
174260,0.7354187
174261,0.31391346
174262,0.6654771
174264,0.16673924
174271,0.7066745
174275,0.8460984
174277,0.5446835
174286,0.10611604
174301,0.13366881
174312,0.661379
174314,0.2116575
174322,0.5403868
174323,0.56233203
174325,0.64993846
174326,0.41433653
174327,0.46259302
174334,0.70856744
174360,0.14101467
174362,0.6608989
174367,0.2936675
174371,0.25643525
174372,0.45497456
174384,0.12145394
174390,0.37351292
174391,0.23827232
174396,0.13443054
174412,0.441146
174423,0.7088696
174428,0.52284354
174429,0.6713158
174438,0.4053733
174481,0.29272205
174483,0.43043244
174484,0.090368114
174485,0.7522523
174488,0.4299989
174497,0.29291427
174509,0.60095894
174513,0.5074819
174514,0.6786622
174520,0.3007
174526,0.5156656
174532,0.15787344
174536,0.4582946
174537,0.33777374
174538,0.73392665
174539,0.72938013
174540,0.20694785
174549,0.17923707
174551,0.47238228
174563,0.6806109
174574,0.7174259
174575,0.7108221
174586,0.11849374
174590,0.3677073
174606,0.5198724
174607,0.48162246
174609,0.30308688
174610,0.63922673
174630,0.54316473
174631,0.19160253
174661,0.4050542
174665,0.22951065
174666,0.31023425
174677,0.29708812
174690,0.49668515
174700,0.26917908
174702,0.359915
174703,0.21576738
174713,0.24418615
174721,0.4927389
174726,0.38499224
174729,0.6357242
174741,0.3290364
174742,0.6791491
174754,0.34012324
174757,0.27627146
174782,0.9129628
174795,0.6373803
174805,0.24091724
174806,0.27997506
174809,0.39743936
174810,0.28307202
174829,0.082963526
174830,0.70212406
174832,0.37518522
174836,0.68348646
174839,0.15300398
174843,0.23655325
174854,0.5708597
174861,0.46556175
174863,0.37119862
174867,0.2743307
174871,0.5211606
174887,0.3904068
174890,0.565648
174897,0.1989727
174901,0.60678136
174903,0.18067494
174912,0.22532906
174913,0.52918124
174920,0.6339503
174922,0.82438064
174924,0.47097477
174925,0.47146082
174928,0.37820405
174938,0.71827525
174939,0.18726432
174943,0.24701996
174950,0.16284464
174954,0.15659863
174955,0.31337446
174957,0.35181907
174965,0.25851944
174966,0.37062538
174967,0.47567594
174977,0.56532055
174983,0.31549492
174986,0.51201296
174987,0.49463594
175012,0.57725614
175015,0.45184627
175025,0.47996026
175027,0.73479825
175029,0.3124824
175056,0.8096993
175075,0.5719373
175081,0.5455491
175097,0.607523
175128,0.4482958
175129,0.2258812
175138,0.48791674
175169,0.570806
175183,0.5421236
175211,0.20221367
175212,0.452556
175215,0.2717278
175223,0.4434015
175225,0.12393443
175233,0.33012235
175250,0.18927982
175253,0.1689802
175257,0.19209954
175260,0.30108333
175261,0.30939403
175264,0.236439
175284,0.63216436
175288,0.1722301
175295,0.27119505
175309,0.33945808
175310,0.3609523
175313,0.65900224
175334,0.3161116
175337,0.2383886
175346,0.09618727
175347,0.47031254
175349,0.2795116
175350,0.45335045
175351,0.40901935
175367,0.77869457
175369,0.32620317
175371,0.6087215
175372,0.24261835
175392,0.7334883
175400,0.19585316
175402,0.23396528
175403,0.654592
175407,0.7140203
175408,0.1810864
175414,0.33565706
175431,0.16392805
175435,0.28923702
175442,0.21654695
175454,0.31028727
175456,0.226522
175457,0.39005128
175464,0.4759656
175465,0.5024507
175477,0.35295963
175488,0.33038244
175495,0.39801553
175499,0.5434155
175500,0.48597202
175515,0.5194811
175519,0.24758717
175520,0.26710343
175531,0.21729921
175534,0.17303981
175543,0.63022476
175566,0.17833762
175568,0.3032874
175573,0.47687164
175574,0.53806615
175576,0.3988867
175591,0.32903907
175593,0.33000913
175605,0.8500693
175609,0.34202012
175617,0.0749715
175624,0.7808459
175629,0.31340262
175633,0.12051708
175645,0.61278933
175649,0.12002656
175650,0.21479632
175653,0.30762535
175659,0.12496539
175660,0.08468908
175661,0.37749216
175664,0.270854
175665,0.26033136
175677,0.38936216
175682,0.64183766
175684,0.63489515
175687,0.41630933
175690,0.55812794
175706,0.16694026
175722,0.3471779
175724,0.24305388
175730,0.6649396
175731,0.086396225
175737,0.2731818
175743,0.6995203
175745,0.54544383
175758,0.6864173
175768,0.26043445
175769,0.47031954
175773,0.15203092
175775,0.45136628
175794,0.30177343
175798,0.5348285
175809,0.7346023
175818,0.3705711
175830,0.08467764
175835,0.10010164
175840,0.62001854
175864,0.33888894
175875,0.37175283
175890,0.19519584
175892,0.28671265
175914,0.35338786
175930,0.7755872
175935,0.3328335
175955,0.19641025
175958,0.36736667
175959,0.34457183
175960,0.50473535
175964,0.12897883
175968,0.14132485
175986,0.7168245
175987,0.6335632
175997,0.22094518
175998,0.69049543
176003,0.42205703
176004,0.6460634
176021,0.3041043
176034,0.50172275
176035,0.61394346
176043,0.61420476
176045,0.5085265
176051,0.35993847
176052,0.19351213
176059,0.1728984
176067,0.39443687
176073,0.6191685
176076,0.24877253
176077,0.0864858
176085,0.20036675
176088,0.5736653
176095,0.42939934
176118,0.705508
176129,0.5156179
176177,0.3823854
176183,0.27113822
176206,0.6026272
176218,0.2952544
176240,0.2833935
176253,0.13374235
176260,0.6663573
176275,0.37001452
176285,0.3529253
176288,0.45135784
176289,0.6147377
176290,0.38494053
176297,0.29996285
176300,0.6923881
176301,0.44836769
176319,0.22705522
176322,0.3285902
176337,0.108330995
176346,0.4982748
176347,0.72685
176352,0.67568576
176358,0.18955503
176359,0.66943526
176365,0.3593573
176371,0.33272535
176403,0.5269278
176419,0.25695473
176428,0.24794027
176429,0.81285846
176430,0.32745966
176432,0.3820082
176437,0.63227034
176440,0.32362545
176441,0.7067266
176450,0.41501915
176454,0.46060786
176459,0.4473681
176460,0.53332734
176467,0.32455212
176472,0.8448384
176482,0.4559485
176483,0.9024223
176486,0.26904002
176487,0.30615142
176494,0.27750823
176497,0.258233
176500,0.39226305
176509,0.6298054
176511,0.36539805
176512,0.28798726
176522,0.43297428
176525,0.36320686
176526,0.71823364
176537,0.35168576
176538,0.5583817
176572,0.34142727
176573,0.4075167
176574,0.6579276
176579,0.27093208
176580,0.45626816
176592,0.8053156
176601,0.1920885
176603,0.47199708
176605,0.5646847
176606,0.34584332
176615,0.3633547
176620,0.3658133
176634,0.5352091
176635,0.17669405
176638,0.28279483
176639,0.43599316
176641,0.6260667
176661,0.41833428
176668,0.5925804
176669,0.61498374
176683,0.6429414
176688,0.289765
176700,0.5769929
176702,0.30130735
176705,0.45658013
176709,0.2789465
176710,0.6285218
176720,0.45076883
176726,0.08911569
176731,0.3421252
176732,0.44845447
176733,0.17183661
176734,0.43809047
176736,0.5325116
176741,0.18461011
176756,0.18584475
176785,0.20987031
176790,0.22642928
176793,0.23906597
176820,0.5557818
176827,0.2822977
176828,0.11802302
176839,0.52631855
176848,0.24557608
176850,0.49833047
176853,0.22727093
176866,0.12874803
176867,0.35177106
176875,0.31940308
176883,0.7334899
176888,0.52743936
176890,0.71753055
176898,0.672964
176917,0.44555244
176925,0.49794933
176929,0.250493
176934,0.6388668
176938,0.681354
176953,0.40582585
176957,0.58440286
176970,0.26082352
176997,0.4075085
177029,0.48648405
177030,0.19403265
177031,0.4042156
177032,0.41396827
177047,0.47698775
177048,0.18299605
177051,0.44603336
177055,0.40104628
177060,0.29528016
177064,0.72503626
177065,0.13838992
177069,0.5881162
177076,0.432488
177085,0.14185041
177087,0.42588148
177105,0.381326
177126,0.3292942
177133,0.36115977
177141,0.23969626
177146,0.54446083
177156,0.6554886
177179,0.29701144
177187,0.86078316
177192,0.77681667
177203,0.38690257
177228,0.6599861
177229,0.5420645
177249,0.37620443
177250,0.7319135
177253,0.3145102
177260,0.43919092
177262,0.3839643
177270,0.41198403
177275,0.55043817
177284,0.48988754
177285,0.6766393
177314,0.6997953
177319,0.5871864
177325,0.1563903
177327,0.4354874
177339,0.6387977
177344,0.74682707
177378,0.44391018
177384,0.5783555
177385,0.1980942
177386,0.2143171
177387,0.3904485
177405,0.44743943
177423,0.47352585
177424,0.0744922
177425,0.261058
177430,0.6363479
177435,0.37695286
177447,0.41450313
177448,0.347292
177449,0.2882102
177451,0.35682794
177460,0.7061825
177479,0.18334967
177489,0.31716272
177504,0.19966352
177505,0.49441564
177511,0.6121756
177524,0.4199407
177526,0.2968279
177535,0.2008115
177558,0.374885
177562,0.61002505
177569,0.41382754
177579,0.18868752
177580,0.46181953
177583,0.16686396
177584,0.5974315
177585,0.53694284
177605,0.6604157
177606,0.20811744
177618,0.41364107
177639,0.8303819
177649,0.1576829
177656,0.22745387
177657,0.19536114
177661,0.58065885
177665,0.2399355
177669,0.2960534
177680,0.4186413
177688,0.8487217
177689,0.35357028
177694,0.24827293
177696,0.5604635
177700,0.4793339
177705,0.44617757
177710,0.36953875
177720,0.22282313
177728,0.4665091
177729,0.5673738
177731,0.33593252
177733,0.5267492
177749,0.36514914
177751,0.41439545
177767,0.44787246
177776,0.40994316
177780,0.7539605
177783,0.18297927
177785,0.58880025
177791,0.2661454
177797,0.26501724
177798,0.25028208
177799,0.07463575
177802,0.21253103
177803,0.36381572
177805,0.05680396
177820,0.16973954
177824,0.46693745
177825,0.3901699
177829,0.24826612
177839,0.4690612
177861,0.24148574
177865,0.39338943
177867,0.10081228
177875,0.61554205
177876,0.7816207
177878,0.49499342
177883,0.3476337
177886,0.11621429
177891,0.6039823
177892,0.45467538
177902,0.31554928
177904,0.6095045
177931,0.42444363
177939,0.23921648
177944,0.7204235
177946,0.41128924
177959,0.50554836
177977,0.44590104
177992,0.4404038
177993,0.6873067
178005,0.40811127
178008,0.27605453
178009,0.30662054
178012,0.7472417
178015,0.13902813
178018,0.27024513
178037,0.49135253
178050,0.08921837
178058,0.66082567
178060,0.18090746
178064,0.8831372
178074,0.28584966
178077,0.50863767
178094,0.31198713
178095,0.70180666
178096,0.44404507
178107,0.37265125
178117,0.33843917
178146,0.27575025
178154,0.25875148
178160,0.3892832
178164,0.35441938
178172,0.15920627
178174,0.790087
178182,0.6813769
178184,0.62150896
178196,0.3665603
178223,0.6684408
178225,0.6136525
178226,0.46068907
178240,0.5848602
178242,0.33714378
178250,0.535678
178268,0.43508583
178282,0.43014202
178285,0.6488997
178288,0.33874717
178290,0.07590489
178295,0.13856818
178312,0.18523934
178317,0.25595108
178342,0.7313499
178343,0.345109
178344,0.43171334
178346,0.3094436
178353,0.7223607
178356,0.86246127
178358,0.34524003
178359,0.45640814
178362,0.80023676
178380,0.19558743
178387,0.40974322
178391,0.72463346
178395,0.68732977
178408,0.5770158
178415,0.12491205
178421,0.09032682
178424,0.73685694
178428,0.41655847
178432,0.21833532
178433,0.3644524
178436,0.4098246
178442,0.30440184
178453,0.24232206
178459,0.39945596
178467,0.4115803
178472,0.5657475
178491,0.19835563
178499,0.35157037
178504,0.5499406
178506,0.63559854
178509,0.37273476
178517,0.26482925
178525,0.41911352
178530,0.4936178
178531,0.6183235
178537,0.33232254
178553,0.60850954
178557,0.28132778
178565,0.45656145
178566,0.38391742
178579,0.2151446
178586,0.5070321
178589,0.36391723
178592,0.4749895
178610,0.13138507
178620,0.38396978
178621,0.1585971
178622,0.6210337
178643,0.22613615
178665,0.37318552
178671,0.26044762
178675,0.2022203
178692,0.38922325
178722,0.27032924
178723,0.3562138
178726,0.46055827
178731,0.75875866
178737,0.36330524
178739,0.48228633
178745,0.124446854
178766,0.31274083
178771,0.51529497
178775,0.32482868
178785,0.4285253
178789,0.5571499
178790,0.46452934
178792,0.5208243
178804,0.17785303
178817,0.21256857
178821,0.34585726
178825,0.4154247
178830,0.44139454
178831,0.7263141
178832,0.44087195
178847,0.36912653
178853,0.43892416
178856,0.5880032
178867,0.39599824
178868,0.38879684
178881,0.34780714
178887,0.36417955
178888,0.7585634
178908,0.32363033
178909,0.4735983
178942,0.6940451
178943,0.8466698
178946,0.26765543
178947,0.7620137
178950,0.66109276
178958,0.4389994
178976,0.18802872
178986,0.23171665
178989,0.11561096
178995,0.72306263
178996,0.41129193
179006,0.50249183
179025,0.2798724
179034,0.35155246
179038,0.7587192
179043,0.22759384
179050,0.25880238
179051,0.47682756
179076,0.72981536
179077,0.31528997
179091,0.34801662
179092,0.47053814
179111,0.5541494
179128,0.4845346
179132,0.6417908
179137,0.3090796
179138,0.5061234
179146,0.6415677
179148,0.59755564
179149,0.40178806
179150,0.2494808
179155,0.31882638
179164,0.32500765
179177,0.1241424
179178,0.3933558
179182,0.6134601
179184,0.18235083
179186,0.56032825
179191,0.6478815
179194,0.60435534
179201,0.44294766
179210,0.13944468
179211,0.45646447
179212,0.5605304
179216,0.7285602
179229,0.25429174
179235,0.30178335
179236,0.5335337
179241,0.30622533
179244,0.23530759
179249,0.4871435
179256,0.8193354
179260,0.3784727
179262,0.7058978
179264,0.4760006
179268,0.36913487
179272,0.31948602
179280,0.2522651
179287,0.20322233
179288,0.21789661
179290,0.19102992
179295,0.25469312
179298,0.5209211
179306,0.31426108
179307,0.30075586
179310,0.77738184
179314,0.20331804
179317,0.503412
179319,0.53055644
179327,0.21526393
179336,0.4692054
179342,0.13119046
179344,0.8295991
179347,0.19799362
179357,0.30621427
179368,0.56173116
179413,0.28656062
179425,0.3099065
179435,0.36028767
179447,0.2938269
179449,0.2005689
179458,0.18670775
179460,0.28695303
179475,0.6034488
179486,0.48619565
179493,0.18064958
179499,0.18496698
179501,0.23472002
179508,0.47287112
179511,0.3170345
179513,0.33790872
179519,0.45661974
179537,0.24289645
179550,0.21742229
179559,0.3839738
179560,0.28955755
179578,0.52601016
179583,0.19483922
179590,0.19209558
179597,0.063322976
179599,0.28124705
179602,0.7120788
179609,0.17170238
179621,0.66379166
179624,0.5586136
179625,0.15359044
179630,0.29988
179640,0.37948912
179641,0.12937973
179644,0.14769244
179649,0.2574237
179650,0.56467575
179652,0.45488065
179653,0.44916755
179660,0.5832512
179662,0.3862004
179673,0.56941617
179678,0.32198048
179679,0.4895022
179686,0.19031458
179721,0.16204312
179733,0.48889974
179736,0.51054025
179737,0.14526047
179748,0.651853
179750,0.80982846
179751,0.3345511
179752,0.7212389
179753,0.4533727
179765,0.18890114
179768,0.47940508
179798,0.1823551
179827,0.31081244
179837,0.17275053
179838,0.38924816
179851,0.57685775
179868,0.57587045
179875,0.45975786
179876,0.23648715
179882,0.3787186
179883,0.28080723
179894,0.21060319
179905,0.587797
179907,0.561053
179919,0.23427625
179926,0.17787834
179936,0.30219573
179941,0.4496835
179945,0.59865
179951,0.34533098
179960,0.26169765
179967,0.2327022
179980,0.7489882
179985,0.8099019
179997,0.4373711
180001,0.5936841
180007,0.18841654
180011,0.63087654
180017,0.365358
180027,0.28686792
180033,0.5666873
180036,0.893988
180037,0.37575868
180041,0.7872168
180042,0.8208172
180050,0.8017953
180059,0.13891317
180066,0.40434527
180067,0.5391594
180085,0.31305546
180092,0.28429544
180099,0.343651
180101,0.6656664
180115,0.49479616
180122,0.59946305
180126,0.29849505
180127,0.26356193
180140,0.5084244
180141,0.12398978
180158,0.27783895
180163,0.74117005
180178,0.19078653
180189,0.19999713
180198,0.39827135
180201,0.7511346
180202,0.5017824
180209,0.6129774
180239,0.46130168
180244,0.31594896
180270,0.09809008
180271,0.3286307
180286,0.2396941
180287,0.23788491
180291,0.27362767
180293,0.28044325
180296,0.48358467
180297,0.43964556
180305,0.29602545
180318,0.37209362
180319,0.46603253
180322,0.21192199
180323,0.35752925
180331,0.4065904
180365,0.1553785
180368,0.63718677
180369,0.40388426
180382,0.3724091
180387,0.21121253
180388,0.8496714
180389,0.3712412
180398,0.23569371
180399,0.10583299
180402,0.63823897
180406,0.47749433
180407,0.33282375
180408,0.4782225
180413,0.32462528
180416,0.2636362
180420,0.27103153
180429,0.81350696
180430,0.89411575
180431,0.29912356
180438,0.1336262
180441,0.23972422
180448,0.58321
180453,0.13019556
180478,0.8088679
180480,0.50101364
180510,0.24590084
180524,0.5777267
180534,0.16135299
180537,0.87660736
180545,0.18530518
180550,0.52291566
180559,0.077404514
180583,0.38128814
180587,0.082308084
180594,0.20051324
180597,0.5489259
180598,0.6671965
180599,0.47985807
180601,0.6926482
180624,0.8071955
180625,0.87860215
180634,0.26347798
180647,0.208905
180652,0.3307792
180656,0.6947883
180664,0.37895182
180666,0.62642974
180674,0.22395778
180679,0.38932353
180685,0.4323177
180692,0.5552157
180698,0.46496332
180699,0.23434013
180700,0.19647294
180702,0.37610018
180710,0.3625078
180736,0.1576226
180739,0.47149125
180741,0.46289575
180743,0.8218358
180747,0.20462383
180754,0.5855956
180755,0.21510012
180756,0.14753442
180768,0.37495106
180773,0.27531686
180775,0.3772395
180784,0.5537726
180787,0.25060052
180795,0.30835667
180796,0.5093265
180799,0.15239806
180811,0.54922473
180813,0.46387646
180827,0.21832184
180828,0.25150862
180833,0.640383
180834,0.36509207
180847,0.3379513
180852,0.6785374
180853,0.50302744
180854,0.37908477
180855,0.58808964
180856,0.3854118
180858,0.163115
180859,0.72185016
180867,0.25486153
180868,0.3330328
180872,0.33795416
180873,0.5313118
180874,0.7716431
180875,0.50630116
180878,0.182534
180888,0.39575166
180889,0.2331866
180891,0.10346582
180902,0.24075063
180907,0.68828106
180913,0.2306936
180916,0.24437854
180954,0.41213235
180962,0.28128302
180963,0.19130719
180967,0.6661849
180971,0.762922
180975,0.32810304
180985,0.40055004
180991,0.29135442
181009,0.19524348
181012,0.15622096
181015,0.5694133
181034,0.5315488
181064,0.5935275
181071,0.43435308
181083,0.4949679
181084,0.12543173
181085,0.27003643
181088,0.56831783
181098,0.70018715
181110,0.7528469
181111,0.43066472
181112,0.091981135
181114,0.5806153
181117,0.79219776
181157,0.2798903
181160,0.6666692
181161,0.5457981
181165,0.47313705
181179,0.8422539
181186,0.4679469
181196,0.49795774
181197,0.7712263
181204,0.4768412
181213,0.19819728
181214,0.88511366
181221,0.5039912
181224,0.32146308
181226,0.45514488
181236,0.59865415
181256,0.79486173
181257,0.16974717
181279,0.35733068
181282,0.30207446
181285,0.3734547
181288,0.16577396
181289,0.47462127
181290,0.16415948
181298,0.14604793
181299,0.38773915
181307,0.2887475
181312,0.62294114
181318,0.45010176
181322,0.49657407
181338,0.40970448
181340,0.26463893
181342,0.12031021
181344,0.43141893
181350,0.38235405
181373,0.507153
181374,0.5958289
181375,0.17998406
181379,0.70749575
181381,0.27575207
181385,0.6620054
181388,0.24827752
181392,0.3541533
181393,0.6249643
181425,0.08501841
181465,0.3312806
181481,0.47159955
181484,0.40720567
181494,0.23369059
181501,0.27017134
181507,0.40925324
181521,0.44230753
181524,0.24882792
181538,0.7402727
181540,0.33146608
181547,0.70115036
181551,0.19928628
181555,0.5282425
181561,0.4102713
181564,0.4330587
181567,0.6444932
181599,0.2947722
181602,0.68129003
181612,0.50849426
181613,0.4221973
181615,0.5594698
181621,0.24161305
181622,0.44771612
181629,0.3693168
181630,0.2027129
181633,0.36937058
181635,0.4506711
181641,0.23140334
181643,0.75808585
181644,0.6370964
181649,0.28721163
181659,0.29033512
181660,0.22055262
181665,0.67179894
181666,0.44857064
181672,0.34945187
181682,0.6879492
181693,0.6192134
181697,0.5528031
181703,0.18992208
181704,0.3351477
181720,0.38260338
181722,0.4663433
181732,0.5557524
181733,0.32079998
181736,0.15943417
181737,0.21545091
181747,0.31624863
181758,0.78530914
181764,0.21726593
181770,0.62752616
181774,0.5570522
181783,0.6931763
181788,0.22732998
181789,0.3747575
181804,0.31662333
181809,0.34352368
181821,0.5598905
181836,0.22080456
181863,0.27924612
181867,0.31287283
181868,0.65792894
181871,0.33824128
181904,0.7944786
181931,0.24098448
181932,0.34778893
181941,0.34738687
181944,0.6804293
181958,0.5132677
181971,0.23952894
181986,0.2160218
182002,0.26157874
182007,0.21663213
182012,0.2534712
182022,0.18403965
182031,0.48494458
182050,0.5311455
182053,0.5639188
182071,0.52202964
182072,0.5546996
182073,0.3143318
182102,0.2263797
182106,0.36723644
182116,0.19824558
182117,0.52902204
182118,0.09508276
182124,0.57194424
182125,0.48270658
182145,0.34576687
182150,0.5571726
182154,0.29235816
182167,0.25251445
182179,0.68186647
182181,0.24827296
182183,0.2827312
182218,0.2657481
182225,0.11119908
182226,0.56308776
182266,0.73124707
182272,0.43213922
182275,0.6068206
182295,0.6048748
182305,0.121319994
182312,0.4864071
182313,0.2262875
182327,0.15372615
182337,0.30128786
182340,0.10967772
182341,0.35066536
182342,0.3995337
182345,0.4097274
182353,0.19067886
182355,0.20545126
182371,0.19502215
182376,0.2015254
182381,0.19966352
182382,0.17848013
182384,0.28460938
182387,0.66848963
182412,0.3300233
182419,0.6344779
182432,0.44761506
182438,0.44065818
182448,0.88615566
182450,0.639554
182465,0.21218982
182468,0.14607328
182474,0.302658
182483,0.42183843
182484,0.5953888
182485,0.19999573
182486,0.3773501
182489,0.75621116
182500,0.34413803
182501,0.2888699
182504,0.7353448
182514,0.3208105
182524,0.29874086
182525,0.59567505
182533,0.1284235
182536,0.37374017
182539,0.3686059
182550,0.17248668
182553,0.42377666
182568,0.3594946
182571,0.17604584
182573,0.34898463
182580,0.43625665
182615,0.4621882
182618,0.254125
182624,0.21786283
182644,0.2386622
182686,0.785611
182687,0.42161915
182695,0.77140856
182718,0.55353725
182726,0.4839206
182735,0.3878494
182742,0.40100518
182747,0.3121332
182748,0.2642513
182752,0.3822022
182761,0.69900787
182800,0.19589697
182802,0.54641145
182807,0.63462186
182816,0.49136454
182818,0.3757898
182826,0.43991643
182836,0.14619084
182840,0.7307452
182841,0.57188934
182846,0.36361712
182862,0.4655433
182864,0.44284177
182871,0.6699809
182878,0.40625963
182880,0.61779654
182885,0.23385487
182893,0.24291134
182894,0.63541764
182895,0.38855127
182901,0.60929924
182907,0.6294519
182921,0.44647643
182952,0.2922804
182964,0.73896617
182966,0.71905786
182980,0.12537979
182985,0.6955375
182989,0.6665813
182994,0.49581203
183035,0.85875946
183037,0.7817155
183042,0.19266468
183049,0.33798093
183050,0.14314318
183051,0.21566856
183062,0.17150654
183063,0.18727393
183064,0.14983015
183076,0.26355124
183078,0.7075095
183086,0.23542236
183089,0.50052136
183091,0.45320955
183097,0.26508215
183104,0.13906369
183118,0.74852926
183119,0.6351829
183134,0.45717934
183142,0.68242425
183157,0.3884375
183162,0.34756225
183180,0.16571227
183193,0.5031717
183213,0.369985
183216,0.7932021
183223,0.23760946
183226,0.50312674
183264,0.25733322
183273,0.6154374
183278,0.083000064
183282,0.24786654
183283,0.59800047
183286,0.26641384
183288,0.48238558
183299,0.48128638
183310,0.18372034
183315,0.49109283
183332,0.20940317
183336,0.25241673
183341,0.2580019
183342,0.25979045
183345,0.16119064
183347,0.46532556
183360,0.34183857
183362,0.24232194
183370,0.2835191
183379,0.17272972
183386,0.538086
183410,0.51094383
183417,0.38310158
183419,0.19856714
183421,0.3758532
183425,0.8263803
183427,0.5609025
183433,0.64656734
183434,0.6374764
183438,0.22411083
183439,0.3355849
183440,0.7113015
183450,0.47757506
183451,0.76121664
183453,0.12359845
183454,0.23510136
183455,0.5678658
183457,0.13465914
183463,0.72437644
183475,0.18171164
183478,0.5991936
183480,0.32481605
183490,0.17543542
183494,0.6236957
183503,0.45170572
183512,0.6430182
183517,0.621354
183530,0.5507139
183532,0.22489746
183533,0.18743992
183536,0.1483502
183545,0.23404858
183549,0.2876378
183550,0.35529605
183551,0.6045262
183555,0.48689297
183560,0.29375643
183585,0.26122543
183591,0.27605355
183592,0.13222727
183603,0.8040087
183610,0.3510589
183628,0.688668
183644,0.33401525
183646,0.703006
183649,0.22360362
183656,0.5126607
183658,0.88732153
183688,0.21221437
183690,0.29786214
183691,0.47869554
183697,0.68307513
183709,0.31922626
183711,0.50486964
183714,0.7539745
183725,0.38446
183736,0.437133
183742,0.094096094
183772,0.46811867
183776,0.6031389
183787,0.36215264
183792,0.67404723
183793,0.70240384
183799,0.7926722
183816,0.4168006
183818,0.7923809
183832,0.28840446
183836,0.16010787
183839,0.24778768
183840,0.31211442
183855,0.29018617
183857,0.5489958
183863,0.46659327
183866,0.3897144
183876,0.48148218
183878,0.7284422
183897,0.17964765
183902,0.39112595
183915,0.24618846
183925,0.81869805
183936,0.30560827
183939,0.40675107
183951,0.15755126
183956,0.39846316
183957,0.23481113
183974,0.28411245
183982,0.40221027
183994,0.3099705
184008,0.34890205
184013,0.6510759
184016,0.3152255
184019,0.28808835
184024,0.27541652
184025,0.37639388
184038,0.1514798
184045,0.29495794
184056,0.2957201
184060,0.47903195
184071,0.3103906
184073,0.40713042
184074,0.14780775
184077,0.25246322
184105,0.5320942
184106,0.48719198
184133,0.4611393
184154,0.79294664
184163,0.1487847
184165,0.6359323
184193,0.610499
184194,0.41757926
184195,0.13952556
184202,0.61602736
184226,0.8569802
184230,0.40280092
184231,0.6068109
184234,0.52534884
184238,0.10264317
184248,0.2835695
184257,0.22698249
184268,0.33978367
184282,0.22266108
184291,0.35578495
184294,0.264388
184295,0.8808706
184304,0.36691815
184309,0.21767709
184318,0.49031556
184325,0.46095183
184329,0.16394915
184330,0.1669584
184333,0.6955286
184337,0.09653686
184338,0.57408714
184340,0.13385081
184341,0.44426122
184347,0.46597776
184354,0.23977455
184355,0.347097
184372,0.27529392
184384,0.43457744
184385,0.23226862
184386,0.14184472
184389,0.6348048
184401,0.22370605
184405,0.39446
184431,0.6104108
184450,0.1663538
184453,0.8173982
184470,0.2621136
184471,0.27325255
184486,0.44480836
184488,0.2981188
184489,0.29972854
184497,0.291543
184508,0.3548113
184509,0.3170311
184516,0.40220734
184525,0.42689675
184526,0.2880205
184531,0.3485681
184557,0.40198198
184576,0.2867174
184589,0.17282557
184605,0.09489479
184613,0.6592123
184630,0.24123393
184635,0.32849157
184636,0.16843337
184643,0.18803623
184645,0.4819324
184653,0.45880955
184655,0.51575327
184656,0.4982709
184660,0.4357539
184716,0.50696576
184736,0.19291691
184758,0.52436227
184767,0.5794363
184770,0.6034185
184773,0.215333
184776,0.6597636
184792,0.5174066
184812,0.250103
184820,0.506306
184829,0.1495932
184831,0.4836844
184832,0.43201908
184834,0.2807117
184847,0.42136472
184848,0.29016575
184858,0.11952207
184866,0.2407684
184869,0.44104764
184870,0.46679848
184873,0.14731926
184874,0.21462461
184876,0.5247358
184879,0.63366574
184880,0.26199275
184885,0.29787886
184896,0.33694986
184916,0.7597902
184918,0.3499266
184919,0.46360496
184921,0.5538432
184936,0.33356395
184944,0.71041
184956,0.5002247
184963,0.5200418
184964,0.14010003
184965,0.5931032
184972,0.5547001
184977,0.4422399
184982,0.33923206
184988,0.8427855
184992,0.45984146
184994,0.12938717
184998,0.80731404
185017,0.19970994
185024,0.23226748
185032,0.4373577
185037,0.39582703
185040,0.17913075
185043,0.50101334
185048,0.3206911
185059,0.31719074
185076,0.5837665
185083,0.2404854
185090,0.49189627
185099,0.20285474
185101,0.22114111
185106,0.36783847
185121,0.6972617
185125,0.7641143
185126,0.7477305
185127,0.56370956
185153,0.41703337
185167,0.54407746
185171,0.56812966
185178,0.44893166
185180,0.4727584
185181,0.16781035
185183,0.5927283
185186,0.6857418
185187,0.61516863
185188,0.21477003
185189,0.24439345
185194,0.6566513
185207,0.5144798
185209,0.37413406
185210,0.3985648
185212,0.14226812
185220,0.5154401
185221,0.49982595
185230,0.54232615
185231,0.5831278
185245,0.30690193
185249,0.55987364
185262,0.24374141
185285,0.81093144
185286,0.59665024
185288,0.25826526
185296,0.26965418
185298,0.8329855
185299,0.15325044
185308,0.27176863
185311,0.2620051
185313,0.36586013
185314,0.6101998
185332,0.6588576
185337,0.28607655
185338,0.26837537
185339,0.5131662
185341,0.52004546
185342,0.37291956
185344,0.46163318
185349,0.53521985
185362,0.24386983
185363,0.53025216
185394,0.19353539
185410,0.41098264
185418,0.39396793
185423,0.5892811
185428,0.4815776
185442,0.5392574
185447,0.3744495
185450,0.27962255
185454,0.14214423
185475,0.76641655
185481,0.42436078
185483,0.22526772
185485,0.6180931
185496,0.25716648
185504,0.22438054
185505,0.06430563
185512,0.37333953
185515,0.1921659
185534,0.35886994
185536,0.42321372
185538,0.21248083
185552,0.17942306
185569,0.57078713
185576,0.25602284
185578,0.5848573
185581,0.58382225
185584,0.3316564
185585,0.33595288
185586,0.6105869
185592,0.56657904
185604,0.09280277
185606,0.1560814
185607,0.5645927
185618,0.520671
185622,0.45154214
185628,0.71743876
185629,0.29432088
185634,0.36840692
185637,0.6427058
185638,0.12555794
185640,0.72793627
185641,0.17998049
185645,0.21596974
185646,0.6655041
185647,0.19445556
185662,0.48513204
185669,0.6119374
185675,0.1276156
185687,0.36154908
185688,0.4058962
185689,0.39297065
185690,0.38690272
185697,0.45023763
185710,0.5480917
185733,0.15143804
185740,0.5738037
185806,0.32403472
185812,0.6779915
185824,0.34341007
185825,0.3617447
185826,0.4177686
185827,0.7821476
185828,0.20506296
185837,0.30715847
185859,0.49234825
185861,0.24439073
185872,0.20388097
185874,0.37122253
185891,0.66382617
185893,0.35685986
185897,0.4023473
185900,0.17463352
185910,0.40788776
185919,0.11314138
185932,0.23261338
185937,0.4207356
185939,0.19337018
185965,0.24489729
185968,0.46473068
185971,0.2128775
185978,0.6481122
185980,0.29124188
185981,0.32338995
185982,0.22070104
185991,0.26034847
185997,0.21605311
185998,0.37346148
186014,0.18452834
186021,0.30679125
186025,0.53729314
186034,0.458564
186054,0.3998412
186061,0.43925944
186065,0.5156247
186066,0.56660575
186070,0.36145496
186080,0.3080337
186085,0.32810882
186094,0.7186416
186110,0.67950964
186113,0.15130533
186116,0.3812034
186127,0.049462967
186129,0.6127716
186135,0.27196968
186139,0.8600599
186151,0.38111895
186153,0.4481702
186156,0.10543455
186158,0.27739865
186159,0.20837641
186166,0.63982296
186168,0.34172285
186169,0.31012672
186170,0.26750463
186179,0.1663522
186188,0.27677923
186210,0.14355992
186227,0.21787506
186229,0.5069193
186230,0.5906796
186249,0.22218804
186254,0.28820586
186264,0.20893525
186265,0.5080688
186273,0.119245365
186276,0.38046142
186289,0.3893651
186296,0.66485214
186308,0.18728788
186309,0.284824
186310,0.23918603
186316,0.364323
186321,0.21200065
186333,0.32164317
186346,0.45107892
186391,0.41242978
186398,0.6912687
186407,0.3142357
186411,0.410431
186415,0.2550177
186426,0.6760039
186444,0.17091879
186448,0.8129174
186453,0.65072286
186456,0.08607661
186460,0.22876446
186461,0.40070352
186473,0.32461092
186489,0.7600077
186490,0.64142174
186491,0.3428062
186492,0.15880969
186493,0.36194888
186503,0.4314944
186505,0.60568833
186506,0.18077515
186508,0.19163775
186524,0.6702514
186526,0.28745812
186536,0.1761573
186539,0.45763227
186543,0.28385657
186558,0.67810434
186568,0.5927247
186573,0.6102749
186587,0.47529066
186599,0.29647332
186609,0.7805391
186610,0.20602407
186612,0.34340662
186632,0.71281785
186634,0.3257971
186649,0.38264087
186652,0.5334701
186660,0.48622417
186668,0.68148595
186674,0.61245155
186675,0.36847454
186679,0.37572882
186682,0.4073387
186683,0.22280203
186695,0.81964874
186696,0.1663267
186704,0.49596927
186709,0.72102535
186714,0.5113521
186723,0.12631129
186726,0.8607258
186728,0.56860685
186729,0.31531605
186731,0.5729035
186737,0.41387308
186742,0.18371487
186743,0.11181442
186745,0.6770638
186747,0.18201299
186750,0.39470452
186769,0.29120645
186771,0.81114364
186787,0.43188316
186796,0.6051581
186802,0.81216556
186811,0.32287818
186812,0.29658478
186815,0.42341492
186840,0.37291208
186842,0.80293506
186853,0.7254554
186859,0.4039479
186878,0.32533553
186885,0.30998498
186890,0.27081108
186906,0.788967
186916,0.28312325
186927,0.25058472
186928,0.45191574
186931,0.43508074
186934,0.3016014
186938,0.71945786
186943,0.7200338
186944,0.49966383
186945,0.60626924
186947,0.3273935
186952,0.45070365
186953,0.22065955
186960,0.6080102
186962,0.30775446
186991,0.37665972
187001,0.8750961
187017,0.24593695
187019,0.53863937
187024,0.28005522
187035,0.11004822
187037,0.45589975
187056,0.1531292
187057,0.14811541
187058,0.6966907
187065,0.5927419
187066,0.6278541
187069,0.14372203
187070,0.3125582
187074,0.21917231
187085,0.19744843
187087,0.28050962
187100,0.43198127
187117,0.6042246
187158,0.61360466
187159,0.20203803
187162,0.35540515
187164,0.34343857
187167,0.4102006
187168,0.20165402
187171,0.26315993
187184,0.61714196
187194,0.60185105
187208,0.5185593
187211,0.64649016
187220,0.27210176
187224,0.4475983
187242,0.55608654
187259,0.25898293
187260,0.37995398
187267,0.73953205
187280,0.7376044
187287,0.12654305
187291,0.34014928
187296,0.19505797
187301,0.40299016
187315,0.73562086
187319,0.2897356
187326,0.62212485
187328,0.5963995
187329,0.4151633
187330,0.4075421
187335,0.3584312
187339,0.23972014
187340,0.5378873
187353,0.45500714
187356,0.23646462
187367,0.6836531
187383,0.34707993
187388,0.3389437
187401,0.29638568
187415,0.4462846
187422,0.14571695
187439,0.6625833
187440,0.637321
187442,0.8529068
187447,0.10698203
187448,0.3310307
187451,0.33353168
187468,0.25493613
187475,0.46524164
187477,0.58349216
187480,0.3552297
187498,0.5911394
187499,0.20128483
187516,0.070066854
187524,0.1550836
187534,0.27987668
187552,0.25392154
187577,0.40562525
187584,0.23663095
187585,0.29723653
187603,0.33384132
187608,0.21072476
187625,0.16127601
187637,0.3148784
187639,0.6230624
187641,0.33317533
187652,0.494953
187684,0.2861506
187689,0.4350778
187698,0.53938794
187708,0.26067635
187716,0.24048138
187717,0.31551197
187719,0.21560013
187720,0.7405442
187743,0.552098
187749,0.5888326
187762,0.5066305
187763,0.41274452
187772,0.5820628
187786,0.20628229
187787,0.3307054
187809,0.5712806
187826,0.5486097
187828,0.22871736
187829,0.29691422
187833,0.214343
187847,0.43593735
187852,0.283916
187862,0.38293526
187867,0.46964857
187868,0.3688796
187870,0.5303623
187871,0.24147105
187879,0.810971
187894,0.44960973
187895,0.3203107
187899,0.16136329
187903,0.6960697
187915,0.17386095
187919,0.5705997
187941,0.23097822
187942,0.45895857
187944,0.38196534
187947,0.6023959
187949,0.774376
187950,0.19490169
187952,0.6397719
187964,0.83787763
187967,0.18802555
187977,0.3191541
187983,0.49498734
187987,0.36015704
187988,0.37880132
187990,0.27383038
187991,0.6820072
187998,0.61483467
188014,0.5104614
188017,0.29857752
188021,0.655314
188032,0.14001188
188039,0.31198528
188040,0.2433034
188044,0.37365648
188045,0.24851912
188054,0.37321112
188069,0.159032
188070,0.61153936
188081,0.43869174
188092,0.6992066
188106,0.46802318
188108,0.26809067
188117,0.23717853
188120,0.26768902
188130,0.25406095
188133,0.6113472
188136,0.304099
188151,0.12489551
188153,0.4585063
188158,0.16923608
188171,0.2200911
188175,0.3978573
188192,0.44316545
188194,0.515804
188198,0.5364658
188199,0.35362676
188228,0.6769203
188232,0.29796475
188233,0.43498585
188234,0.20265737
188245,0.20508528
188248,0.3529134
188254,0.39490157
188261,0.23867628
188262,0.5061185
188267,0.2129004
188276,0.19778991
188281,0.85812354
188282,0.49158564
188295,0.3149131
188309,0.24720135
188313,0.66946477
188324,0.34477413
188327,0.47601193
188328,0.3252057
188329,0.49259278
188336,0.6120218
188337,0.51141936
188350,0.21270312
188389,0.74518347
188399,0.10209241
188413,0.2952951
188415,0.42082804
188421,0.1515884
188438,0.39862648
188449,0.7668398
188466,0.24930201
188470,0.12620232
188486,0.26868322
188492,0.167175
188507,0.33096862
188511,0.21384925
188521,0.6032391
188540,0.6917397
188542,0.46028602
188551,0.80657434
188557,0.32903308
188558,0.2792113
188561,0.69968283
188563,0.5966376
188565,0.477538
188577,0.46784067
188586,0.4654203
188591,0.2201433
188594,0.3041699
188614,0.31807977
188622,0.23410073
188626,0.34420478
188632,0.72833854
188635,0.43425104
188639,0.34788367
188645,0.64009374
188646,0.7089151
188647,0.49606267
188653,0.29965186
188659,0.331352
188677,0.7104479
188694,0.39803702
188695,0.104781464
188696,0.1791275
188707,0.20330723
188714,0.42181662
188715,0.55826765
188722,0.61615384
188724,0.33643365
188729,0.2596119
188734,0.21102397
188739,0.8161036
188746,0.4346158
188747,0.23354532
188768,0.36770904
188770,0.42349526
188772,0.46921736
188787,0.13144532
188792,0.41206264
188793,0.16139562
188808,0.31151956
188828,0.44669133
188848,0.31711897
188851,0.4883917
188856,0.6676797
188862,0.5913456
188875,0.84763855
188876,0.84642017
188878,0.34511828
188880,0.090465836
188890,0.44570175
188900,0.36513075
188914,0.4002828
188928,0.54515845
188936,0.12236517
188946,0.10639082
188947,0.28354794
188948,0.3839686
188949,0.07823996
188950,0.18126641
188980,0.2280276
188982,0.69055146
188988,0.80081564
188990,0.52431405
188992,0.28857064
188993,0.34410197
188994,0.37848756
188997,0.27936563
188998,0.7267112
189009,0.35115147
189018,0.20485395
189022,0.29097888
189034,0.21594335
189045,0.097074784
189059,0.48054984
189062,0.28746545
189075,0.77096367
189086,0.15182619
189087,0.31739524
189107,0.47134876
189113,0.34718022
189144,0.25214243
189148,0.2942497
189199,0.47329935
189201,0.412399
189202,0.101944625
189207,0.6966205
189213,0.40819797
189214,0.53288144
189224,0.22343741
189230,0.23894267
189251,0.15414108
189252,0.33894554
189255,0.1430665
189256,0.23946579
189257,0.34908125
189260,0.1816598
189261,0.5878893
189262,0.25564373
189263,0.17553787
189272,0.3007912
189282,0.2127976
189284,0.47974512
189294,0.37572783
189304,0.561574
189314,0.5311202
189317,0.64215106
189333,0.14726563
189337,0.39805424
189347,0.18568179
189355,0.16219419
189357,0.5829268
189366,0.6884688
189374,0.47669822
189379,0.22812498
189388,0.47115755
189397,0.30061302
189418,0.48927435
189453,0.23347871
189458,0.18507017
189460,0.53525275
189481,0.236363
189482,0.44423196
189483,0.48480377
189490,0.49117133
189491,0.12659657
189492,0.50658685
189511,0.5244916
189512,0.23269618
189518,0.59254175
189519,0.64289534
189531,0.30770886
189541,0.83038056
189550,0.28243425
189551,0.6650791
189559,0.6841323
189564,0.13562936
189573,0.5603606
189585,0.31979334
189587,0.65382904
189605,0.33708027
189612,0.12312809
189633,0.3172908
189640,0.2639295
189641,0.6547093
189643,0.29433224
189650,0.644209
189652,0.560549
189656,0.50959915
189661,0.48850194
189663,0.5348903
189684,0.33366516
189688,0.12049667
189711,0.68275225
189729,0.5702787
189747,0.4653796
189761,0.5746167
189773,0.30510122
189774,0.16685167
189779,0.5614265
189780,0.3853755
189796,0.15958361
189799,0.68448746
189800,0.25849605
189807,0.36118975
189808,0.30626163
189826,0.5213115
189836,0.27936938
189843,0.35064715
189845,0.4487111
189852,0.6618282
189853,0.65312135
189855,0.24118696
189866,0.29968408
189886,0.24998564
189888,0.28485698
189902,0.5622748
189907,0.7746512
189910,0.20523295
189922,0.20667101
189924,0.50505203
189933,0.4241266
189935,0.24189524
189939,0.2866594
189951,0.8962322
189965,0.36270326
189966,0.59181166
189977,0.34277388
189989,0.4485973
189990,0.6560013
190002,0.29500252
190006,0.7770163
190008,0.36037615
190009,0.6047949
190021,0.39350843
190058,0.45609286
190061,0.32685652
190069,0.3021972
190072,0.62943494
190078,0.44938338
190109,0.5156602
190112,0.7288367
190117,0.6693403
190132,0.12036104
190133,0.3981953
190153,0.52180165
190164,0.15032905
190167,0.08956675
190169,0.75169325
190179,0.7484138
190184,0.39524516
190188,0.21844801
190199,0.3414527
190200,0.71571416
190201,0.21419829
190227,0.36918548
190229,0.21999186
190245,0.24660313
190272,0.52686167
190274,0.4040619
190281,0.48027632
190282,0.76002234
190290,0.6012808
190299,0.62763226
190301,0.3576555
190304,0.6021347
190306,0.37919596
190311,0.49782002
190341,0.23028383
190354,0.20378585
190364,0.16869812
190368,0.64706963
190375,0.49133912
190383,0.25855336
190384,0.42334563
190387,0.252493
190388,0.6858505
190392,0.7364166
190394,0.737583
190405,0.6613719
190406,0.63307947
190412,0.19658409
190413,0.6893154
190431,0.25464246
190452,0.203344
190454,0.37904793
190461,0.63048786
190475,0.20717816
190489,0.58670163
190507,0.3262413
190513,0.19256362
190515,0.7842962
190516,0.17871003
190522,0.23169719
190523,0.66643184
190526,0.5678966
190533,0.09329354
190537,0.59790146
190542,0.1712946
190545,0.4408217
190548,0.13454722
190555,0.5068986
190561,0.2779478
190562,0.17652138
190566,0.12523049
190581,0.33362147
190590,0.18122558
190591,0.70708084
190593,0.2731116
190612,0.36151835
190617,0.25170955
190618,0.36929286
190619,0.5868992
190643,0.51301205
190647,0.43637723
190663,0.2394529
190664,0.15313318
190678,0.24104458
190691,0.12045983
190697,0.29431012
190698,0.3279456
190701,0.84892654
190702,0.69957346
190713,0.2049149
190739,0.31251305
190744,0.42733333
190756,0.36570966
190767,0.62139446
190777,0.32125452
190808,0.4031338
190825,0.40828693
190830,0.4702028
190844,0.7175287
190855,0.549043
190860,0.46395987
190861,0.334929
190865,0.18657716
190884,0.28239143
190886,0.568875
190887,0.46797118
190893,0.49642825
190899,0.4199986
190900,0.37357864
190901,0.35349378
190903,0.10242248
190909,0.32663724
190911,0.7745771
190916,0.4623138
190922,0.5254756
190926,0.15277551
190927,0.26217684
190929,0.4161155
190931,0.721722
190948,0.22149535
190954,0.07433746
190957,0.11087496
190965,0.09357777
190978,0.7040507
190986,0.44708484
190990,0.16599642
190993,0.46058142
190998,0.3042689
190999,0.055323035
191028,0.52363783
191033,0.19870152
191042,0.782561
191076,0.12627019
191114,0.36171997
191137,0.74343127
191138,0.3784754
191140,0.48123232
191141,0.15119115
191143,0.4159363
191145,0.3967592
191161,0.71718156
191167,0.40296835
191192,0.42110166
191199,0.56721246
191200,0.117686726
191205,0.32484624
191206,0.13530904
191214,0.20644596
191217,0.16766842
191222,0.32836923
191224,0.21817072
191232,0.716345
191238,0.48188722
191243,0.40442252
191247,0.56577784
191250,0.1700162
191266,0.3429582
191278,0.15879953
191279,0.27195662
191282,0.5965121
191287,0.28576776
191290,0.54518896
191291,0.536191
191296,0.6839198
191301,0.59809476
191304,0.14889047
191305,0.31568202
191306,0.7284193
191324,0.6500672
191359,0.2467186
191360,0.32131162
191362,0.18828449
191371,0.6090907
191379,0.5699709
191394,0.28896976
191413,0.7231554
191430,0.23941086
191435,0.43438768
191449,0.4362874
191452,0.11942167
191464,0.6493092
191465,0.22897138
191466,0.57247716
191469,0.6267358
191490,0.7071091
191494,0.6873418
191498,0.7629032
191506,0.6908674
191508,0.27234948
191509,0.16567963
191515,0.749659
191524,0.20578218
191548,0.51610357
191562,0.18495944
191568,0.52129555
191596,0.6186776
191609,0.3291547
191619,0.23126824
191624,0.6020179
191628,0.08241648
191630,0.511482
191648,0.7639187
191649,0.43631774
191654,0.47798184
191655,0.14619753
191659,0.5603638
191674,0.60763675
191675,0.12392192
191680,0.37430382
191681,0.27406788
191684,0.41613486
191686,0.07690725
191721,0.6060678
191722,0.28168494
191726,0.6995456
191727,0.24793679
191732,0.41735584
191735,0.17980808
191738,0.82793486
191745,0.70827043
191746,0.2831633
191751,0.43848613
191761,0.6178454
191772,0.2619402
191785,0.46131894
191794,0.22812699
191799,0.30847877
191806,0.7156983
191807,0.17462635
191809,0.71209747
191824,0.55063623
191826,0.3029044
191834,0.5848382
191837,0.3344971
191841,0.47710887
191845,0.13152778
191847,0.543274
191850,0.49770766
191869,0.44653973
191873,0.4043479
191876,0.35551932
191878,0.69324774
191880,0.29393268
191881,0.3171696
191883,0.31837073
191898,0.5144063
191907,0.40374845
191910,0.35609275
191918,0.24761459
191920,0.504823
191923,0.23050596
191942,0.45339563
191943,0.5036844
191951,0.54229814
191952,0.22967179
191958,0.3074842
191963,0.698832
191971,0.6500822
191992,0.5522817
192000,0.6728714
192001,0.4890136
192008,0.31811675
192018,0.22923362
192029,0.23060332
192030,0.28069332
192031,0.14153942
192043,0.49495336
192045,0.23291303
192052,0.64526135
192056,0.12737858
192071,0.31150466
192082,0.47500262
192088,0.18190196
192103,0.2593923
192105,0.6256555
192119,0.2285526
192144,0.4762496
192151,0.2518733
192158,0.12102935
192163,0.28944755
192172,0.7752866
192176,0.3103014
192177,0.22140746
192212,0.41447428
192221,0.81099766
192223,0.59733295
192224,0.46282184
192238,0.3180472
192239,0.3562475
192252,0.76663953
192259,0.19518119
192268,0.25547516
192274,0.3374979
192276,0.64702654
192277,0.35516882
192289,0.16270283
192296,0.5391939
192308,0.5866403
192309,0.08247579
192315,0.32332262
192322,0.6301092
192324,0.4116048
192343,0.5318269
192345,0.10524659
192367,0.5283126
192375,0.30456558
192382,0.6347684
192389,0.25880444
192390,0.6641882
192391,0.599296
192423,0.17046328
192427,0.3322124
192431,0.37413493
192433,0.13831371
192451,0.48300847
192453,0.37548336
192455,0.29377308
192468,0.3183937
192469,0.24059756
192474,0.1725889
192481,0.42080516
192482,0.35960057
192483,0.20753899
192486,0.5080714
192490,0.60021317
192491,0.59588367
192494,0.47804725
192507,0.13521358
192508,0.2354199
192509,0.71137446
192525,0.5537254
192526,0.47797757
192528,0.12861459
192535,0.20123106
192545,0.7200914
192548,0.6430079
192572,0.77142686
192594,0.34235024
192607,0.27869603
192625,0.44721973
192626,0.36461106
192631,0.2744789
192632,0.50788903
192636,0.2365847
192637,0.27364695
192655,0.25194404
192657,0.1155125
192674,0.5452818
192675,0.15109324
192680,0.69343156
192682,0.6313997
192686,0.5168816
192698,0.6619616
192703,0.13846163
192705,0.13919546
192717,0.38253903
192720,0.35769033
192721,0.59819406
192722,0.4541739
192728,0.15758641
192734,0.17187566
192739,0.2825441
192740,0.4882714
192752,0.2852817
192761,0.22100493
192770,0.13363995
192780,0.27207142
192782,0.21958964
192783,0.68633974
192789,0.6329808
192796,0.13491966
192800,0.3186208
192802,0.55495554
192811,0.5322536
192812,0.31358954
192815,0.17436449
192838,0.7180065
192861,0.21774769
192868,0.32300112
192872,0.21618626
192876,0.48115575
192877,0.29304558
192897,0.46943453
192898,0.30891585
192903,0.2588974
192904,0.47972536
192905,0.24260566
192911,0.7675874
192920,0.27195248
192921,0.23768546
192922,0.50134057
192942,0.24245928
192946,0.56264126
192963,0.42017606
192978,0.53025484
192979,0.65960383
192981,0.59406054
192991,0.4873252
192995,0.44147742
192998,0.76074326
193019,0.27066678
193027,0.27509654
193028,0.14575091
193032,0.20119993
193036,0.32418275
193044,0.23836787
193046,0.27888048
193049,0.27053985
193050,0.43868926
193054,0.27775034
193057,0.29304057
193060,0.74301565
193075,0.1755294
193088,0.13224322
193091,0.2862938
193112,0.2505565
193122,0.23008323
193123,0.59830874
193128,0.41807383
193133,0.26242858
193143,0.46515855
193150,0.66514885
193151,0.27871007
193160,0.8573056
193180,0.6611567
193198,0.28621072
193204,0.5961576
193207,0.2623642
193210,0.82582605
193225,0.23603126
193232,0.4518873
193248,0.39931202
193249,0.7527457
193262,0.27352703
193270,0.43910715
193273,0.457643
193275,0.18174754
193286,0.1811778
193289,0.80584955
193290,0.3492117
193311,0.7080775
193321,0.18198268
193322,0.23105879
193340,0.32166222
193349,0.27122954
193368,0.529603
193369,0.24489574
193375,0.17961398
193385,0.60265744
193389,0.17747912
193394,0.37096277
193396,0.30889958
193398,0.16962658
193402,0.6061176
193409,0.16326715
193421,0.19211003
193426,0.09996224
193430,0.31019363
193436,0.59949565
193437,0.28353727
193440,0.14641717
193441,0.58524877
193449,0.46880817
193462,0.13482302
193464,0.24562337
193468,0.16495536
193474,0.13031976
193475,0.2647989
193479,0.57150096
193484,0.5942084
193488,0.3930676
193496,0.16818784
193507,0.29310197
193510,0.45778582
193512,0.22589055
193514,0.16749838
193515,0.3795669
193516,0.53538066
193520,0.1482604
193522,0.6277473
193541,0.18899044
193545,0.10007832
193549,0.39199784
193554,0.3674225
193558,0.73014677
193568,0.27548122
193569,0.7633093
193579,0.21171767
193587,0.319975
193589,0.18426369
193613,0.31995052
193642,0.65836626
193643,0.3399536
193647,0.27313957
193648,0.34580305
193663,0.37781933
193664,0.7376872
193665,0.53400326
193672,0.17788005
193675,0.59933317
193686,0.81090343
193692,0.3332464
193706,0.33225995
193725,0.2458184
193726,0.43423036
193727,0.37821823
193733,0.33820912
193738,0.64591354
193739,0.14306226
193745,0.57070154
193759,0.23037454
193767,0.25852495
193774,0.6659043
193776,0.23972021
193777,0.8617971
193787,0.84037465
193789,0.46444738
193793,0.32644033
193805,0.16802232
193808,0.10621636
193816,0.20229642
193817,0.31486678
193821,0.55361485
193831,0.6397735
193832,0.23788545
193874,0.6799816
193879,0.35669896
193882,0.40922594
193910,0.12214156
193915,0.2917435
193916,0.61583185
193921,0.725088
193924,0.5367091
193926,0.19921193
193927,0.24887808
193949,0.41531742
193954,0.6596169
193966,0.57689226
193970,0.4855639
193971,0.40446874
193975,0.4007562
193980,0.3364118
193982,0.7581108
193983,0.45196053
193987,0.33605456
193997,0.13020565
194000,0.60352856
194013,0.43650195
194014,0.8533446
194026,0.36197367
194039,0.3305442
194042,0.19395289
194054,0.34763056
194057,0.6035758
194058,0.15785016
194068,0.3413568
194071,0.59362644
194073,0.2596557
194075,0.43039188
194093,0.08069715
194098,0.66439146
194105,0.30502412
194106,0.8125946
194110,0.29622224
194128,0.24551117
194137,0.34430146
194149,0.39724582
194150,0.30533352
194155,0.5630395
194157,0.4668942
194158,0.5027366
194164,0.3160906
194165,0.48949152
194166,0.17136566
194170,0.29541397
194171,0.25734717
194177,0.29292294
194187,0.41799775
194188,0.073167756
194213,0.5982365
194229,0.7578427
194230,0.508851
194241,0.05853716
194243,0.25462723
194244,0.47435245
194276,0.14225681
194279,0.1855541
194280,0.28909978
194281,0.6212527
194291,0.34497833
194293,0.74346733
194306,0.14670733
194307,0.371847
194308,0.2009638
194310,0.6454865
194314,0.39473173
194326,0.779523
194330,0.54039896
194338,0.2372474
194366,0.5513318
194370,0.2237952
194371,0.32215366
194379,0.1303561
194382,0.34160998
194383,0.65769446
194395,0.7619932
194402,0.3146818
194406,0.22918954
194408,0.8728006
194413,0.41721365
194414,0.29779243
194419,0.37588733
194423,0.5713352
194424,0.44318527
194429,0.43599427
194436,0.33013824
194468,0.35538286
194469,0.23006316
194478,0.34152275
194480,0.7325405
194484,0.4502509
194505,0.60471165
194514,0.31879848
194516,0.20779814
194523,0.6229803
194526,0.30019823
194533,0.11576674
194534,0.4033421
194536,0.31488645
194548,0.37796417
194552,0.78131175
194558,0.40766582
194561,0.4375447
194563,0.33296314
194569,0.7129153
194581,0.7790103
194586,0.24608785
194590,0.25357285
194598,0.47920522
194600,0.25602955
194603,0.3862145
194604,0.19931792
194605,0.38979152
194607,0.6647692
194610,0.54641545
194620,0.3361784
194627,0.55138016
194650,0.67087394
194652,0.12358436
194659,0.123076275
194660,0.5063014
194662,0.25119317
194665,0.3234304
194675,0.5199117
194677,0.5412692
194679,0.15320441
194691,0.77061886
194696,0.3041405
194713,0.5761113
194716,0.34930447
194717,0.40888366
194725,0.17781025
194732,0.22051357
194737,0.6408448
194738,0.60462505
194769,0.4892709
194791,0.17281473
194802,0.5097097
194806,0.47970665
194810,0.13105166
194812,0.31606314
194813,0.39538804
194816,0.21438786
194827,0.38595918
194844,0.14441612
194856,0.25312957
194860,0.15630944
194866,0.34877858
194867,0.41804132
194877,0.5394326
194879,0.66263574
194880,0.17999502
194881,0.19732556
194887,0.20564814
194900,0.2333791
194906,0.52195084
194907,0.5986811
194908,0.6617385
194914,0.407443
194934,0.7815208
194955,0.6101775
194956,0.39639324
194965,0.24022312
194966,0.5701477
194980,0.43271473
194985,0.52379847
194986,0.41340637
194995,0.42240915
194999,0.21446122
195000,0.44502768
195010,0.50771993
195013,0.5616727
195044,0.32198063
195048,0.41472757
195050,0.94392514
195051,0.5724178
195055,0.49635065
195070,0.25065312
195074,0.8242994
195075,0.62083197
195077,0.54608256
195081,0.21444009
195088,0.25784183
195089,0.094032824
195091,0.1967809
195096,0.77429813
195100,0.47686177
195103,0.5327079
195116,0.23016065
195117,0.29337552
195129,0.5381854
195151,0.06892563
195158,0.52618307
195164,0.39501166
195176,0.6538502
195186,0.49151132
195187,0.7408907
195198,0.3028325
195201,0.27670917
195207,0.2611089
195214,0.67167616
195215,0.32617766
195234,0.46287972
195235,0.26204845
195239,0.33793798
195240,0.49366254
195253,0.40615615
195255,0.10762682
195280,0.18068896
195291,0.14653954
195293,0.41457507
195300,0.23453155
195306,0.25463656
195307,0.6281163
195322,0.44529963
195326,0.7188331
195330,0.16301703
195341,0.4923442
195343,0.46861526
195367,0.3171755
195369,0.3128196
195371,0.19030856
195372,0.18277043
195389,0.6390041
195415,0.16346626
195435,0.6107794
195439,0.31940982
195440,0.24893235
195444,0.12736154
195447,0.39612463
195450,0.19535452
195451,0.3495038
195456,0.45619467
195457,0.39990604
195461,0.569785
195462,0.5908872
195463,0.1695522
195466,0.5570668
195468,0.12970626
195469,0.64129615
195489,0.1747193
195495,0.4016497
195496,0.6421849
195504,0.46089754
195505,0.5898172
195506,0.5558261
195511,0.44854176
195518,0.28510025
195519,0.51024526
195529,0.100118116
195531,0.15887652
195546,0.3461637
195547,0.22088788
195552,0.33565432
195577,0.58151674
195579,0.29432064
195588,0.24518
195597,0.41975996
195607,0.079236045
195617,0.26369932
195626,0.39749587
195632,0.8168962
195634,0.85673803
195635,0.22346814
195645,0.33685732
195648,0.23522471
195674,0.83369243
195691,0.16625933
195695,0.7643646
195703,0.69578534
195710,0.7120167
195711,0.3881089
195727,0.5944458
195729,0.14421302
195734,0.5919376
195739,0.3900904
195740,0.16049355
195746,0.8009132
195750,0.7969878
195769,0.5618648
195772,0.5547281
195785,0.20993432
195789,0.5702739
195793,0.59980804
195801,0.2764715
195803,0.29666182
195810,0.68713915
195818,0.49355668
195819,0.8211246
195823,0.55708456
195828,0.63253194
195836,0.3400809
195843,0.42667848
195858,0.3285271
195876,0.45349783
195890,0.67668986
195891,0.2853794
195900,0.37402022
195905,0.59978575
195910,0.5616087
195911,0.5338621
195912,0.2534409
195917,0.4652827
195918,0.735093
195923,0.80898726
195937,0.5061031
195940,0.85254735
195945,0.24310604
195946,0.34026724
195948,0.46133748
195955,0.19836606
195957,0.65652716
195958,0.20220236
195959,0.85790354
195970,0.22837842
195974,0.066937506
195979,0.62062544
195990,0.5495683
196004,0.34297946
196007,0.7193194
196012,0.66370654
196019,0.468105
196029,0.8129846
196034,0.44465253
196042,0.35206217
196066,0.7455178
196067,0.56808126
196071,0.19571301
196074,0.6605883
196075,0.332921
196079,0.20105882
196080,0.84073836
196082,0.21350539
196083,0.22506018
196085,0.7639983
196115,0.3397069
196118,0.61542517
196128,0.35389876
196149,0.38040847
196150,0.29464427
196162,0.56512076
196194,0.7409184
196198,0.14105576
196204,0.38566294
196206,0.47315252
196210,0.7864271
196220,0.45425904
196221,0.23131773
196230,0.13408156
196236,0.4345467
196242,0.61202896
196256,0.7751349
196261,0.77542365
196274,0.41305095
196281,0.2476136
196303,0.080684595
196305,0.48303032
196322,0.22694746
196343,0.12720087
196346,0.5074275
196354,0.20478784
196357,0.3230284
196359,0.11048137
196360,0.6797403
196361,0.39575768
196364,0.848564
196371,0.14213678
196375,0.27410075
196377,0.44644633
196378,0.20797384
196381,0.24020554
196384,0.22956143
196385,0.6456421
196388,0.7720124
196394,0.7671272
196400,0.74796796
196401,0.4865108
196404,0.6511773
196411,0.4013062
196436,0.44839078
196443,0.28986463
196444,0.5977209
196446,0.45417368
196475,0.42134026
196476,0.8405151
196486,0.1468389
196489,0.4675913
196492,0.47726727
196498,0.66692036
196500,0.09986024
196505,0.6801812
196507,0.30294895
196510,0.39213324
196514,0.19516276
196530,0.34449235
196544,0.06647111
196551,0.28570807
196578,0.25418237
196585,0.6033279
196587,0.30956644
196588,0.5469603
196594,0.59262234
196598,0.30102783
196605,0.26548108
196618,0.43398684
196619,0.41535372
196623,0.43326637
196624,0.1909643
196643,0.28363106
196649,0.4691232
196650,0.12396186
196656,0.097756095
196663,0.81392354
196667,0.64808774
196669,0.61959606
196681,0.74597985
196717,0.24845836
196726,0.61147594
196728,0.14185809
196729,0.39760473
196731,0.18390352
196736,0.31953835
196738,0.2756084
196745,0.3364545
196747,0.29392081
196748,0.18917584
196753,0.269255
196757,0.1395805
196760,0.5255542
196777,0.8200885
196788,0.3543052
196799,0.33917078
196808,0.19715169
196819,0.4816788
196825,0.112290606
196826,0.61384094
196834,0.27853405
196841,0.7649811
196847,0.52458763
196849,0.39565516
196851,0.4190087
196867,0.39213184
196884,0.19799526
196889,0.5209557
196898,0.26190892
196901,0.06848433
196917,0.4761999
196930,0.41608495
196936,0.4677975
196956,0.04082101
196959,0.21106508
196962,0.33354428
196963,0.4955585
196971,0.3449071
196972,0.56836975
196977,0.2732612
196984,0.13188933
196985,0.86669594
197010,0.7416769
197029,0.64423794
197040,0.3315097
197058,0.7572999
197060,0.29506144
197064,0.8362872
197075,0.33500636
197083,0.7262851
197102,0.71315217
197103,0.73226005
197107,0.53222144
197129,0.52181077
197135,0.17269997
197140,0.19785476
197150,0.3743918
197152,0.32570842
197153,0.43286094
197154,0.23898838
197156,0.6998088
197166,0.24759741
197167,0.3236898
197177,0.37576628
197178,0.2831222
197187,0.41380024
197191,0.33466658
197205,0.6872081
197206,0.6523011
197219,0.7109242
197224,0.22410999
197245,0.64568204
197246,0.45882273
197273,0.7656341
197275,0.14198768
197278,0.43230167
197288,0.38417011
197290,0.40175825
197294,0.40643764
197295,0.3757096
197311,0.3939797
197314,0.7828812
197320,0.50026774
197321,0.78776205
197324,0.7272705
197327,0.35261795
197332,0.22689211
197333,0.85482246
197335,0.30150235
197348,0.15025844
197362,0.514717
197363,0.6310634
197368,0.16979216
197378,0.35616213
197381,0.5751281
197384,0.15826762
197386,0.50282276
197393,0.60209024
197396,0.3407454
197400,0.2339311
197408,0.23172256
197412,0.3466398
197413,0.73939687
197415,0.21318422
197418,0.5849505
197427,0.22812247
197443,0.57470715
197448,0.60386735
197449,0.27773917
197470,0.5974937
197478,0.5610253
197482,0.63708955
197488,0.2569902
197491,0.4642728
197495,0.3521184
197498,0.5362448
197502,0.6661676
197507,0.6720342
197509,0.5340142
197510,0.6099843
197512,0.3546721
197513,0.25964397
197524,0.5277808
197525,0.5463524
197529,0.7660372
197533,0.11200867
197534,0.7533531
197540,0.6614218
197541,0.26733282
197559,0.19868937
197566,0.38369024
197582,0.1281813
197585,0.47203392
197587,0.6273279
197595,0.286699
197598,0.2630681
197601,0.3420561
197603,0.36420524
197607,0.36698467
197611,0.56330645
197625,0.6904845
197631,0.2834268
197633,0.3089013
197638,0.44249627
197640,0.54953265
197644,0.09991038
197645,0.1437467
197646,0.4328097
197650,0.35163096
197657,0.46122962
197664,0.4504031
197668,0.344604
197681,0.30215752
197682,0.6090091
197693,0.43414572
197695,0.46094444
197699,0.6952227
197709,0.28616756
197711,0.52261555
197715,0.1687992
197716,0.7619114
197722,0.59685904
197728,0.5784074
197729,0.5045256
197730,0.5925869
197744,0.29241705
197768,0.2950463
197770,0.17140363
197775,0.8342953
197788,0.24410109
197795,0.16277194
197806,0.68089044
197808,0.54854333
197812,0.6022863
197813,0.12996158
197822,0.2010079
197827,0.21404232
197828,0.3703167
197836,0.42691198
197857,0.2525567
197862,0.7334477
197872,0.338657
197892,0.28434148
197903,0.30233732
197907,0.51330465
197908,0.3624765
197916,0.4586207
197921,0.24783306
197924,0.16553119
197930,0.35789952
197934,0.7358288
197942,0.35706633
197945,0.7129691
197958,0.3203435
197959,0.25329557
197967,0.3560083
197969,0.7607036
197978,0.71224016
197999,0.2163418
198001,0.6140719
198004,0.19274619
198007,0.16654813
198019,0.40149856
198020,0.3563616
198024,0.42957973
198026,0.6811067
198038,0.37738937
198044,0.2896864
198050,0.7718307
198054,0.5947982
198055,0.46838224
198082,0.37331596
198094,0.347277
198095,0.2507086
198099,0.5835365
198101,0.56062895
198102,0.27115095
198114,0.60870975
198125,0.5355422
198127,0.2766317
198128,0.34694648
198137,0.16321349
198141,0.25662088
198142,0.41283572
198155,0.6238938
198179,0.40370485
198181,0.44686773
198184,0.32683876
198185,0.33946323
198186,0.4413611
198187,0.44680384
198193,0.1763844
198197,0.44484246
198209,0.12972593
198221,0.40692186
198225,0.40772775
198229,0.78555685
198237,0.740031
198239,0.87807566
198247,0.43063402
198253,0.51582575
198272,0.112758145
198279,0.15432057
198282,0.21600361
198284,0.2936336
198285,0.21178867
198287,0.4171128
198294,0.4612558
198309,0.28354985
198312,0.6549079
198315,0.28068736
198323,0.4948863
198331,0.22014552
198333,0.74028164
198359,0.29399785
198370,0.2555145
198378,0.3480082
198379,0.39092997
198381,0.14434263
198383,0.16884461
198384,0.31396976
198385,0.22032537
198420,0.6116886
198421,0.65209776
198425,0.55031615
198427,0.5762953
198429,0.18541951
198437,0.22124003
198445,0.15922253
198452,0.21431768
198454,0.23589401
198487,0.3298034
198523,0.712631
198528,0.6691736
198530,0.81215125
198539,0.16827078
198540,0.42535374
198547,0.30024138
198566,0.41787115
198568,0.2016084
198569,0.43278894
198595,0.15833867
198600,0.36568305
198614,0.25664133
198617,0.22561215
198619,0.75786215
198627,0.414219
198640,0.14920554
198655,0.4870194
198664,0.45585474
198665,0.15565589
198666,0.7023175
198670,0.40258738
198673,0.70499104
198680,0.23655538
198689,0.27246565
198690,0.6044644
198702,0.21325278
198703,0.2210389
198704,0.75589824
198714,0.75748193
198715,0.6852881
198717,0.24507415
198718,0.31946376
198720,0.78889906
198721,0.17030263
198730,0.34707034
198739,0.47646764
198754,0.31062323
198761,0.2954166
198772,0.24850711
198774,0.36756602
198775,0.76162267
198779,0.41316757
198783,0.18604128
198790,0.6199208
198794,0.58046556
198798,0.61976886
198799,0.4057703
198802,0.47230163
198806,0.40334415
198847,0.3456142
198854,0.73306656
198858,0.4462467
198859,0.5678281
198865,0.31253403
198872,0.3112516
198874,0.2674809
198878,0.3969667
198883,0.5320053
198884,0.40306324
198891,0.44034293
198899,0.57389194
198907,0.4205532
198916,0.6217663
198917,0.6453149
198934,0.14998814
198937,0.17642315
198938,0.28157306
198941,0.50812155
198957,0.34507588
198966,0.3571662
198984,0.2749185
198997,0.05852925
199001,0.6010533
199003,0.45917413
199009,0.4326606
199011,0.12005272
199013,0.3686399
199015,0.071996555
199024,0.40542316
199026,0.39485317
199027,0.869886
199029,0.4388213
199030,0.5018343
199041,0.26923358
199048,0.5081781
199057,0.32933143
199058,0.19232178
199062,0.28417182
199067,0.17317474
199070,0.46832776
199075,0.13128582
199076,0.17708361
199092,0.60161513
199096,0.29971644
199104,0.61795074
199114,0.41894123
199115,0.12944335
199117,0.6105899
199126,0.5645198
199131,0.47070754
199141,0.25712904
199145,0.32955527
199150,0.62129194
199151,0.178062
199153,0.1439693
199166,0.23788686
199167,0.44387928
199177,0.66273946
199182,0.25422785
199183,0.67783755
199185,0.11140179
199212,0.26332185
199213,0.4702335
199222,0.6880781
199229,0.2643221
199230,0.1454857
199242,0.8324265
199243,0.14886804
199246,0.6515276
199247,0.45708138
199249,0.35977262
199262,0.4965882
199263,0.26837265
199275,0.1639367
199276,0.5218167
199287,0.3679879
199298,0.23704098
199304,0.6935724
199307,0.3144946
199311,0.545082
199316,0.15696602
199320,0.5718979
199321,0.51101047
199325,0.2803251
199326,0.7416244
199327,0.5601961
199334,0.15796098
199344,0.7671076
199345,0.24714088
199352,0.42829666
199364,0.77072173
199378,0.31733456
199379,0.37712255
199387,0.27565762
199405,0.50029135
199418,0.62576604
199424,0.5634287
199425,0.25515884
199432,0.33257598
199433,0.5621209
199442,0.48133266
199446,0.23968838
199457,0.30173096
199458,0.17283113
199477,0.2949299
199522,0.47659752
199525,0.74064934
199533,0.59873074
199536,0.4471019
199537,0.1502261
199550,0.5696174
199560,0.3976771
199564,0.77484363
199575,0.60883194
199580,0.18731348
199586,0.21577272
199597,0.3876721
199598,0.54506266
199604,0.25860965
199608,0.7620421
199609,0.5003772
199616,0.21065438
199625,0.5680003
199648,0.8238632
199650,0.21602845
199655,0.11126379
199663,0.16644758
199670,0.33757734
199673,0.52104926
199685,0.4361077
199696,0.3748961
199703,0.44167343
199704,0.3480455
199706,0.3491374
199727,0.34588233
199740,0.5051865
199746,0.44924846
199764,0.53060424
199766,0.63111645
199785,0.20674771
199786,0.21787721
199795,0.62898177
199797,0.46270406
199803,0.8513235
199804,0.5753575
199810,0.5412642
199815,0.43771672
199822,0.33390382
199824,0.30748847
199828,0.47792628
199833,0.47920293
199840,0.5006021
199844,0.47650936
199846,0.4366413
199858,0.51831347
199862,0.4049733
199865,0.47435373
199866,0.45199093
199869,0.39209965
199870,0.24984391
199871,0.31839296
199878,0.30572876
199889,0.32310632
199891,0.3209832
199898,0.20868802
199903,0.10087421
199904,0.17855428
199924,0.6140969
199950,0.2997374
199954,0.27929148
199956,0.26931217
199962,0.62376034
199965,0.71118945
199971,0.20368093
199972,0.38813406
199988,0.844886
199995,0.41758338
199997,0.27262676
199998,0.25405636
199999,0.24507582
200011,0.50493145
200012,0.07627872
200016,0.1388273
200019,0.072319515
200030,0.2899979
200031,0.4399921
200032,0.24761653
200038,0.5590605
200043,0.35805294
200044,0.55960304
200045,0.6623865
200053,0.71000475
200057,0.22547314
200061,0.2636738
200064,0.55101657
200071,0.58904445
200084,0.55626225
200085,0.20156749
200086,0.6079516
200093,0.56164265
200095,0.45359382
200105,0.26150262
200111,0.21825267
200116,0.7520005
200125,0.74744564
200126,0.36755598
200157,0.51206964
200173,0.66288716
200181,0.20856579
200185,0.42851815
200187,0.2236518
200193,0.3903238
200200,0.646653
200202,0.17703953
200206,0.5841339
200207,0.23302
200216,0.13048442
200229,0.6443713
200234,0.082543455
200241,0.25360253
200244,0.23419426
200258,0.41544268
200262,0.41458777
200268,0.8003427
200277,0.39134338
200286,0.10708724
200293,0.65657145
200299,0.8109941
200306,0.19587398
200335,0.21760273
200358,0.3503953
200366,0.15152387
200367,0.28610978
200370,0.30034333
200373,0.6621455
200374,0.32259494
200383,0.44075695
200387,0.5200401
200390,0.65579814
200391,0.27718464
200421,0.6641428
200437,0.26907173
200442,0.17202055
200447,0.22704495
200460,0.39504558
200463,0.6815681
200467,0.61261207
200487,0.2623948
200488,0.38630584
200490,0.37990576
200493,0.55358195
200494,0.29703784
200501,0.57373023
200506,0.38500473
200516,0.2978345
200518,0.46273693
200520,0.59205836
200523,0.46408173
200524,0.5846019
200525,0.3632365
200534,0.46780333
200538,0.46562898
200552,0.2815056
200556,0.25776407
200557,0.65723175
200567,0.30325732
200568,0.22159994
200570,0.29469246
200572,0.55839396
200576,0.1899991
200585,0.6245483
200587,0.69970196
200588,0.49843127
200593,0.5711519
200594,0.3243353
200595,0.6709578
200603,0.83779514
200615,0.43800205
200624,0.66487426
200631,0.77700734
200632,0.14392719
200636,0.32157153
200638,0.27236292
200641,0.33311972
200650,0.38696954
200653,0.29771045
200657,0.53937244
200668,0.35159448
200669,0.2654878
200670,0.17734715
200676,0.3338208
200697,0.19110832
200710,0.57272744
200720,0.30545178
200729,0.15380366
200749,0.41213754
200753,0.77840173
200755,0.64584917
200756,0.5472155
200757,0.5297335
200768,0.42970243
200776,0.12750104
200799,0.6818724
200801,0.1639941
200810,0.6752151
200823,0.42760527
200832,0.7373086
200836,0.46605614
200838,0.16031714
200864,0.76131046
200867,0.29083553
200869,0.30492693
200873,0.46717533
200876,0.5034316
200881,0.30025306
200883,0.12494659
200890,0.5158314
200895,0.3747466
200897,0.2291846
200899,0.31638235
200900,0.35644186
200907,0.30321664
200912,0.25568175
200926,0.5507396
200930,0.7045469
200971,0.123610765
200974,0.21255247
200979,0.40775472
200998,0.55934817
201008,0.64366984
201018,0.60874987
201026,0.31453598
201043,0.29467052
201049,0.20965952
201050,0.5267127
201061,0.493602
201062,0.27870023
201072,0.19395275
201076,0.41155973
201077,0.2861428
201081,0.5136619
201084,0.6423963
201089,0.48513213
201092,0.11855877
201109,0.54780686
201110,0.4973653
201116,0.18014006
201122,0.6459584
201135,0.6481734
201143,0.13546903
201153,0.14756358
201159,0.4955117
201165,0.23782448
201187,0.45756063
201197,0.2698767
201218,0.5948707
201219,0.46366292
201231,0.25250182
201234,0.1857421
201243,0.17191549
201246,0.31285664
201254,0.5460759
201256,0.27445894
201262,0.8824149
201263,0.51493275
201272,0.70771235
201273,0.14096978
201281,0.35971236
201290,0.22479737
201294,0.21973127
201296,0.1089907
201320,0.12793946
201332,0.41908833
201342,0.6141721
201343,0.2574023
201347,0.51969296
201350,0.21892637
201351,0.6305557
201362,0.826558
201363,0.45000243
201368,0.59687436
201373,0.2571458
201375,0.20940256
201378,0.41369745
201386,0.5900423
201387,0.15797003
201390,0.825679
201393,0.5864847
201409,0.3559549
201442,0.48558012
201444,0.59467626
201447,0.6136715
201451,0.10626699
201474,0.659166
201481,0.385354
201491,0.12980308
201498,0.2932298
201499,0.6156053
201501,0.6295021
201502,0.22179054
201516,0.18336286
201517,0.260727
201524,0.41170347
201526,0.8245834
201528,0.19320588
201532,0.3450912
201543,0.8501019
201544,0.33019194
201546,0.50823355
201552,0.4085075
201554,0.56771857
201556,0.2593754
201557,0.26380727
201559,0.5319779
201575,0.26075637
201592,0.53473914
201593,0.63337356
201600,0.42318606
201630,0.42580903
201631,0.5369919
201635,0.09514746
201638,0.43712068
201642,0.27320123
201645,0.10695686
201660,0.3554307
201663,0.42434397
201665,0.102117255
201674,0.22762385
201675,0.18602934
201677,0.5952537
201688,0.5913976
201698,0.66504043
201706,0.22177243
201709,0.20794171
201710,0.5059655
201718,0.4286279
201720,0.635312
201727,0.44178295
201730,0.25218683
201732,0.35019198
201733,0.4054833
201736,0.3798747
201738,0.24740684
201744,0.7298536
201747,0.46280912
201751,0.6233875
201766,0.6451345
201777,0.20604628
201778,0.34880593
201785,0.7708689
201804,0.40239933
201808,0.6237217
201813,0.64511067
201815,0.1669621
201820,0.29313493
201825,0.24324733
201830,0.11900096
201838,0.13081151
201839,0.7005207
201845,0.5111646
201849,0.15867129
201850,0.35975975
201853,0.16905163
201856,0.50377774
201873,0.4485118
201875,0.20486146
201906,0.42225468
201907,0.46728402
201908,0.45101586
201909,0.36149436
201911,0.47316998
201927,0.45613772
201928,0.5050484
201937,0.3160185
201943,0.37971535
201946,0.36659253
201948,0.2867426
201949,0.45651284
201955,0.13652714
201962,0.52127904
201977,0.17884709
201996,0.2139851
201997,0.60944736
202004,0.3568963
202005,0.35587803
202006,0.4969143
202010,0.19128342
202020,0.4793188
202029,0.84124035
202033,0.34397689
202034,0.42926586
202040,0.6637015
202045,0.19816822
202048,0.22323766
202055,0.22209972
202058,0.41114923
202062,0.33259046
202073,0.5995872
202078,0.4139453
202079,0.7145793
202080,0.40912336
202085,0.60203195
202090,0.43653226
202092,0.67621154
202114,0.20174265
202124,0.26797014
202133,0.2963576
202136,0.32764092
202150,0.13121283
202156,0.13764143
202159,0.37264907
202165,0.28099093
202167,0.61568
202168,0.42146218
202169,0.51166564
202170,0.5804666
202204,0.28475362
202209,0.0937882
202216,0.56796557
202220,0.48772588
202228,0.21264921
202229,0.20445175
202231,0.43976754
202232,0.20698969
202234,0.67575544
202252,0.6417915
202253,0.49689192
202272,0.31837112
202273,0.3244778
202292,0.1342022
202300,0.39200363
202302,0.35599536
202311,0.078996904
202316,0.13254131
202318,0.53093636
202324,0.57563335
202343,0.4098597
202344,0.34618002
202349,0.1951387
202351,0.6335385
202355,0.15152107
202379,0.58069426
202407,0.11965447
202409,0.45757225
202410,0.24538474
202422,0.42821887
202423,0.62740993
202435,0.2935771
202437,0.7024949
202438,0.5114607
202439,0.6162772
202441,0.46959797
202444,0.114685744
202446,0.5441094
202450,0.48278648
202455,0.4014745
202457,0.20980373
202461,0.64517915
202463,0.63165605
202473,0.1614237
202478,0.41187504
202484,0.7686989
202490,0.27243546
202491,0.2657863
202492,0.7138356
202497,0.6807646
202508,0.49867332
202509,0.4797095
202510,0.14788532
202511,0.4771837
202514,0.16176085
202524,0.350218
202527,0.3581525
202547,0.41741413
202554,0.22021417
202557,0.5524977
202568,0.63302565
202573,0.2700429
202587,0.210269
202599,0.32088163
202610,0.5412371
202613,0.46912232
202618,0.6474622
202621,0.16711915
202645,0.28636697
202646,0.17620768
202649,0.39625853
202653,0.31466287
202655,0.34339222
202656,0.28804973
202659,0.6531145
202661,0.42582372
202681,0.43106273
202688,0.57276994
202691,0.1033553
202692,0.05707548
202697,0.8562559
202698,0.5879004
202717,0.51689595
202720,0.5401671
202724,0.4625193
202725,0.48774707
202734,0.583147
202740,0.17312145
202743,0.38938665
202746,0.18533324
202760,0.25262588
202761,0.21397825
202765,0.40630338
202769,0.46879613
202785,0.269446
202793,0.54220104
202796,0.42222401
202805,0.08592923
202816,0.4135034
202823,0.7569746
202825,0.34446168
202829,0.12129611
202830,0.61464673
202848,0.5757073
202861,0.46035782
202862,0.6982768
202863,0.2713564
202879,0.6513919
202889,0.1850672
202894,0.73412395
202895,0.34298226
202897,0.21654794
202899,0.18725117
202900,0.5957882
202907,0.36433455
202927,0.62983185
202945,0.37246746
202951,0.42265958
202955,0.32400647
202960,0.22692737
202967,0.521626
202972,0.41507265
202982,0.6435545
202993,0.13113554
202996,0.22950561
202998,0.16803655
203008,0.33202174
203026,0.6998603
203038,0.62287927
203044,0.3497827
203054,0.3387904
203070,0.80879265
203075,0.41399997
203082,0.46791896
203089,0.28268245
203090,0.17935175
203098,0.68966156
203108,0.5195342
203109,0.224275
203113,0.4784707
203123,0.18766731
203124,0.07662596
203128,0.30914938
203129,0.78738606
203131,0.7580603
203142,0.48035267
203154,0.27411625
203175,0.38316938
203176,0.47385833
203183,0.27485198
203185,0.19858892
203195,0.59468806
203201,0.47992054
203205,0.5463514
203218,0.51450485
203241,0.32466105
203244,0.54807806
203245,0.3312066
203253,0.86570287
203259,0.36413732
203264,0.85434014
203276,0.39298862
203283,0.42290124
203286,0.103477806
203288,0.37299708
203290,0.39663336
203298,0.6265398
203300,0.27696237
203312,0.46905786
203318,0.38407117
203331,0.5684347
203337,0.055850063
203339,0.37189078
203344,0.07089211
203348,0.5307062
203349,0.1713558
203350,0.29001576
203358,0.74130154
203366,0.40095857
203371,0.33306035
203377,0.5695401
203399,0.35345802
203402,0.5318773
203407,0.6970172
203410,0.29032862
203421,0.576748
203428,0.2759163
203431,0.57423514
203433,0.55785507
203459,0.2703901
203460,0.6688568
203462,0.50635684
203470,0.19108385
203475,0.6694309
203476,0.26680022
203496,0.68595666
203518,0.19863726
203547,0.2840625
203549,0.28933308
203550,0.1553408
203552,0.044574086
203561,0.23863402
203564,0.6274921
203567,0.33754936
203575,0.39667028
203590,0.31054407
203591,0.16346104
203605,0.7016698
203606,0.30279124
203640,0.4286631
203643,0.8599335
203647,0.58959085
203648,0.29671508
203669,0.17981604
203671,0.16416442
203692,0.3731225
203695,0.4482368
203706,0.22741145
203713,0.5105439
203730,0.19382428
203736,0.33287746
203745,0.630719
203751,0.48312345
203753,0.37007707
203755,0.22165924
203762,0.5986651
203769,0.30176514
203774,0.35407662
203796,0.30169377
203799,0.29243487
203806,0.27253756
203807,0.5070357
203810,0.18688048
203816,0.38580906
203821,0.8596609
203822,0.36688063
203850,0.558019
203854,0.16962127
203862,0.5774857
203868,0.38124028
203869,0.37561634
203870,0.23059368
203876,0.26822802
203878,0.29891893
203889,0.32496804
203897,0.17092682
203905,0.69805753
203914,0.5792694
203915,0.48880783
203950,0.24187276
203956,0.13353275
203957,0.2762148
203973,0.39667708
203975,0.12896079
203980,0.33761793
203997,0.41945398
204001,0.63482815
204008,0.51407784
204017,0.59913146
204020,0.5631543
204021,0.36184233
204026,0.3956937
204027,0.17184986
204043,0.07391538
204047,0.23799975
204055,0.3653108
204059,0.28040826
204060,0.46553782
204061,0.124140136
204073,0.50795305
204076,0.4651611
204086,0.37627915
204088,0.40013552
204102,0.5232691
204116,0.33131644
204117,0.36807773
204121,0.5416622
204129,0.13763674
204139,0.7481446
204148,0.20098929
204149,0.49090442
204175,0.16226888
204181,0.65124327
204183,0.31610328
204187,0.38042632
204193,0.60149986
204194,0.31587848
204195,0.20610721
204196,0.56492174
204202,0.4469752
204206,0.05525324
204207,0.59877384
204214,0.25454852
204222,0.43548837
204226,0.17792955
204227,0.45882487
204228,0.36577943
204231,0.4511935
204232,0.67361605
204235,0.677331
204237,0.03833473
204239,0.25761807
204242,0.28608432
204254,0.18688221
204255,0.3903212
204259,0.16564721
204268,0.16426462
204280,0.06411107
204282,0.66992086
204307,0.10634376
204314,0.6201543
204318,0.4683948
204321,0.28125104
204330,0.21989124
204335,0.34148926
204339,0.6411469
204344,0.24422713
204350,0.66354334
204371,0.09424136
204372,0.39701614
204374,0.579067
204383,0.40908322
204392,0.68926436
204403,0.09003188
204409,0.18772203
204416,0.2185186
204417,0.29919106
204437,0.5141067
204440,0.073916785
204445,0.15620452
204446,0.36699063
204449,0.6439818
204468,0.41826162
204504,0.50489545
204506,0.20028257
204536,0.27383575
204539,0.74752957
204601,0.27158895
204614,0.28218836
204616,0.73874074
204618,0.459683
204623,0.20460087
204630,0.4928104
204636,0.12096848
204639,0.13561949
204642,0.36248025
204644,0.2515203
204648,0.3174925
204662,0.2820649
204673,0.2665766
204674,0.5478111
204681,0.13271797
204682,0.22266556
204683,0.63228893
204689,0.56847686
204690,0.63311905
204707,0.34424892
204728,0.5007333
204736,0.6875241
204740,0.30557162
204749,0.49689645
204756,0.32619017
204771,0.22155108
204778,0.23948887
204808,0.23241702
204822,0.70391285
204827,0.522556
204831,0.48028797
204836,0.29751304
204837,0.123206094
204843,0.36318356
204846,0.18666343
204847,0.22068408
204850,0.40392813
204852,0.19495569
204854,0.22325431
204856,0.69841915
204857,0.49257746
204863,0.62410873
204870,0.07715711
204885,0.39737484
204895,0.35561505
204905,0.40597108
204911,0.61760795
204927,0.3361597
204929,0.3636184
204941,0.4802111
204959,0.59576017
204962,0.5056225
204965,0.8477383
204970,0.5725855
204971,0.28939414
204972,0.7018697
205000,0.614479
205011,0.35150844
205013,0.21363315
205014,0.7983884
205019,0.29278705
205043,0.3202717
205045,0.6909484
205054,0.1582216
205066,0.33688638
205069,0.51419103
205070,0.3490318
205071,0.4937784
205073,0.53489554
205077,0.5764391
205078,0.41633025
205088,0.25826085
205104,0.42189875
205107,0.30603942
205117,0.3670248
205118,0.17372133
205128,0.49091464
205134,0.2051351
205140,0.13742901
205141,0.6662468
205142,0.11347665
205153,0.79939896
205158,0.21461578
205169,0.24546905
205170,0.53105164
205183,0.17685898
205184,0.30604732
205197,0.23886293
205199,0.3098505
205204,0.10059968
205208,0.27475765
205209,0.22416973
205210,0.5535636
205216,0.4707228
205219,0.73926604
205222,0.50692165
205225,0.18234996
205235,0.57605785
205236,0.39197895
205241,0.12596343
205244,0.41418615
205251,0.58405143
205252,0.5804865
205258,0.27696952
205262,0.409868
205264,0.14710928
205274,0.6516486
205277,0.53596044
205281,0.1704539
205306,0.21235834
205307,0.5735826
205323,0.39069337
205336,0.77261657
205337,0.7386272
205360,0.5156362
205363,0.32382035
205365,0.32444003
205367,0.647764
205368,0.15450498
205375,0.31447107
205403,0.50460136
205411,0.31108254
205415,0.4477426
205429,0.40206116
205434,0.5811121
205445,0.20245041
205463,0.27084887
205471,0.42911634
205472,0.5118741
205479,0.61190164
205480,0.44537103
205493,0.66988575
205503,0.503661
205508,0.32176793
205524,0.5133343
205525,0.2871746
205526,0.24532963
205533,0.2687484
205542,0.1355661
205545,0.36059996
205552,0.30782622
205561,0.4519193
205563,0.27383697
205564,0.5520356
205565,0.19776937
205566,0.20800273
205569,0.3968471
205579,0.38085428
205585,0.70057404
205587,0.19739851
205588,0.21150893
205591,0.3336615
205594,0.77879614
205600,0.3523246
205608,0.36158955
205613,0.16437149
205618,0.48669365
205619,0.05275142
205623,0.06412234
205627,0.7980346
205628,0.7440353
205635,0.27463374
205638,0.19436552
205640,0.6129294
205641,0.7863034
205642,0.81654525
205643,0.27052605
205646,0.3685839
205655,0.6148876
205672,0.19018225
205678,0.3031095
205681,0.13213311
205682,0.14303197
205690,0.09464738
205693,0.2455436
205695,0.5158368
205724,0.14014298
205738,0.23601635
205741,0.4043671
205744,0.30733073
205750,0.16213971
205751,0.6681529
205752,0.18958354
205766,0.34966743
205773,0.4710438
205775,0.3558161
205776,0.20843177
205789,0.46857554
205793,0.3616118
205797,0.12047471
205798,0.19256528
205802,0.09402021
205806,0.5283062
205807,0.25581583
205815,0.5178184
205819,0.18882568
205821,0.17360637
205822,0.4050595
205831,0.3147154
205832,0.5017968
205836,0.42612785
205843,0.51357114
205862,0.39932668
205863,0.30683383
205866,0.56301266
205873,0.43205246
205877,0.41414213
205879,0.3333079
205880,0.08965928
205886,0.625554
205898,0.6067647
205903,0.371163
205907,0.31973913
205908,0.59251815
205909,0.20855236
205930,0.17129038
205931,0.24942026
205932,0.31508845
205951,0.22690979
205957,0.8187015
205960,0.37890026
205987,0.47242117
205994,0.7201788
205995,0.29565445
206006,0.24504815
206007,0.19054884
206013,0.25548333
206020,0.22457244
206030,0.14819032
206035,0.13958283
206038,0.08792612
206039,0.54152715
206061,0.2284896
206066,0.6280109
206068,0.4282705
206071,0.5364347
206076,0.396399
206077,0.43301246
206091,0.18978705
206097,0.47732082
206101,0.60791093
206145,0.4418509
206147,0.2872796
206163,0.29906502
206171,0.2665915
206173,0.6119695
206174,0.7135362
206197,0.36912996
206198,0.4262608
206209,0.42249358
206211,0.36653924
206213,0.17303762
206246,0.81119585
206252,0.34723067
206253,0.7336071
206254,0.43324816
206257,0.59180623
206270,0.15919216
206283,0.10997475
206290,0.29524928
206291,0.26382893
206292,0.6676928
206307,0.39123744
206315,0.21718387
206319,0.7157436
206324,0.45160705
206326,0.6840238
206338,0.4171256
206339,0.1368502
206354,0.23928139
206359,0.22458853
206374,0.58382064
206377,0.31179473
206395,0.7291279
206403,0.1655559
206410,0.6582564
206413,0.29356197
206414,0.22091827
206418,0.53758574
206424,0.34956467
206427,0.24780612
206428,0.35963735
206429,0.26378223
206430,0.3564005
206447,0.17545497
206451,0.4441656
206465,0.68150866
206477,0.683062
206484,0.48180243
206497,0.14298707
206517,0.32066354
206533,0.13152805
206542,0.65575486
206557,0.34178504
206563,0.267978
206564,0.7066716
206565,0.16229922
206582,0.42425647
206593,0.76824623
206605,0.6914467
206606,0.34926927
206621,0.33692825
206639,0.2778325
206640,0.43554848
206641,0.25239414
206645,0.34571522
206656,0.27182445
206666,0.39564428
206679,0.5235431
206681,0.19734831
206684,0.21793728
206686,0.16035831
206687,0.21546085
206697,0.39082024
206700,0.31763738
206702,0.44782722
206703,0.22038996
206708,0.38880676
206710,0.4489825
206721,0.54456735
206723,0.49521902
206735,0.3517089
206739,0.4183454
206742,0.3431254
206744,0.6320249
206747,0.76871264
206752,0.17463273
206774,0.3998369
206776,0.7364521
206792,0.15303905
206799,0.6952997
206805,0.29676467
206806,0.7126596
206809,0.43393636
206812,0.53921896
206814,0.1832258
206830,0.20811984
206831,0.20248854
206878,0.7399373
206905,0.13650152
206908,0.44543147
206910,0.31404933
206917,0.21289587
206920,0.5893157
206927,0.3437812
206933,0.22826944
206945,0.40922084
206968,0.2689907
206987,0.34114328
206989,0.17394593
207017,0.75689906
207027,0.26624548
207029,0.38660714
207030,0.6240538
207035,0.41546607
207040,0.54495335
207043,0.5950743
207054,0.6004923
207055,0.15639417
207059,0.20460227
207060,0.23717456
207062,0.3466366
207071,0.44826695
207073,0.7856245
207079,0.15033746
207100,0.1881958
207107,0.31809387
207129,0.3957782
207132,0.30093426
207139,0.43735075
207148,0.67178774
207153,0.19392674
207163,0.65827435
207164,0.33685502
207168,0.23540774
207171,0.07638065
207173,0.7641253
207174,0.10752301
207181,0.2695491
207182,0.20705128
207198,0.31030166
207201,0.17673047
207213,0.6761801
207234,0.58445096
207238,0.4478482
207256,0.42224386
207257,0.46558067
207264,0.68884385
207268,0.78762466
207275,0.55620986
207291,0.3436825
207296,0.4036032
207304,0.5715882
207308,0.53184175
207314,0.27830142
207324,0.5861814
207332,0.37223113
207333,0.6829165
207339,0.38418797
207349,0.18087825
207351,0.43771845
207359,0.64411813
207361,0.12336674
207365,0.2550206
207369,0.21020903
207372,0.43504018
207377,0.35103777
207380,0.20726411
207394,0.27097398
207412,0.6279097
207423,0.35977042
207426,0.14110823
207427,0.7249376
207428,0.31804088
207430,0.8594703
207437,0.32016572
207440,0.37597615
207455,0.17758161
207456,0.28118148
207471,0.39201912
207476,0.2317124
207483,0.18101352
207497,0.4532844
207506,0.27406058
207515,0.33997324
207529,0.55172706
207533,0.3173659
207534,0.23285452
207541,0.662803
207560,0.3221047
207561,0.6196766
207570,0.28306898
207600,0.3385292
207630,0.64651316
207633,0.674095
207634,0.14734487
207635,0.25540605
207660,0.24864902
207682,0.16041906
207684,0.29169223
207687,0.46823898
207706,0.7386551
207708,0.5964083
207713,0.52224326
207714,0.3165507
207718,0.21235004
207721,0.4438108
207724,0.35410914
207727,0.21740523
207731,0.21253186
207732,0.31342417
207734,0.34562278
207739,0.3408507
207744,0.446473
207787,0.7010533
207792,0.26280335
207801,0.1850329
207811,0.48501375
207817,0.6502969
207818,0.68035346
207819,0.24475022
207830,0.3839316
207834,0.5800374
207841,0.7498224
207844,0.58276427
207849,0.5476932
207856,0.2135534
207865,0.30349568
207867,0.4130513
207873,0.70933473
207882,0.64084476
207887,0.17278947
207888,0.31004468
207889,0.14074251
207907,0.09062367
207921,0.7771216
207922,0.1747699
207928,0.5106504
207930,0.74150413
207940,0.16606146
207941,0.44953966
207956,0.23054534
207960,0.15069345
207961,0.55071783
207968,0.38111794
207971,0.26992524
207972,0.24494523
207975,0.40567267
207976,0.6319046
207979,0.793817
207997,0.5194456
207999,0.76259863
208008,0.50716704
208027,0.6049883
208030,0.20837866
208033,0.8056374
208035,0.45532396
208040,0.1892891
208052,0.49365783
208067,0.17682236
208090,0.11828147
208100,0.17917822
208102,0.24298489
208110,0.38327137
208117,0.27124718
208119,0.53912264
208123,0.6533469
208127,0.8755338
208136,0.2312119
208139,0.018230937
208140,0.18676545
208144,0.43850026
208149,0.15760884
208156,0.5597289
208166,0.4918999
208168,0.4578642
208170,0.805516
208172,0.6803922
208178,0.4528508
208193,0.34085867
208195,0.111593805
208211,0.16810155
208213,0.34287235
208229,0.40931427
208231,0.63361377
208235,0.12282279
208238,0.5510042
208240,0.56659794
208249,0.14073281
208262,0.44520742
208263,0.54098064
208270,0.3629318
208288,0.33158678
208292,0.5823447
208302,0.34058172
208303,0.4712185
208312,0.09255593
208317,0.29962727
208322,0.33705294
208331,0.41428423
208336,0.3282684
208337,0.44721946
208339,0.45316303
208346,0.63229895
208353,0.40035477
208358,0.26636025
208359,0.46106347
208360,0.11251269
208370,0.45694652
208373,0.28088754
208390,0.3669729
208391,0.5812147
208394,0.3137196
208396,0.24605334
208397,0.29444492
208398,0.6142704
208400,0.42539296
208410,0.2921546
208420,0.3594518
208421,0.7292017
208431,0.57551295
208450,0.3431491
208451,0.6873185
208455,0.40934792
208478,0.4450165
208479,0.31600538
208482,0.39741
208502,0.65766305
208516,0.3322117
208518,0.1965448
208534,0.49314967
208550,0.19568296
208551,0.140416
208566,0.43813124
208567,0.40743792
208575,0.55011004
208576,0.20952468
208588,0.30283403
208590,0.6501775
208595,0.2642335
208619,0.4554603
208620,0.3306709
208627,0.6389649
208629,0.43326503
208642,0.33304253
208645,0.25075597
208661,0.24176691
208662,0.04259068
208679,0.16149788
208681,0.22072369
208689,0.4273229
208696,0.27517626
208701,0.3364014
208707,0.7465094
208719,0.30054897
208720,0.5070662
208730,0.413884
208748,0.22735989
208753,0.639116
208755,0.28610793
208769,0.44033614
208775,0.42494482
208785,0.26791948
208796,0.4767286
208806,0.39350304
208815,0.45662865
208830,0.33168894
208833,0.36549094
208837,0.24414462
208842,0.07704161
208860,0.15888502
208874,0.38443655
208886,0.39964244
208897,0.16904764
208898,0.7599842
208905,0.70347667
208907,0.18440808
208924,0.59126955
208925,0.40175894
208933,0.33932406
208941,0.44907683
208948,0.076798216
208960,0.2441693
208962,0.3929522
208963,0.33620542
208965,0.2930054
208973,0.18331821
208974,0.4662356
208986,0.28748453
208992,0.19383812
208995,0.73639894
209001,0.3134188
209006,0.47838172
209012,0.31912777
209022,0.2847986
209055,0.8059523
209056,0.59885406
209057,0.37820253
209060,0.541971
209067,0.21404053
209071,0.4553639
209078,0.198636
209080,0.29487634
209094,0.20478176
209097,0.26034713
209098,0.6750384
209101,0.23060142
209108,0.15760277
209109,0.3762396
209111,0.15755455
209116,0.68466854
209117,0.85066533
209121,0.121510886
209126,0.2045243
209127,0.3051986
209141,0.27233955
209142,0.6371462
209159,0.27695617
209164,0.6989994
209168,0.76612043
209177,0.35462922
209197,0.4989236
209202,0.58040744
209209,0.1087065
209211,0.33519116
209233,0.3747103
209234,0.44051734
209253,0.40013257
209260,0.30236453
209263,0.4451364
209268,0.2971891
209275,0.59906936
209288,0.43567452
209298,0.66555816
209305,0.23239927
209326,0.5443748
209340,0.27183905
209352,0.62460756
209362,0.46009487
209367,0.41315424
209369,0.33303717
209377,0.33478302
209387,0.35194603
209392,0.31699407
209393,0.1939638
209420,0.11065337
209423,0.56837434
209457,0.4560659
209458,0.5149165
209470,0.6242583
209479,0.7062221
209483,0.67893577
209488,0.8465214
209489,0.368823
209497,0.11937865
209504,0.3598331
209510,0.62992746
209513,0.1420487
209547,0.15384844
209549,0.24230509
209556,0.32007244
209561,0.677459
209565,0.6747094
209591,0.6807046
209595,0.44081208
209596,0.7071872
209608,0.49467602
209628,0.25735584
209643,0.47044846
209645,0.6324883
209651,0.34479845
209659,0.48549625
209660,0.42102465
209661,0.7610091
209665,0.57526463
209682,0.22526565
209687,0.6647183
209689,0.5138634
209699,0.3507617
209705,0.37294677
209707,0.22979854
209713,0.3478798
209717,0.15268852
209718,0.5678403
209723,0.70647746
209727,0.19905414
209729,0.21394359
209739,0.32763112
209741,0.61965585
209744,0.7105531
209748,0.7184173
209749,0.38227734
209758,0.19159222
209761,0.38149205
209764,0.7036025
209772,0.27871767
209773,0.55883884
209794,0.22890164
209795,0.7265899
209814,0.27014336
209828,0.697712
209838,0.4350718
209839,0.7687785
209845,0.63699096
209855,0.1662126
209862,0.21059401
209869,0.28062165
209872,0.38266054
209879,0.6672894
209881,0.47764316
209882,0.7222932
209893,0.74531937
209913,0.2739334
209918,0.43168828
209920,0.73637575
209921,0.23664297
209929,0.60779613
209943,0.64994955
209957,0.4042535
209960,0.35165754
209962,0.36694506
209969,0.44072255
209980,0.40938067
209986,0.23711164
209989,0.5498032
209990,0.41550857
209991,0.18591796
210007,0.36019933
210016,0.28323987
210018,0.32823348
210019,0.23784304
210020,0.1669762
210036,0.16587852
210050,0.40782508
210080,0.20730929
210084,0.24046572
210089,0.55829287
210104,0.30447644
210129,0.25666797
210135,0.2694913
210137,0.5045542
210140,0.5874657
210145,0.17035778
210146,0.3829222
210147,0.37115207
210152,0.062934324
210157,0.30388317
210158,0.4128921
210164,0.28649753
210170,0.42132875
210171,0.19057088
210173,0.84135693
210174,0.63937354
210176,0.44671598
210190,0.22496991
210191,0.5382885
210195,0.71906734
210196,0.18401647
210201,0.15967572
210211,0.525562
210231,0.3495045
210239,0.50168055
210241,0.2816989
210242,0.20091112
210255,0.54806584
210278,0.55318874
210283,0.11203374
210284,0.4290703
210304,0.21766254
210307,0.29810214
210330,0.32725298
210332,0.22478583
210350,0.784072
210379,0.22883064
210385,0.47047248
210401,0.29604912
210405,0.27113968
210413,0.77394587
210414,0.55928653
210415,0.55884373
210419,0.43322098
210429,0.26131788
210467,0.79988396
210481,0.30701482
210482,0.22233765
210492,0.26110002
210502,0.6904044
210523,0.33595374
210525,0.70147306
210529,0.540772
210538,0.15537417
210543,0.44245252
210549,0.24452707
210551,0.40335205
210555,0.5826965
210558,0.6031635
210591,0.43618688
210597,0.5744391
210599,0.24815336
210610,0.31345674
210616,0.5389682
210618,0.2615966
210622,0.77687603
210639,0.6250345
210645,0.19613177
210650,0.17384936
210672,0.21136136
210676,0.5778374
210683,0.6590651
210697,0.7455468
210701,0.3422536
210706,0.54334205
210712,0.5642266
210717,0.48525226
210728,0.73250306
210729,0.30920535
210730,0.4683974
210731,0.31879216
210733,0.679325
210735,0.1645722
210742,0.15940659
210748,0.08714425
210749,0.6042593
210758,0.34835434
210767,0.45572105
210769,0.4665094
210777,0.5620225
210789,0.076355755
210791,0.319506
210794,0.17950493
210811,0.3080186
210814,0.16422097
210821,0.29034677
210833,0.47314653
210835,0.21344067
210859,0.20109513
210862,0.23388651
210870,0.47759107
210886,0.24248216
210893,0.12240619
210901,0.30502638
210906,0.66804767
210913,0.38161534
210953,0.33472347
210961,0.24209468
210962,0.7482303
210966,0.5360813
210983,0.64076
211000,0.42260474
211025,0.54264057
211036,0.20686588
211043,0.5695642
211062,0.73852086
211076,0.37842774
211085,0.5029301
211096,0.19885066
211097,0.71733075
211098,0.62115175
211103,0.23421182
211108,0.61770606
211131,0.6090429
211135,0.7403849
211139,0.16393483
211146,0.30782574
211150,0.20921215
211158,0.23306358
211170,0.7858217
211177,0.3033441
211183,0.54509103
211187,0.51089585
211191,0.09659227
211194,0.7574684
211196,0.6878583
211203,0.15745005
211209,0.62605876
211210,0.6104193
211211,0.6429421
211232,0.1739718
211244,0.6779211
211263,0.25870743
211264,0.5295737
211270,0.50865495
211278,0.18291874
211292,0.31707048
211293,0.3220025
211295,0.41413796
211296,0.57625955
211308,0.5467044
211310,0.4412888
211312,0.5295934
211325,0.2039488
211326,0.3366774
211330,0.40364188
211333,0.20735447
211341,0.2931249
211342,0.06525297
211350,0.36023694
211355,0.4788653
211357,0.6646549
211358,0.4343721
211362,0.2873205
211377,0.25616735
211378,0.72196424
211379,0.55005676
211384,0.55129236
211395,0.6045781
211398,0.33619213
211399,0.15306029
211417,0.39657116
211419,0.5681001
211420,0.22862719
211439,0.6903289
211442,0.20511685
211451,0.23330173
211457,0.3784333
211469,0.4116806
211483,0.24238493
211505,0.54497516
211508,0.27424732
211509,0.38872766
211510,0.5758192
211526,0.29878482
211547,0.3773578
211548,0.5638238
211550,0.21037458
211551,0.4096293
211553,0.786073
211562,0.45590696
211563,0.16616505
211564,0.6051279
211565,0.3848622
211571,0.7551254
211572,0.770781
211577,0.41825297
211580,0.5964164
211609,0.25561148
211625,0.48419875
211635,0.7353098
211646,0.42926654
211660,0.45620286
211670,0.7573972
211672,0.47131893
211688,0.25267863
211694,0.19134845
211696,0.3902933
211711,0.7544081
211718,0.28330988
211732,0.3092563
211735,0.23155817
211736,0.45960286
211740,0.49546096
211741,0.1314388
211746,0.18433955
211751,0.4092627
211754,0.52498484
211770,0.48499694
211771,0.5702942
211787,0.86702585
211788,0.49722555
211802,0.3466038
211804,0.34588706
211810,0.54220575
211832,0.4978449
211839,0.26341373
211860,0.28227052
211863,0.77934843
211866,0.18068093
211869,0.57834077
211872,0.25736016
211894,0.39139858
211901,0.2869101
211902,0.7042053
211903,0.68657464
211946,0.25285348
211950,0.43409058
211959,0.37088323
211964,0.5224899
211965,0.2234473
211979,0.32612866
211983,0.615396
211986,0.42523667
211987,0.16773765
211988,0.38384077
211999,0.20196982
212002,0.3638364
212004,0.22941186
212009,0.3974765
212015,0.34105688
212023,0.40036273
212048,0.41315746
212055,0.24310215
212067,0.08794568
212079,0.21500902
212080,0.27659214
212083,0.12847444
212085,0.62411934
212088,0.2409651
212089,0.24523085
212092,0.20854703
212097,0.37046966
212124,0.23999897
212132,0.20831656
212136,0.47364655
212144,0.52051896
212145,0.5877427
212167,0.15732354
212174,0.7835032
212175,0.3514039
212187,0.8449126
212191,0.18906747
212194,0.7360758
212238,0.39524743
212242,0.19986928
212245,0.4609533
212258,0.24357209
212262,0.33138746
212277,0.18527973
212283,0.18384875
212287,0.4249652
212288,0.50490516
212289,0.20151758
212293,0.32618093
212296,0.73877245
212300,0.6328569
212303,0.52514446
212326,0.28762105
212327,0.4172973
212328,0.12152133
212329,0.1655636
212339,0.41896287
212340,0.36523777
212343,0.30314302
212360,0.19416575
212389,0.40664682
212401,0.4787487
212407,0.15075244
212409,0.60541564
212422,0.29119465
212424,0.5970573
212440,0.32156906
212441,0.6933068
212443,0.24147913
212448,0.281668
212472,0.6656665
212478,0.4111247
212481,0.15877502
212493,0.5669666
212508,0.49797204
212511,0.17261094
212525,0.15498203
212531,0.5237864
212533,0.123730466
212555,0.55700684
212592,0.50216764
212610,0.2869365
212621,0.6092948
212629,0.45260984
212635,0.5265247
212636,0.20119862
212637,0.44072628
212643,0.4945188
212648,0.52476186
212654,0.80552447
212655,0.64575005
212660,0.53823775
212661,0.57967114
212664,0.49582598
212669,0.13754646
212670,0.3538916
212674,0.7537514
212676,0.8122672
212690,0.23738472
212691,0.29831165
212696,0.25287065
212710,0.5939425
212712,0.14796142
212716,0.37496796
212718,0.43155432
212720,0.4396889
212723,0.39056003
212730,0.19443382
212740,0.1297855
212747,0.6627954
212763,0.44448984
212773,0.24234667
212775,0.26386583
212776,0.4927675
212777,0.72760165
212781,0.5805096
212782,0.83724374
212785,0.26925358
212786,0.5708255
212795,0.18494642
212800,0.5500814
212818,0.5619331
212834,0.3634441
212837,0.41782552
212841,0.37268332
212842,0.18915088
212847,0.6028631
212848,0.21449393
212851,0.26440486
212865,0.11094619
212866,0.15219547
212874,0.5719275
212880,0.3399456
212894,0.33722913
212897,0.35679445
212912,0.3159376
212913,0.17006016
212916,0.3354312
212917,0.25342524
212933,0.3746516
212935,0.31556925
212936,0.3460309
212950,0.7641342
212957,0.4044312
212958,0.2660379
212961,0.5633305
212962,0.30595702
212963,0.6572221
212964,0.7426923
212968,0.6563129
212969,0.42666033
212976,0.07788079
212978,0.20073062
212983,0.52105457
212993,0.7360968
213004,0.19362913
213008,0.15735511
213014,0.103967175
213018,0.4604746
213021,0.1604558
213024,0.43042022
213045,0.40614858
213054,0.20019905
213059,0.65724456
213076,0.2709756
213095,0.2880005
213096,0.38016233
213100,0.16555959
213101,0.36995232
213109,0.39965203
213111,0.19746456
213116,0.18660362
213133,0.7106773
213140,0.48493797
213141,0.4705608
213143,0.8385531
213150,0.1822627
213152,0.35658616
213158,0.38702366
213159,0.30935803
213166,0.29077122
213167,0.7842509
213170,0.73130566
213178,0.63519216
213179,0.11510799
213189,0.29667962
213196,0.5146864
213201,0.14520524
213203,0.22620933
213204,0.41540283
213205,0.26862618
213206,0.26893464
213207,0.75383925
213208,0.30958033
213212,0.16326158
213214,0.13990957
213220,0.15282355
213240,0.25001532
213244,0.2183405
213263,0.75164926
213264,0.6769934
213265,0.1690392
213270,0.25853723
213283,0.524965
213287,0.3636769
213292,0.52258354
213295,0.4863082
213299,0.70132273
213303,0.35427323
213307,0.40133247
213308,0.28846976
213312,0.72451603
213313,0.13505924
213316,0.1829869
213317,0.59826463
213338,0.6391967
213357,0.30367106
213368,0.64855665
213374,0.45651335
213375,0.17834927
213386,0.5750587
213390,0.35195768
213393,0.21881768
213401,0.6240929
213423,0.48703596
213430,0.4549488
213431,0.4393189
213447,0.15881069
213465,0.34954804
213468,0.3115635
213473,0.5850036
213475,0.48612303
213476,0.23244786
213482,0.16093607
213493,0.5485824
213531,0.4552183
213534,0.3333408
213542,0.26254317
213546,0.43119672
213569,0.35791892
213570,0.44392484
213588,0.21042247
213591,0.1531006
213595,0.17876358
213597,0.4074178
213598,0.20286621
213604,0.47127953
213622,0.37830773
213623,0.7629111
213633,0.09353224
213639,0.08673139
213641,0.23416932
213649,0.40213525
213671,0.27809536
213675,0.24464452
213679,0.3644398
213680,0.3908901
213684,0.5696169
213685,0.28884757
213689,0.1907982
213691,0.7930985
213693,0.3660302
213712,0.16645443
213717,0.20397256
213734,0.6149205
213739,0.8663585
213765,0.3723192
213775,0.15116785
213776,0.56431866
213804,0.7805345
213808,0.22659068
213818,0.7558487
213821,0.33661076
213829,0.3215664
213836,0.57231456
213838,0.3682811
213843,0.36295217
213854,0.47449273
213859,0.6694581
213862,0.8545916
213874,0.47974554
213878,0.76481426
213886,0.11417475
213888,0.27034783
213892,0.37036097
213910,0.34149417
213921,0.62609756
213926,0.54877746
213928,0.24559145
213935,0.25795528
213949,0.29250327
213957,0.50053513
213959,0.37055194
213967,0.4211174
213974,0.2701451
213975,0.46718353
213983,0.56063884
213984,0.21998969
213998,0.3872561
214004,0.2426866
214006,0.3543428
214008,0.40447548
214014,0.25380337
214015,0.4879163
214034,0.20995869
214059,0.32760084
214067,0.074567296
214077,0.4182401
214078,0.32796118
214079,0.4343748
214085,0.39614597
214088,0.5501042
214099,0.43984094
214138,0.2618775
214141,0.103278786
214152,0.48687246
214154,0.15386476
214155,0.38276336
214177,0.42770922
214188,0.17733313
214192,0.37829894
214207,0.38000813
214217,0.32151166
214219,0.40909758
214228,0.49977645
214229,0.5820212
214233,0.3491421
214236,0.769436
214242,0.2214264
214249,0.0699304
214263,0.27265504
214264,0.1961325
214265,0.3787542
214268,0.53068
214281,0.28917456
214282,0.22842929
214295,0.43059623
214311,0.15366945
214315,0.33183137
214325,0.30507088
214334,0.34739113
214336,0.3067273
214337,0.39582285
214342,0.8187783
214344,0.55162764
214349,0.3000867
214355,0.10942453
214356,0.20942532
214358,0.42173254
214363,0.2777728
214364,0.23088789
214371,0.29058486
214377,0.856615
214379,0.32800543
214383,0.5267828
214406,0.052482914
214407,0.606195
214411,0.42965657
214415,0.58060664
214418,0.69965893
214419,0.17594707
214421,0.21836594
214430,0.16660509
214436,0.1460996
214463,0.5593592
214472,0.5131859
214474,0.68930435
214476,0.28078333
214478,0.20260999
214481,0.47273678
214484,0.22301123
214488,0.59986156
214491,0.5301198
214505,0.39892766
214507,0.5932765
214510,0.44096196
214518,0.5104435
214523,0.7816181
214539,0.5407577
214542,0.36249197
214544,0.37375477
214553,0.25172454
214554,0.37112993
214561,0.5910346
214563,0.58795244
214566,0.2745136
214581,0.30216154
214587,0.2625061
214588,0.5048371
214589,0.63032836
214593,0.51289904
214620,0.5835753
214630,0.62442476
214643,0.37612543
214644,0.6007696
214647,0.39215115
214654,0.14827336
214657,0.22508886
214658,0.334043
214662,0.33448258
214666,0.5947855
214680,0.24797006
214685,0.2802931
214693,0.12951212
214701,0.32877818
214705,0.20546332
214706,0.47706565
214719,0.39027512
214721,0.8725396
214724,0.18924053
214741,0.23194642
214769,0.40503225
214777,0.13954432
214780,0.47023934
214786,0.20304611
214789,0.2993993
214797,0.3842357
214804,0.3228851
214808,0.53487605
214810,0.68638116
214828,0.8021797
214830,0.31065258
214835,0.5759985
214844,0.33693293
214859,0.75778824
214861,0.20541376
214863,0.3766057
214887,0.22459103
214898,0.2441571
214906,0.46261394
214913,0.21311799
214915,0.5228415
214937,0.23824172
214944,0.6354747
214948,0.5694177
214970,0.45265177
214976,0.4523752
214999,0.7109122
215000,0.74992
215016,0.22449955
215024,0.19994347
215029,0.771066
215033,0.8875457
215037,0.842382
215054,0.20110154
215057,0.3266284
215064,0.24224105
215074,0.6334048
215077,0.5742253
215082,0.15408796
215096,0.26629066
215101,0.36799183
215103,0.21137832
215109,0.4467807
215124,0.42572436
215142,0.74146473
215143,0.21785502
215145,0.24993189
215157,0.15211873
215159,0.18602712
215161,0.4885057
215166,0.4334588
215177,0.55126107
215186,0.5393764
215194,0.4509796
215196,0.32187214
215204,0.6831031
215211,0.49448687
215230,0.556427
215241,0.23353565
215256,0.6381557
215257,0.37159762
215266,0.4771983
215267,0.13721493
215268,0.25392288
215278,0.6684286
215280,0.76886666
215318,0.73027515
215326,0.28429776
215331,0.41216865
215337,0.18364555
215344,0.19509001
215346,0.36922097
215348,0.56453043
215351,0.14752688
215358,0.6360224
215360,0.48574415
215367,0.22784102
215369,0.49153355
215383,0.22392322
215395,0.6250008
215407,0.36757433
215408,0.4124624
215412,0.195166
215433,0.26932284
215454,0.47685325
215463,0.5853408
215488,0.1113069
215508,0.61528486
215512,0.08858415
215516,0.54961884
215525,0.6149954
215531,0.3641193
215534,0.5386711
215537,0.25559536
215539,0.27309608
215548,0.26582488
215554,0.3529525
215556,0.19955093
215559,0.78652865
215560,0.39832702
215563,0.21817271
215564,0.14172997
215569,0.59906906
215574,0.8884704
215586,0.554145
215594,0.69365793
215608,0.36561865
215614,0.31370264
215623,0.63224876
215628,0.49850565
215637,0.8302546
215638,0.73685694
215649,0.22483085
215651,0.25221416
215653,0.16127466
215678,0.3720464
215708,0.33513686
215711,0.47659045
215733,0.3231726
215739,0.08604871
215742,0.14205842
215756,0.3238351
215772,0.41518307
215775,0.6193025
215791,0.21024257
215796,0.52508914
215803,0.21961193
215805,0.21729301
215807,0.12571661
215829,0.26054654
215855,0.26372874
215856,0.6445695
215860,0.45110396
215861,0.32250273
215877,0.10697526
215883,0.3957791
215889,0.47038588
215897,0.28833917
215898,0.15585671
215901,0.37454453
215908,0.34347036
215910,0.9057757
215911,0.17947893
215923,0.21129327
215928,0.26989225
215934,0.6096756
215936,0.460034
215947,0.07879781
215951,0.25013953
215958,0.08300004
215959,0.22239633
215963,0.41907185
215968,0.69778323
215972,0.49423784
215976,0.264615
215978,0.52003586
215981,0.20040216
215999,0.12154029
216001,0.69836974
216012,0.36730394
216020,0.66788524
216035,0.28871366
216038,0.7609866
216041,0.4144166
216049,0.42867398
216065,0.3055266
216096,0.768607
216110,0.20933981
216115,0.5722781
216121,0.21142457
216122,0.8644881
216129,0.23518561
216131,0.6241092
216138,0.37301263
216142,0.5395136
216143,0.15103714
216150,0.38559443
216180,0.49068928
216184,0.34601915
216189,0.39372453
216190,0.72592336
216197,0.19121969
216218,0.7641409
216219,0.5733998
216221,0.48887375
216231,0.18822153
216240,0.627368
216272,0.34999788
216281,0.3666779
216284,0.1869404
216290,0.3876862
216297,0.38578007
216305,0.2650456
216306,0.47770816
216317,0.24876033
216333,0.15363382
216338,0.53832537
216339,0.6464005
216346,0.42916033
216349,0.6155305
216350,0.7702588
216351,0.21389116
216353,0.22210619
216355,0.4792986
216364,0.6188403
216387,0.62496537
216392,0.2996648
216393,0.6787387
216399,0.088023506
216416,0.28461093
216433,0.3300157
216435,0.14879087
216442,0.72550696
216458,0.4304615
216461,0.76808834
216468,0.52585196
216469,0.3148467
216471,0.55805546
216473,0.56612056
216475,0.31663075
216496,0.36818957
216510,0.5188422
216511,0.39022207
216515,0.33067334
216516,0.39661315
216521,0.19334185
216532,0.29100987
216548,0.1255145
216551,0.45420596
216560,0.32575983
216562,0.5417357
216563,0.41753238
216565,0.31985167
216582,0.29126927
216587,0.55182993
216589,0.21142662
216597,0.36887175
216606,0.28753033
216607,0.09542424
216608,0.6693056
216621,0.31639346
216622,0.13565151
216627,0.50769246
216636,0.42675504
216647,0.29246536
216655,0.66736424
216659,0.64964813
216666,0.62661445
216676,0.40368727
216677,0.42823395
216679,0.40828216
216681,0.3117542
216686,0.18689044
216687,0.5937982
216694,0.5226226
216697,0.18835951
216714,0.28001237
216719,0.3897269
216720,0.26715177
216721,0.48871326
216723,0.394006
216740,0.68090576
216746,0.33704913
216747,0.3298791
216751,0.37777984
216758,0.54706556
216768,0.17865641
216778,0.38449717
216786,0.64362407
216801,0.6417836
216802,0.6518133
216807,0.16861409
216808,0.14548022
216810,0.32290292
216818,0.22778364
216823,0.38412353
216826,0.078154035
216827,0.20023608
216828,0.40577298
216840,0.83189833
216844,0.39829987
216845,0.4626219
216851,0.51781386
216857,0.31386954
216858,0.32564962
216862,0.21489622
216874,0.18249226
216880,0.34735686
216900,0.33565307
216902,0.32501918
216903,0.30413333
216904,0.26411363
216931,0.23403016
216936,0.21203902
216938,0.7199789
216952,0.4844246
216954,0.41534376
216955,0.3374617
216961,0.46323323
216981,0.7017079
216985,0.19613372
216992,0.42875734
216995,0.16617753
216997,0.14796223
216998,0.3215835
216999,0.32001793
217022,0.50269413
217034,0.386645
217038,0.24312963
217050,0.31974936
217055,0.2857748
217064,0.56480896
217071,0.17946807
217078,0.55952615
217083,0.5874782
217084,0.113819815
217086,0.38107464
217096,0.6441511
217101,0.6307508
217109,0.5221719
217118,0.3545337
217121,0.66460204
217125,0.60810465
217130,0.77146834
217136,0.45827878
217137,0.23941627
217143,0.1989454
217148,0.29252687
217155,0.18029341
217162,0.277254
217172,0.50755376
217174,0.2735717
217175,0.6679243
217177,0.3083163
217178,0.6933515
217192,0.21262394
217220,0.24316579
217221,0.3582088
217223,0.1527629
217232,0.46954483
217243,0.29110733
217248,0.6239406
217250,0.47862294
217271,0.55081785
217283,0.19364862
217297,0.7177239
217323,0.4791743
217326,0.2959818
217334,0.33404428
217338,0.22565524
217341,0.792493
217342,0.6352391
217355,0.10845447
217362,0.3748299
217366,0.63859624
217367,0.4272515
217371,0.40209326
217383,0.5535879
217401,0.5562362
217404,0.4349199
217419,0.23073654
217422,0.49707672
217423,0.057732444
217427,0.47601405
217429,0.24826951
217430,0.2511503
217441,0.40320185
217444,0.2387679
217465,0.29055253
217471,0.14323667
217488,0.4654906
217493,0.27575088
217509,0.82492536
217510,0.30385578
217511,0.6558058
217519,0.47533605
217522,0.5986032
217562,0.3889043
217574,0.34680846
217577,0.09219256
217579,0.45424786
217596,0.2037687
217602,0.16230883
217612,0.5484024
217632,0.4574048
217635,0.2683348
217636,0.62302697
217638,0.59915054
217639,0.570077
217651,0.48059654
217652,0.18081272
217663,0.76689994
217669,0.26894265
217686,0.5674139
217699,0.31051117
217700,0.69571424
217703,0.379302
217706,0.54540944
217714,0.51327914
217732,0.21778351
217736,0.5595103
217749,0.7545658
217763,0.13811599
217770,0.40238705
217771,0.28612265
217772,0.46721745
217776,0.33361924
217777,0.4177516
217778,0.777446
217782,0.19012302
217790,0.6736779
217792,0.17684671
217793,0.5082707
217795,0.7566837
217796,0.17422497
217800,0.20641044
217804,0.30849335
217807,0.1268359
217846,0.53462875
217847,0.58664334
217853,0.26831082
217856,0.5213479
217864,0.1814076
217867,0.4751131
217868,0.75688076
217885,0.5742173
217887,0.38996574
217889,0.40008077
217900,0.2517579
217903,0.28097478
217905,0.47758034
217909,0.45030743
217913,0.13213755
217944,0.2741372
217946,0.33930504
217954,0.50694853
217956,0.4352031
217957,0.23031448
217961,0.80064154
217962,0.30006197
217976,0.3453252
217980,0.49320638
217981,0.3355563
218006,0.26848704
218009,0.3700275
218032,0.76185775
218049,0.11652059
218053,0.32442933
218078,0.44867143
218080,0.5369646
218081,0.24631216
218094,0.69807214
218098,0.34869567
218099,0.55516785
218100,0.6003732
218113,0.3688315
218117,0.50508785
218118,0.25889114
218119,0.40881518
218125,0.1921155
218133,0.29757392
218153,0.6166423
218165,0.44271135
218166,0.13450772
218177,0.21556364
218178,0.21991031
218202,0.3079927
218203,0.3193815
218207,0.48870218
218209,0.36095628
218236,0.32208058
218244,0.28125134
218247,0.543188
218250,0.35757172
218266,0.36883536
218275,0.6791328
218276,0.28610578
218287,0.59053737
218292,0.13209592
218298,0.6112357
218300,0.19401796
218320,0.31357852
218321,0.6801309
218333,0.24423851
218347,0.2897709
218353,0.25469187
218366,0.31252173
218368,0.16824481
218369,0.34825525
218372,0.552345
218376,0.35649237
218378,0.2931217
218403,0.43757233
218413,0.5649633
218418,0.44331765
218449,0.7803054
218450,0.45332378
218458,0.14910893
218464,0.40704527
218475,0.39034262
218476,0.588697
218478,0.3807469
218515,0.24891864
218517,0.32164547
218518,0.48836064
218538,0.15916558
218539,0.7004908
218550,0.6504819
218551,0.1136011
218565,0.7899187
218580,0.1273416
218591,0.6865381
218598,0.07985048
218600,0.28123242
218602,0.54404604
218607,0.7276308
218651,0.30974388
218652,0.23637894
218656,0.900179
218658,0.21641918
218669,0.61646014
218670,0.5771114
218671,0.27375802
218677,0.52737105
218680,0.28572637
218685,0.08282605
218686,0.7298316
218692,0.456052
218693,0.44990247
218699,0.8127769
218709,0.40496278
218729,0.3316736
218734,0.1653073
218742,0.24381536
218743,0.17367436
218756,0.42529163
218772,0.5422145
218782,0.3585926
218786,0.370763
218788,0.3430763
218796,0.28893718
218801,0.347823
218812,0.25012028
218832,0.49890697
218834,0.5561456
218846,0.78913766
218847,0.7550745
218848,0.1484768
218853,0.53674805
218865,0.46498507
218870,0.17280844
218873,0.25798747
218884,0.21129015
218893,0.49441946
218898,0.109677374
218911,0.46833685
218933,0.6247402
218934,0.37096915
218939,0.21370694
218948,0.17318086
218957,0.59014565
218962,0.4916196
218973,0.2843567
218975,0.0798847
219000,0.09869986
219001,0.265848
219006,0.19136576
219027,0.4245843
219036,0.4312712
219043,0.5749793
219047,0.30453953
219057,0.34400558
219059,0.76011205
219062,0.31204462
219074,0.15695494
219085,0.100083
219087,0.45383376
219095,0.36872917
219114,0.3611255
219115,0.33051154
219119,0.31885067
219140,0.46608505
219147,0.28293514
219170,0.3438272
219171,0.65971893
219174,0.48111877
219177,0.50727594
219180,0.16591455
219195,0.16146909
219203,0.1557235
219207,0.427008
219223,0.529244
219229,0.5503957
219236,0.34073865
219238,0.5075324
219243,0.5771456
219245,0.2863042
219247,0.8232579
219273,0.33616188
219278,0.61665344
219279,0.5720887
219284,0.41079515
219319,0.23636052
219326,0.57160306
219336,0.46121866
219344,0.50783163
219359,0.22961415
219360,0.18143383
219364,0.50060385
219368,0.67192405
219376,0.29239333
219382,0.18129714
219388,0.22757086
219396,0.5664081
219398,0.5361327
219403,0.33040777
219405,0.2479182
219406,0.56267256
219410,0.56645536
219424,0.57646257
219446,0.16118379
219450,0.116800055
219451,0.6126082
219464,0.21515001
219465,0.2192422
219469,0.28289974
219472,0.7674986
219482,0.40129593
219506,0.25841266
219507,0.46664652
219516,0.63041383
219521,0.6414957
219564,0.8000505
219565,0.09355502
219568,0.19065338
219570,0.090188496
219578,0.19480361
219579,0.79867953
219588,0.32897496
219593,0.56223077
219594,0.39159274
219601,0.20230184
219608,0.3478293
219616,0.4887867
219620,0.450326
219621,0.36432743
219628,0.24355118
219632,0.68402034
219637,0.41418627
219670,0.44174647
219688,0.090560265
219704,0.46797028
219717,0.39905217
219723,0.7179723
219741,0.6276023
219772,0.6398197
219774,0.25110376
219775,0.34811485
219778,0.26467353
219787,0.5487737
219788,0.54753566
219806,0.47272697
219811,0.40682423
219815,0.2944115
219817,0.49886805
219835,0.26320142
219845,0.18960059
219848,0.1705825
219864,0.43653607
219866,0.3363992
219868,0.33862662
219870,0.29071307
219886,0.43206653
219908,0.22623107
219910,0.53418905
219914,0.32140628
219925,0.6287085
219935,0.7484018
219940,0.5648641
219959,0.52363545
219962,0.5809857
219975,0.21367264
219981,0.61925685
219998,0.36806855
219999,0.4599008
220006,0.3076886
220010,0.7828059
220012,0.23295207
220014,0.18479097
220018,0.28531098
220019,0.3896754
220021,0.45786622
220058,0.13921748
220060,0.7268851
220061,0.1989637
220063,0.3974516
220066,0.6991429
220070,0.20476201
220071,0.63955784
220082,0.36392236
220094,0.36769357
220107,0.39171878
220114,0.5795372
220120,0.11757865
220126,0.60529053
220143,0.16461094
220147,0.6021384
220157,0.4255036
220160,0.5520844
220169,0.3531391
220177,0.35329655
220181,0.32228646
220186,0.23459992
220189,0.40822065
220206,0.8065593
220221,0.5003561
220227,0.5259736
220228,0.5381813
220248,0.37674856
220277,0.683311
220304,0.62823975
220311,0.26364765
220315,0.420052
220316,0.22515565
220323,0.13807052
220325,0.3347168
220358,0.26318735
220363,0.41068262
220369,0.46510068
220370,0.22165664
220380,0.5612528
220386,0.6699921
220387,0.32103708
220393,0.14731374
220394,0.48772427
220412,0.50888425
220415,0.23626219
220416,0.7818683
220417,0.53428566
220418,0.27691218
220422,0.19521417
220431,0.40506563
220439,0.76461524
220456,0.10857418
220458,0.2740863
220468,0.08753519
220474,0.36835048
220479,0.45108157
220494,0.20053746
220501,0.65377986
220503,0.24304216
220511,0.12172245
220514,0.54655355
220516,0.7974511
220521,0.63835156
220530,0.41548577
220562,0.115349874
220565,0.20692506
220582,0.23556465
220594,0.28173158
220600,0.88861805
220614,0.44843772
220621,0.6470691
220624,0.6688758
220629,0.32403094
220632,0.49624977
220639,0.16225308
220655,0.17067657
220664,0.19372548
220670,0.17160562
220686,0.14861618
220699,0.432128
220714,0.2649543
220729,0.4655585
220732,0.64277893
220733,0.14045097
220735,0.24478644
220740,0.30772355
220741,0.22662227
220747,0.64886826
220748,0.24295077
220749,0.4709846
220755,0.2977881
220764,0.5103257
220767,0.6210431
220772,0.5940575
220779,0.4466337
220781,0.45332864
220790,0.122399345
220806,0.35484996
220811,0.22777389
220816,0.50714207
220822,0.21644783
220827,0.59206253
220828,0.31989142
220829,0.57762814
220832,0.33470964
220833,0.44160944
220841,0.63250446
220842,0.46559116
220856,0.5182418
220874,0.6425404
220881,0.5641244
220882,0.43810716
220887,0.22177173
220893,0.28102553
220909,0.11737647
220916,0.34538049
220917,0.7063093
220918,0.53415126
220924,0.2379079
220931,0.52093095
220932,0.50329435
220949,0.25748506
220950,0.5275947
220956,0.28112552
220972,0.10377996
220994,0.24781552
221004,0.84050995
221008,0.6341163
221011,0.38919753
221030,0.15962948
221032,0.1754683
221035,0.14001122
221058,0.6072765
221059,0.4029009
221075,0.45231646
221079,0.3815256
221080,0.31177804
221107,0.3544004
221116,0.7840046
221129,0.6213843
221148,0.36573127
221158,0.16633782
221165,0.36905485
221169,0.57234246
221171,0.42521098
221198,0.7292698
221202,0.41286156
221205,0.79022163
221223,0.49102625
221227,0.39407825
221228,0.200947
221234,0.38229692
221242,0.405018
221252,0.755094
221256,0.42046896
221260,0.5554502
221261,0.43050382
221264,0.23263475
221267,0.33407763
221272,0.6065799
221284,0.5862928
221292,0.7000226
221311,0.3342477
221322,0.41398782
221327,0.35464463
221339,0.19054876
221371,0.33380467
221372,0.2678233
221404,0.58774227
221411,0.2400021
221438,0.41583863
221451,0.40638942
221465,0.5602153
221477,0.65720767
221483,0.28413683
221493,0.52702737
221495,0.15462732
221498,0.56338507
221500,0.6177466
221506,0.49467537
221513,0.46525303
221523,0.41855413
221528,0.34550974
221529,0.6735611
221530,0.2762242
221531,0.4046915
221549,0.34147727
221550,0.20279679
221565,0.75472564
221570,0.40756574
221573,0.104200885
221575,0.4387495
221576,0.5816566
221604,0.65205646
221615,0.43995667
221626,0.16971846
221629,0.7341439
221630,0.28481185
221636,0.38513723
221656,0.3621983
221659,0.28822494
221663,0.63842136
221665,0.3544126
221675,0.73098284
221676,0.15195116
221677,0.60038126
221679,0.19103546
221707,0.33603123
221712,0.39845926
221717,0.37238196
221725,0.40272528
221733,0.2951158
221741,0.2069963
221747,0.2657958
221762,0.3938276
221763,0.09012674
221770,0.37870225
221771,0.3513914
221787,0.06391319
221793,0.096347645
221804,0.20565754
221805,0.08889794
221825,0.48311335
221827,0.5339313
221828,0.5818092
221829,0.22375831
221845,0.7302569
221859,0.43955675
221860,0.22481988
221867,0.74885833
221868,0.54037285
221870,0.5627021
221876,0.57072216
221884,0.7097671
221895,0.27470148
221911,0.31642464
221921,0.45250675
221931,0.64761966
221935,0.36449546
221955,0.39663184
221959,0.17967147
221966,0.33132368
221974,0.27098656
221981,0.32682446
222002,0.82949007
222010,0.120566696
222012,0.49714082
222013,0.6161801
222023,0.6504189
222034,0.3687536
222048,0.49566168
222052,0.70753926
222059,0.49126574
222060,0.36196554
222061,0.38751203
222067,0.16706374
222076,0.6956134
222081,0.7640866
222120,0.31013268
222121,0.46062496
222133,0.4912762
222149,0.68149495
222150,0.20157506
222153,0.33068916
222154,0.2384776
222159,0.34505376
222165,0.4074097
222167,0.20165528
222170,0.50813085
222178,0.7168874
222179,0.45370194
222188,0.39312205
222189,0.20828089
222195,0.41010052
222198,0.4688067
222224,0.118216544
222234,0.23801029
222254,0.5796217
222256,0.5429676
222264,0.28941098
222281,0.26372463
222296,0.8614329
222303,0.548031
222309,0.21574911
222310,0.27862006
222313,0.5591827
222321,0.6952032
222322,0.28376853
222328,0.5246065
222333,0.2548462
222334,0.48952293
222338,0.14299588
222347,0.47573355
222349,0.3366169
222351,0.22989945
222352,0.512139
222357,0.30568257
222362,0.06992304
222381,0.7582687
222392,0.22802323
222401,0.50461054
222413,0.34064957
222422,0.23893477
222423,0.6836111
222430,0.42425528
222432,0.38276362
222452,0.36748707
222459,0.29133248
222473,0.27681208
222475,0.24250782
222481,0.7047265
222482,0.57058847
222489,0.13560133
222496,0.25925395
222505,0.55258304
222516,0.30475911
222537,0.46585602
222555,0.18830404
222566,0.5067126
222572,0.29430622
222577,0.53397006
222618,0.39053002
222619,0.1477265
222624,0.18012469
222625,0.37679946
222626,0.24802686
222629,0.22396117
222634,0.16815442
222636,0.69716537
222637,0.13682415
222641,0.16523385
222646,0.4030949
222648,0.73213243
222659,0.22089417
222663,0.16438642
222665,0.22004598
222671,0.5694757
222674,0.25044766
222675,0.45908275
222707,0.5276038
222709,0.16904859
222711,0.5538231
222717,0.47966063
222728,0.5813474
222752,0.6223343
222753,0.17574425
222755,0.1722698
222765,0.16731958
222768,0.7700318
222769,0.7953072
222783,0.73286235
222799,0.34136167
222821,0.14140996
222825,0.6235914
222837,0.7564856
222862,0.7314902
222863,0.60218215
222869,0.4718274
222876,0.40862206
222892,0.488327
222898,0.31777105
222912,0.2081438
222920,0.40633246
222926,0.40118676
222934,0.55993724
222938,0.22397625
222945,0.65948343
222947,0.20198764
222966,0.6796055
222971,0.4998019
222994,0.19087614
223008,0.70370966
223019,0.14410108
223040,0.46193987
223042,0.6415882
223049,0.12938352
223051,0.163276
223056,0.10971164
223058,0.4796436
223064,0.36783344
223067,0.20495243
223073,0.78061557
223075,0.18642367
223078,0.48349002
223079,0.398912
223082,0.62952715
223098,0.5946569
223112,0.19229262
223116,0.561119
223121,0.47843677
223128,0.50261754
223135,0.39492744
223136,0.3935621
223144,0.19493525
223151,0.2525627
223157,0.31396762
223181,0.4651229
223190,0.39137194
223197,0.42312616
223205,0.33154383
223209,0.26163808
223221,0.86088467
223235,0.54501766
223238,0.28198698
223244,0.3651898
223258,0.18333936
223262,0.6125063
223272,0.49795538
223288,0.48455447
223298,0.36244398
223310,0.54093593
223320,0.23818958
223357,0.7348774
223365,0.15516295
223369,0.38232505
223375,0.65585023
223384,0.15099315
223393,0.15608525
223412,0.2954455
223428,0.35031554
223440,0.8057714
223456,0.8646975
223470,0.29986992
223471,0.28584847
223484,0.19196539
223488,0.7426497
223489,0.3118886
223490,0.22095925
223492,0.20997742
223496,0.59341043
223503,0.1842444
223507,0.39802444
223518,0.5485834
223519,0.3737909
223521,0.1750781
223524,0.20344196
223526,0.2336088
223527,0.81315106
223529,0.27595162
223534,0.22369865
223538,0.73640054
223547,0.22819778
223549,0.23550725
223551,0.6827876
223552,0.4727153
223567,0.26224938
223571,0.7050178
223582,0.14014924
223584,0.3268244
223585,0.7174533
223586,0.20097342
223588,0.09295728
223592,0.15763475
223594,0.264454
223607,0.63229203
223608,0.23779835
223609,0.704466
223610,0.124888726
223611,0.35838225
223635,0.17614344
223636,0.15365346
223638,0.20843633
223649,0.21305193
223670,0.54983014
223688,0.33818373
223698,0.20341909
223699,0.6692508
223716,0.4934578
223718,0.5393476
223720,0.1741318
223727,0.23261511
223729,0.11986074
223739,0.25111
223740,0.35270005
223741,0.20081708
223750,0.28760192
223752,0.38010046
223764,0.51145273
223781,0.1476005
223783,0.60416514
223794,0.20427798
223808,0.36245406
223810,0.53617376
223814,0.45177305
223817,0.47599205
223830,0.6395275
223839,0.29044443
223849,0.4944392
223851,0.8308179
223854,0.4970114
223888,0.80778426
223914,0.46132076
223923,0.3789297
223925,0.11441011
223939,0.20619331
223949,0.46941814
223951,0.71442705
223952,0.5245068
223967,0.3366369
223971,0.779452
223974,0.30613533
223978,0.5876143
223991,0.63794965
224008,0.2470348
224016,0.13645127
224024,0.2250262
224039,0.23977268
224040,0.49096003
224044,0.6095439
224047,0.41649622
224055,0.18765332
224061,0.6435731
224065,0.384963
224079,0.3718412
224080,0.16576555
224089,0.3548695
224094,0.64040565
224095,0.6716015
224109,0.46066135
224111,0.32726398
224112,0.3889698
224134,0.7191358
224135,0.3009263
224138,0.60409236
224139,0.209783
224158,0.26038623
224161,0.579314
224171,0.6254196
224182,0.56174076
224191,0.47790504
224194,0.23460475
224195,0.5748888
224205,0.38021433
224206,0.6390899
224211,0.07549829
224213,0.21881369
224214,0.566198
224236,0.50161296
224239,0.7807332
224241,0.5835117
224251,0.26304004
224259,0.36487076
224262,0.5518608
224263,0.18949802
224268,0.44490248
224270,0.29014438
224282,0.65605634
224300,0.14381444
224315,0.57446826
224319,0.21086073
224325,0.17660953
224337,0.21880724
224339,0.5737433
224343,0.14854915
224344,0.6771831
224347,0.6242664
224353,0.49989167
224363,0.16516322
224370,0.37291363
224379,0.2989582
224380,0.52563316
224393,0.25261652
224395,0.38920477
224407,0.3405639
224408,0.19267605
224426,0.34976026
224427,0.3911372
224428,0.1646313
224437,0.8952223
224444,0.05986288
224445,0.4605353
224459,0.14777437
224473,0.82873845
224488,0.5590939
224490,0.7253348
224493,0.6790409
224494,0.6262111
224495,0.36228228
224499,0.24379466
224524,0.30175793
224528,0.119067445
224538,0.79046744
224553,0.49489227
224554,0.17901231
224575,0.14659847
224586,0.24157558
224593,0.46887344
224599,0.5145822
224614,0.23085363
224625,0.23347096
224626,0.29263386
224627,0.3813182
224628,0.61421317
224631,0.104153045
224651,0.59976697
224658,0.39641765
224664,0.19553323
224668,0.20223048
224673,0.46454543
224674,0.32359293
224683,0.27550966
224708,0.48812705
224748,0.3817179
224756,0.3129789
224757,0.41928098
224760,0.14342229
224771,0.6673648
224772,0.25076386
224797,0.2958702
224823,0.6458823
224831,0.5179956
224841,0.15583697
224843,0.5265848
224844,0.6733464
224849,0.25443316
224855,0.45396045
224856,0.09602642
224864,0.24636634
224871,0.37217218
224876,0.5871502
224889,0.5149699
224896,0.5628547
224899,0.36447445
224912,0.20363392
224916,0.57014716
224918,0.5025759
224925,0.48852038
224929,0.28113222
224934,0.53478235
224950,0.7303135
224953,0.3497053
224956,0.62884164
224958,0.39587167
224960,0.46515694
224971,0.69078267
224975,0.35360178
224978,0.59004086
224986,0.33695886
224987,0.6075721
224990,0.22003552
225010,0.20427035
225041,0.27662623
225044,0.14794908
225045,0.28064534
225048,0.5762212
225053,0.6594676
225058,0.41227528
225075,0.17149433
225085,0.1930287
225103,0.26375827
225107,0.30250877
225114,0.4392313
225122,0.41553402
225130,0.3157314
225131,0.69005436
225132,0.356439
225134,0.32334614
225136,0.3320086
225141,0.26777422
225145,0.24937138
225146,0.1877005
225156,0.22079816
225158,0.5565525
225165,0.38407665
225185,0.4073145
225194,0.525143
225195,0.16792089
225223,0.65153253
225224,0.5866262
225231,0.43087527
225233,0.4003484
225246,0.7746353
225281,0.28965223
225286,0.39912012
225301,0.75622904
225302,0.22644092
225336,0.3886913
225347,0.40179822
225351,0.34075713
225362,0.21830529
225363,0.20271203
225364,0.3078175
225370,0.29372993
225374,0.22325712
225375,0.4527659
225380,0.15013018
225381,0.17489499
225382,0.39666653
225392,0.3396766
225410,0.54783016
225425,0.66321677
225431,0.1888515
225456,0.09599302
225460,0.60393065
225475,0.27905184
225478,0.18132164
225483,0.59103054
225499,0.6729858
225514,0.8548037
225517,0.28065187
225524,0.7965693
225532,0.31710505
225545,0.47929698
225546,0.32508153
225550,0.24877378
225580,0.6077862
225581,0.5635755
225582,0.33530438
225585,0.6157811
225601,0.5005657
225612,0.50289637
225621,0.5293519
225636,0.5128107
225639,0.38215348
225650,0.17366645
225654,0.33256868
225664,0.25038517
225665,0.76578605
225666,0.17048046
225686,0.4408282
225689,0.23925687
225691,0.18777654
225721,0.12383449
225733,0.34223312
225739,0.4394985
225741,0.69452465
225766,0.15736589
225776,0.71988326
225788,0.21750334
225792,0.15871908
225803,0.38032562
225804,0.50029045
225805,0.6704574
225808,0.25950387
225819,0.2845648
225826,0.19153477
225832,0.48385262
225850,0.30997497
225851,0.31723258
225854,0.42963552
225858,0.34809738
225875,0.26191637
225884,0.30837432
225890,0.12402892
225906,0.26141855
225908,0.51288944
225910,0.5443521
225920,0.752386
225950,0.6747531
225990,0.39296588
225991,0.26702115
226010,0.3538151
226011,0.1482963
226018,0.27314663
226029,0.6367734
226030,0.31150147
226041,0.36557487
226044,0.2448461
226051,0.4903048
226054,0.18327053
226085,0.7130354
226105,0.19230752
226116,0.83980846
226130,0.5988526
226131,0.5446795
226170,0.42435464
226171,0.30417255
226176,0.631164
226177,0.4705246
226183,0.16113289
226187,0.60607177
226188,0.6733352
226190,0.66926396
226206,0.21111561
226213,0.5379398
226214,0.62152845
226226,0.17612734
226244,0.4013366
226245,0.1406512
226251,0.5725986
226258,0.22946858
226259,0.40979034
226265,0.55115306
226291,0.74910015
226294,0.23384222
226299,0.3787863
226300,0.34678692
226301,0.7168317
226302,0.48584384
226308,0.24422008
226309,0.14856194
226318,0.10407797
226319,0.64745426
226320,0.43160173
226325,0.6530992
226334,0.3702939
226337,0.6479672
226348,0.4842262
226353,0.1407423
226361,0.18280165
226387,0.5258674
226395,0.49186903
226413,0.16436008
226416,0.15051088
226427,0.26661617
226433,0.45854694
226447,0.57623935
226487,0.3435548
226495,0.63926584
226496,0.28729394
226499,0.14594686
226501,0.65967333
226505,0.3643493
226506,0.39754108
226507,0.37799764
226516,0.20884794
226523,0.3998089
226527,0.4502139
226533,0.30483046
226537,0.46722865
226539,0.13855527
226551,0.51886266
226556,0.14304541
226557,0.20166598
226561,0.60416245
226565,0.40243733
226567,0.16458139
226590,0.38086304
226599,0.6861876
226639,0.71937025
226654,0.6848465
226664,0.50749844
226668,0.625492
226677,0.4344794
226682,0.47554603
226689,0.250684
226691,0.25754085
226698,0.4023976
226713,0.25269327
226720,0.34702715
226734,0.28749284
226735,0.43100938
226738,0.56297606
226742,0.14035706
226763,0.08046933
226766,0.55936694
226772,0.2363244
226779,0.54289144
226780,0.6585855
226787,0.8439163
226790,0.8702415
226792,0.572254
226797,0.3383742
226803,0.40330637
226807,0.5225271
226827,0.12672813
226828,0.3161256
226836,0.2554433
226837,0.14182703
226838,0.6755473
226847,0.45080882
226881,0.76468486
226882,0.3116489
226884,0.37583467
226917,0.4015787
226921,0.49332088
226933,0.45929137
226938,0.80038756
226948,0.465343
226952,0.20396389
226954,0.37565228
226965,0.23265694
226970,0.30275548
226977,0.838595
226986,0.31849203
227005,0.39945537
227009,0.41905037
227010,0.49875185
227013,0.5399348
227019,0.3725624
227025,0.44209126
227026,0.23087229
227027,0.40848935
227029,0.20113406
227049,0.38905767
227053,0.20007367
227054,0.34780732
227058,0.3974249
227074,0.2623098
227099,0.15311436
227100,0.23514912
227109,0.14849234
227111,0.37474063
227112,0.2542015
227125,0.6654444
227145,0.5838937
227148,0.6501988
227151,0.40308157
227160,0.58748674
227165,0.5435968
227200,0.75964236
227210,0.4848459
227213,0.5443904
227235,0.50844616
227242,0.517755
227245,0.6436939
227246,0.18486775
227248,0.33053285
227251,0.4993476
227252,0.2642092
227258,0.31993955
227264,0.5380949
227270,0.57870483
227272,0.17581768
227274,0.19275716
227281,0.31831697
227290,0.35969153
227293,0.62050724
227299,0.4717602
227306,0.4385196
227323,0.34569544
227325,0.19210763
227326,0.34579757
227332,0.67731917
227336,0.21442316
227343,0.24001835
227344,0.07058301
227345,0.29363734
227348,0.6750543
227360,0.28956985
227376,0.24902345
227386,0.5134442
227392,0.5582847
227393,0.37413234
227401,0.14522374
227404,0.64545596
227413,0.3877654
227420,0.59137267
227459,0.24518149
227460,0.203433
227462,0.42208242
227463,0.5142637
227481,0.47130993
227482,0.165706
227485,0.65287817
227486,0.3503506
227493,0.3046302
227500,0.4153998
227501,0.2913845
227502,0.23887512
227506,0.4828286
227523,0.5829694
227525,0.27549437
227531,0.21602854
227532,0.72324574
227535,0.50713944
227542,0.38252532
227545,0.5624639
227566,0.21194208
227578,0.3005502
227585,0.5460083
227586,0.16772437
227587,0.17447475
227590,0.32434803
227595,0.6632303
227596,0.2544151
227597,0.58897334
227600,0.57197213
227621,0.52910686
227637,0.35869437
227640,0.75101876
227649,0.7798682
227653,0.17354448
227674,0.50063586
227675,0.36849836
227680,0.49953482
227696,0.2770471
227701,0.83771867
227707,0.44492072
227713,0.5967241
227715,0.39885825
227728,0.33408615
227730,0.2644237
227731,0.19830033
227732,0.27101386
227736,0.524221
227739,0.4175367
227740,0.88672346
227741,0.7621931
227742,0.8342618
227745,0.47070658
227749,0.8522534
227752,0.10033162
227756,0.78876936
227769,0.53240585
227779,0.38295114
227783,0.66432494
227799,0.35328043
227803,0.2562733
227818,0.4005083
227822,0.61221
227823,0.27022585
227824,0.388374
227825,0.3459719
227826,0.4855679
227833,0.38629088
227834,0.58167386
227837,0.3302567
227839,0.21921282
227856,0.4860672
227872,0.22750805
227876,0.50324005
227905,0.682736
227908,0.74912345
227909,0.76596135
227912,0.4044957
227917,0.2854809
227931,0.5456726
227936,0.55121255
227939,0.18202491
227941,0.10904998
227942,0.39177907
227944,0.4191507
227945,0.6376694
227952,0.5505092
227954,0.5221321
227968,0.0666307
227975,0.2038026
227989,0.5424914
227992,0.54829526
227993,0.35432065
227996,0.35015023
227997,0.30941018
227998,0.23335084
228040,0.37669227
228044,0.2806758
228045,0.27552098
228046,0.14559095
228051,0.32896063
228052,0.39284292
228053,0.26846683
228059,0.30756804
228062,0.3412263
228070,0.38230428
228074,0.26844722
228077,0.2609534
228078,0.6149364
228097,0.49158758
228099,0.6341483
228100,0.26699063
228102,0.7930626
228103,0.6212936
228104,0.6024376
228107,0.510621
228117,0.30390075
228123,0.30089638
228125,0.23347564
228130,0.14644624
228134,0.26385832
228141,0.4275915
228153,0.642752
228163,0.2592478
228164,0.23875485
228166,0.5348114
228168,0.7174499
228169,0.6460826
228183,0.67681223
228198,0.48582494
228199,0.42773068
228201,0.21652071
228207,0.40184376
228209,0.50104845
228219,0.3627359
228239,0.13810775
228248,0.42646754
228260,0.5227994
228268,0.79257387
228280,0.3356985
228282,0.48871812
228288,0.21500123
228289,0.38183168
228295,0.26397967
228296,0.31859192
228297,0.66631377
228298,0.093820035
228299,0.31666136
228301,0.0904054
228322,0.43798754
228324,0.39887753
228332,0.13811788
228334,0.28590024
228342,0.63173586
228351,0.25234854
228354,0.4454193
228355,0.1936608
228362,0.11887172
228375,0.2627313
228383,0.43486607
228389,0.36003894
228392,0.68093383
228411,0.32100305
228414,0.23643962
228420,0.48520437
228424,0.34040558
228426,0.579564
228429,0.20005831
228447,0.84545
228455,0.30258116
228458,0.657648
228467,0.7280034
228472,0.47361723
228479,0.16925572
228482,0.48615548
228488,0.34594047
228489,0.7596549
228499,0.31587672
228501,0.07203315
228502,0.2518173
228503,0.6966879
228509,0.17485791
228512,0.49713492
228514,0.33861554
228519,0.64472306
228530,0.17108001
228534,0.6409647
228536,0.0989853
228537,0.16475548
228538,0.5522456
228539,0.26089042
228557,0.50072503
228591,0.39531597
228592,0.3348789
228608,0.5399496
228609,0.37344864
228636,0.478512
228647,0.6703757
228656,0.49024066
228657,0.27368563
228661,0.4288602
228663,0.44536337
228671,0.2475716
228682,0.60198826
228697,0.5295466
228698,0.32237
228712,0.2312274
228713,0.41456494
228729,0.30277088
228730,0.45047235
228737,0.56333166
228744,0.2773792
228752,0.3836521
228761,0.78839064
228763,0.6290083
228764,0.1669995
228770,0.27297246
228774,0.09245392
228781,0.26740482
228792,0.46443045
228794,0.7254775
228796,0.22960526
228799,0.6115058
228808,0.6669358
228809,0.32610783
228810,0.43410298
228813,0.3052883
228821,0.8576612
228826,0.33760235
228830,0.2849259
228831,0.36455703
228835,0.55540735
228854,0.2365285
228855,0.31121302
228863,0.6287765
228869,0.6395283
228872,0.62920445
228885,0.5577666
228888,0.35263252
228889,0.52751905
228890,0.28609917
228891,0.21219303
228894,0.6528264
228902,0.49309754
228907,0.3445102
228915,0.25449777
228918,0.5566449
228919,0.3325743
228933,0.47167948
228946,0.16633634
228947,0.47651508
228954,0.24941163
228956,0.5719948
228958,0.31033066
228969,0.6966096
228973,0.2957259
228978,0.105616294
228979,0.8217847
228988,0.36600673
228995,0.5551385
229019,0.5257566
229037,0.27568707
229041,0.3655369
229042,0.3047657
229046,0.28694662
229048,0.17845464
229053,0.22779869
229064,0.8294592
229073,0.36130777
229074,0.25742108
229077,0.6375299
229095,0.8171821
229100,0.61983085
229103,0.29477066
229104,0.5225026
229105,0.24094157
229107,0.14625265
229115,0.41257992
229117,0.72575533
229118,0.1768258
229124,0.7557868
229125,0.14305013
229130,0.5983484
229157,0.40216982
229162,0.16739856
229185,0.77424294
229195,0.18504809
229201,0.3809896
229202,0.25084978
229219,0.2101829
229220,0.17506301
229223,0.6291807
229224,0.719172
229229,0.50246507
229233,0.26474318
229255,0.23214296
229261,0.6128712
229262,0.42985764
229271,0.4910558
229276,0.3196161
229277,0.25132516
229278,0.45839322
229280,0.40276393
229298,0.046553362
229301,0.42593795
229316,0.6507663
229325,0.36359203
229329,0.28175938
229334,0.273393
229336,0.6405022
229337,0.55180806
229342,0.19936779
229349,0.36540797
229357,0.30740812
229369,0.6414169
229374,0.37240392
229402,0.46697873
229427,0.1589736
229452,0.69355404
229455,0.6106269
229459,0.770596
229462,0.33739936
229482,0.2569901
229488,0.2091945
229496,0.61399686
229507,0.5334215
229508,0.2824373
229531,0.3317899
229576,0.23048982
229595,0.48272017
229602,0.3547811
229609,0.42545277
229610,0.803095
229614,0.6534253
229615,0.7781772
229631,0.37366924
229632,0.49223593
229638,0.40728298
229647,0.44329238
229651,0.18390453
229659,0.58470726
229663,0.6171454
229671,0.53017753
229672,0.48165354
229675,0.2861383
229684,0.3998127
229687,0.5242198
229705,0.322966
229711,0.19507532
229713,0.51612645
229714,0.3804104
229731,0.502768
229738,0.6066766
229742,0.40800828
229745,0.36262405
229746,0.3495336
229749,0.6537606
229765,0.49598065
229767,0.12669025
229779,0.7064773
229782,0.3903874
229802,0.70123935
229805,0.24076188
229810,0.8834986
229816,0.26987103
229828,0.5419541
229838,0.47700208
229850,0.7130183
229858,0.25531802
229860,0.36393818
229877,0.1664772
229888,0.19744624
229894,0.1812178
229898,0.6540886
229905,0.4035549
229912,0.8256341
229913,0.34410647
229921,0.74631506
229923,0.2928277
229930,0.18579826
229962,0.15994923
229963,0.70659405
229977,0.25984946
229984,0.13980095
229998,0.1335805
230012,0.25385395
230016,0.7598952
230020,0.4582137
230024,0.8432575
230037,0.24145082
230038,0.4737894
230040,0.44644
230042,0.15578313
230044,0.4679661
230050,0.5198807
230056,0.1520425
230067,0.38656524
230076,0.36808348
230077,0.6641816
230084,0.54369396
230098,0.21736073
230107,0.64985853
230116,0.39986867
230119,0.28925782
230121,0.34421343
230122,0.5873119
230135,0.6913587
230139,0.14369023
230179,0.28667125
230180,0.52698433
230185,0.10239921
230192,0.60171944
230203,0.7625578
230216,0.48333225
230226,0.5419533
230260,0.6945295
230268,0.40359026
230289,0.6825486
230296,0.1554049
230317,0.12030605
230328,0.55463785
230329,0.8735818
230330,0.34372643
230332,0.3030807
230338,0.272708
230343,0.25857112
230344,0.5292336
230349,0.23838007
230369,0.14889337
230379,0.53874636
230391,0.3284358
230393,0.8690656
230394,0.36401033
230402,0.3324543
230404,0.82505506
230416,0.31411365
230417,0.64317286
230423,0.63209707
230427,0.41160634
230448,0.6742687
230449,0.2011052
230451,0.18612365
230453,0.14007086
230454,0.1733968
230457,0.5228742
230458,0.5376931
230459,0.77493817
230461,0.308697
230464,0.4341604
230494,0.21090169
230517,0.16820772
230520,0.49837464
230521,0.54878485
230534,0.39600182
230553,0.38397065
230581,0.51875854
230585,0.3151953
230590,0.29998386
230592,0.223875
230605,0.33020997
230610,0.13641807
230623,0.32265213
230628,0.44184834
230629,0.49485138
230640,0.43290883
230641,0.2549176
230642,0.15298404
230655,0.4036703
230656,0.13272195
230662,0.34729496
230675,0.2655389
230677,0.34456983
230688,0.0759964
230709,0.6714025
230716,0.07577872
230742,0.2522406
230748,0.48295903
230763,0.52413493
230779,0.53911114
230780,0.36063525
230781,0.80067766
230783,0.16267422
230788,0.65358895
230789,0.23482095
230792,0.22373354
230817,0.3421178
230820,0.25903925
230827,0.495066
230828,0.35695875
230860,0.29209733
230864,0.5781706
230875,0.49257082
230878,0.11895105
230880,0.41841686
230929,0.35180038
230931,0.6867408
230934,0.5724084
230939,0.32947287
230940,0.39264333
230941,0.41141692
230942,0.77381784
230982,0.46309364
231028,0.29115412
231031,0.579492
231039,0.5623647
231048,0.4523535
231065,0.5992376
231076,0.25387487
231079,0.20599744
231082,0.39914504
231086,0.32992965
231107,0.35412955
231118,0.5476005
231127,0.16158138
231134,0.20242721
231136,0.22677553
231137,0.4420405
231156,0.63536006
231160,0.62988347
231175,0.3986783
231177,0.4110708
231189,0.42395005
231191,0.61196965
231194,0.58641493
231198,0.36836144
231203,0.5541862
231211,0.38663045
231226,0.5653303
231245,0.4731822
231257,0.50120896
231268,0.42583814
231279,0.4786474
231290,0.67303085
231298,0.3430364
231299,0.36217955
231301,0.38113204
231306,0.15018018
231312,0.24128439
231314,0.50598437
231326,0.82368773
231343,0.46157384
231353,0.5273949
231359,0.34520593
231364,0.17761202
231387,0.49281228
231392,0.22734003
231409,0.29821134
231423,0.38477015
231427,0.14705382
231429,0.75173706
231433,0.37670004
231437,0.19177882
231448,0.18198626
231454,0.7489722
231460,0.23265353
231480,0.23755766
231496,0.19055367
231504,0.6671544
231513,0.21538831
231516,0.1983273
231523,0.34848088
231529,0.17785056
231532,0.37931687
231533,0.4615837
231542,0.3915411
231546,0.3948571
231554,0.17703651
231556,0.72240835
231561,0.44389638
231562,0.6736439
231563,0.13352634
231568,0.4679888
231589,0.18145326
231598,0.5472572
231616,0.3987479
231628,0.23180255
231637,0.35717544
231641,0.45858052
231656,0.72885454
231679,0.5562274
231682,0.6642695
231689,0.35145482
231690,0.2254881
231713,0.7065909
231716,0.4045525
231726,0.22705375
231734,0.7715504
231736,0.22923434
231742,0.24471149
231754,0.62432164
231757,0.32427582
231758,0.15951452
231761,0.47049576
231771,0.42044416
231773,0.21969627
231782,0.5624116
231785,0.6468321
231786,0.5311354
231789,0.2672738
231790,0.1986428
231791,0.42586514
231804,0.49257803
231835,0.19954577
231837,0.10516426
231840,0.55240625
231845,0.7668124
231863,0.78329855
231867,0.7249772
231874,0.75761163
231877,0.41562957
231887,0.37045813
231892,0.19777916
231899,0.24830408
231912,0.87288105
231914,0.3441199
231924,0.40464818
231927,0.4145505
231935,0.24804726
231938,0.6332044
231940,0.81338716
231947,0.53529775
231954,0.25147423
231955,0.6230361
231956,0.32120952
231969,0.21315184
231982,0.1461776
231983,0.22823481
231984,0.114965394
231987,0.36821774
232006,0.12622464
232012,0.07443668
232022,0.19006133
232023,0.58926576
232028,0.34587348
232034,0.38825908
232047,0.53930664
232050,0.22351207
232054,0.4099918
232063,0.5160187
232066,0.21839096
232081,0.35735363
232083,0.43393674
232094,0.5665425
232103,0.2430082
232108,0.25914297
232110,0.30028644
232122,0.27472475
232123,0.15649319
232132,0.12966993
232148,0.8228157
232149,0.2764294
232152,0.73235345
232157,0.5220349
232164,0.56034905
232170,0.4190699
232172,0.33434635
232174,0.44159
232177,0.6270883
232227,0.34839132
232228,0.2827713
232237,0.18294175
232256,0.515215
232275,0.29569736
232278,0.42378196
232279,0.26333034
232282,0.32731345
232285,0.41132474
232288,0.18904994
232301,0.58491737
232303,0.19812544
232309,0.5117202
232325,0.35790813
232329,0.39505976
232331,0.16936326
232335,0.45526564
232370,0.692533
232371,0.25858912
232372,0.24107939
232390,0.8116346
232391,0.16244295
232392,0.48974478
232410,0.3095226
232423,0.17072108
232426,0.43608248
232428,0.8353449
232450,0.5742308
232466,0.66459227
232478,0.60432863
232493,0.6138013
232506,0.6559521
232516,0.5620436
232518,0.44998047
232530,0.28022504
232534,0.38110632
232535,0.420735
232541,0.27947256
232547,0.28526413
232552,0.29447266
232558,0.430183
232559,0.15388444
232560,0.11372146
232566,0.41689825
232570,0.079643756
232575,0.42656985
232578,0.26290214
232590,0.1923293
232615,0.3366075
232640,0.85928595
232643,0.24318697
232664,0.7972903
232676,0.3438485
232699,0.6178192
232702,0.22613086
232720,0.1403063
232733,0.18270002
232736,0.32131144
232738,0.3003886
232752,0.12533844
232758,0.14569429
232779,0.43802473
232784,0.6360693
232790,0.36954233
232799,0.40255728
232823,0.09494628
232824,0.23928943
232842,0.12149335
232849,0.2753951
232853,0.68396693
232859,0.42042843
232862,0.63342166
232864,0.14592548
232866,0.5093539
232869,0.25809136
232871,0.19141544
232876,0.31159645
232881,0.3314374
232898,0.48819366
232899,0.29921842
232914,0.4742428
232917,0.4422581
232923,0.40284085
232925,0.12558536
232942,0.57464075
232943,0.5511565
232965,0.17514583
232968,0.7366536
232972,0.18881437
232980,0.75645727
232999,0.06316341
233013,0.5593691
233021,0.8282645
233022,0.27244833
233054,0.31518018
233059,0.712517
233065,0.22540922
233071,0.3251797
233074,0.1090259
233093,0.09848695
233095,0.66948414
233102,0.17960982
233104,0.5642094
233107,0.25163007
233108,0.4142922
233109,0.74421006
233112,0.66080105
233113,0.21576987
233122,0.45951942
233125,0.48401526
233126,0.52519965
233170,0.3586395
233171,0.5294742
233172,0.8456413
233175,0.35539758
233179,0.2611981
233189,0.6911619
233223,0.60430926
233224,0.3198303
233228,0.2686352
233247,0.45372918
233249,0.6205033
233263,0.13881223
233271,0.30803293
233273,0.45657566
233301,0.09848186
233305,0.4849855
233310,0.398913
233311,0.45829812
233312,0.35847446
233324,0.17115049
233326,0.54738456
233327,0.3930725
233335,0.5039261
233349,0.37649363
233352,0.7640683
233362,0.5349138
233373,0.3675714
233390,0.7103502
233393,0.66672784
233400,0.48686603
233401,0.57733893
233404,0.66086626
233405,0.51767933
233406,0.6063052
233411,0.35727438
233421,0.21627831
233423,0.30944258
233424,0.21196303
233427,0.47481894
233429,0.55755043
233431,0.24460399
233432,0.31326222
233438,0.35285446
233448,0.4815533
233450,0.16173449
233451,0.18951426
233453,0.52618706
233480,0.3724656
233482,0.4062628
233483,0.1276571
233489,0.7246365
233490,0.5151388
233496,0.6314715
233497,0.3831555
233508,0.6706138
233509,0.8247728
233512,0.27134022
233517,0.46415693
233526,0.6743719
233528,0.3895862
233544,0.28870198
233554,0.7864021
233566,0.70479923
233572,0.1799582
233575,0.28214324
233578,0.07889206
233582,0.9149489
233583,0.46053362
233589,0.5174964
233594,0.6214289
233603,0.61705494
233627,0.11777968
233632,0.44821826
233639,0.24882348
233651,0.4402178
233652,0.63449025
233658,0.20178047
233675,0.30626863
233677,0.4006382
233682,0.34080058
233688,0.61285555
233689,0.60816234
233692,0.36128065
233697,0.7162677
233704,0.5464324
233709,0.5232289
233711,0.6508159
233721,0.26417038
233729,0.17902067
233734,0.13168824
233744,0.20903008
233764,0.6121337
233775,0.49778634
233783,0.7641457
233792,0.21163191
233796,0.27151635
233797,0.47586358
233798,0.55498433
233810,0.23841742
233818,0.36958778
233819,0.2754677
233830,0.26674834
233831,0.41221645
233838,0.29737866
233852,0.36806563
233854,0.3532096
233856,0.17556326
233858,0.4526759
233883,0.15568464
233888,0.23651119
233889,0.2654274
233892,0.10358374
233893,0.14988945
233894,0.38124612
233895,0.59616613
233901,0.12586664
233927,0.54040575
233928,0.22072345
233929,0.5428505
233960,0.4651668
233965,0.57600933
233970,0.25718638
233975,0.5853424
233981,0.65800786
233991,0.7239893
234012,0.51222736
234016,0.21496987
234024,0.27399775
234025,0.13475633
234027,0.31965756
234034,0.52890074
234035,0.1818766
234048,0.4084068
234069,0.23769547
234077,0.2599887
234086,0.2902191
234103,0.42882922
234110,0.31979942
234115,0.50699574
234126,0.3801425
234135,0.6622242
234136,0.19053684
234147,0.2941078
234151,0.12867308
234159,0.23117754
234163,0.35830578
234174,0.15025835
234186,0.39901614
234187,0.6724671
234192,0.32878864
234198,0.18260173
234205,0.28883442
234215,0.33321196
234220,0.42199138
234225,0.3629782
234227,0.15874872
234228,0.32786533
234231,0.5554644
234232,0.72060716
234236,0.4311981
234239,0.26546755
234240,0.65289545
234242,0.21904592
234262,0.41824025
234267,0.6992391
234283,0.41203398
234284,0.4348676
234286,0.18145955
234291,0.5327826
234302,0.535817
234303,0.55624
234308,0.21900335
234320,0.41957042
234326,0.43075946
234336,0.31983042
234340,0.69212216
234362,0.13465944
234365,0.27498776
234371,0.18096447
234373,0.41165227
234395,0.20545408
234400,0.4583464
234404,0.5261998
234412,0.48187128
234431,0.43427497
234433,0.7752128
234440,0.3968634
234453,0.25094634
234454,0.40191194
234460,0.18894975
234470,0.6583317
234473,0.19147941
234502,0.54044944
234503,0.4834419
234507,0.69659936
234529,0.56267124
234531,0.1760631
234543,0.22606055
234550,0.841618
234556,0.2402537
234560,0.40825495
234567,0.091305286
234580,0.6232506
234582,0.5866711
234594,0.27891633
234599,0.6962816
234604,0.13576692
234605,0.4602026
234611,0.24882254
234617,0.41692767
234648,0.29333514
234660,0.18972266
234661,0.43400058
234663,0.5161968
234664,0.16864133
234670,0.16596116
234671,0.6964547
234673,0.47839224
234687,0.6052997
234688,0.39348254
234690,0.646535
234694,0.28143573
234695,0.0711907
234704,0.67412364
234705,0.13887486
234710,0.42344743
234718,0.4323455
234719,0.5335765
234732,0.44469446
234739,0.48416373
234755,0.7733828
234760,0.17749554
234778,0.2622392
234781,0.60011125
234786,0.535792
234788,0.66198426
234789,0.18441309
234802,0.50987935
234809,0.8960214
234814,0.50131017
234823,0.3228385
234825,0.2064093
234829,0.18884161
234838,0.6987333
234847,0.48176673
234876,0.31168303
234908,0.74648964
234914,0.3233074
234917,0.45869106
234935,0.39446187
234936,0.2653915
234941,0.3094735
234942,0.4377234
234943,0.41162485
234946,0.2029157
234947,0.42387918
234960,0.34919885
234967,0.34846547
234980,0.58219266
234990,0.87745744
234996,0.15551874
234999,0.27219453
235002,0.3347239
235021,0.5736947
235025,0.60295975
235034,0.24513924
235037,0.3507623
235046,0.30752784
235051,0.5030231
235052,0.264822
235054,0.24545594
235061,0.33692634
235066,0.3240957
235076,0.30095595
235087,0.17591833
235089,0.6754493
235091,0.72349644
235107,0.25645986
235118,0.28995165
235123,0.43578768
235134,0.20602274
235137,0.61113423
235146,0.18861178
235147,0.17763737
235153,0.1849842
235166,0.740932
235168,0.42656514
235183,0.19942535
235187,0.15045273
235189,0.21248087
235202,0.43437305
235214,0.506772
235215,0.15679172
235216,0.7954469
235219,0.5226994
235223,0.17647941
235231,0.5457325
235240,0.42898563
235252,0.18710859
235253,0.1070597
235254,0.20812497
235259,0.29978767
235270,0.30579266
235275,0.5297314
235283,0.50523233
235291,0.10796297
235306,0.102684505
235327,0.330855
235337,0.7359339
235342,0.21510935
235356,0.21857026
235357,0.28489694
235372,0.43720305
235378,0.7154388
235386,0.22586021
235401,0.11763315
235403,0.12495046
235423,0.24304317
235424,0.17233618
235434,0.077325374
235435,0.28153917
235438,0.3890175
235451,0.2715167
235452,0.18359876
235454,0.63625616
235456,0.27530834
235459,0.2610982
235460,0.20572904
235463,0.49242643
235491,0.5484599
235492,0.66686064
235501,0.35863045
235505,0.36368352
235512,0.6979835
235519,0.78819203
235549,0.52254903
235592,0.44294965
235597,0.43691075
235601,0.336786
235602,0.43987897
235612,0.20260777
235617,0.30408916
235622,0.105243176
235636,0.26406607
235641,0.2672392
235644,0.40750304
235645,0.21221757
235651,0.3389095
235664,0.22954148
235668,0.78903645
235677,0.15341425
235692,0.1385226
235693,0.23430198
235698,0.39827976
235722,0.587353
235741,0.23132393
235743,0.7735383
235752,0.13715816
235757,0.5604522
235766,0.15366858
235768,0.621471
235769,0.3199315
235775,0.23108445
235778,0.5485438
235782,0.76867586
235791,0.7034643
235792,0.45703477
235796,0.5113166
235797,0.6551956
235799,0.6625316
235803,0.46717456
235804,0.77132374
235809,0.3739588
235811,0.41715345
235812,0.18498498
235827,0.47782555
235837,0.24354787
235839,0.3599625
235850,0.72925115
235852,0.18001944
235854,0.4963994
235860,0.17923312
235862,0.30780962
235869,0.6371881
235877,0.2895691
235889,0.54193795
235890,0.70994925
235891,0.22161363
235893,0.38717172
235900,0.2788518
235901,0.39020666
235914,0.12097936
235915,0.7575693
235924,0.6374779
235950,0.4221431
235968,0.25245
235977,0.48907828
235978,0.38575074
235980,0.4618183
235990,0.23198238
235999,0.12502176
236002,0.4375588
236022,0.49570674
236033,0.48703483
236034,0.35894352
236037,0.8772954
236038,0.6089063
236039,0.21672289
236040,0.3061592
236053,0.6441954
236064,0.5178603
236068,0.42036092
236069,0.48474118
236094,0.25564215
236107,0.4407348
236123,0.48921314
236143,0.2472762
236214,0.31505796
236215,0.15590613
236221,0.828696
236229,0.49571475
236234,0.3663214
236236,0.36041278
236237,0.20041434
236239,0.36169678
236266,0.8817247
236271,0.15113491
236283,0.33751965
236286,0.14190827
236287,0.8622455
236289,0.168222
236293,0.26780817
236302,0.19675514
236303,0.64875156
236313,0.38452104
236324,0.44989306
236330,0.5459619
236332,0.3431083
236345,0.56721234
236350,0.38478738
236352,0.53964466
236359,0.23813504
236362,0.52121127
236373,0.17985407
236378,0.41743565
236391,0.2520019
236395,0.54825926
236412,0.559275
236418,0.35747424
236421,0.26547265
236451,0.2992174
236454,0.2056537
236457,0.16274184
236463,0.5183732
236469,0.27228868
236476,0.459381
236485,0.5627363
236508,0.26357767
236509,0.36091095
236525,0.41084933
236527,0.566437
236529,0.57912105
236555,0.7026351
236562,0.57954806
236568,0.75640446
236569,0.5178548
236580,0.30062017
236581,0.20047158
236583,0.57952315
236586,0.4633233
236594,0.4841352
236631,0.11158623
236632,0.48808065
236634,0.49682266
236638,0.22212134
236643,0.5039297
236648,0.56506354
236655,0.737539
236656,0.2194986
236657,0.14644274
236663,0.46417317
236681,0.23193869
236683,0.25335425
236691,0.24116367
236698,0.5316773
236713,0.5141244
236727,0.751683
236732,0.31580606
236733,0.30884022
236735,0.31949243
236737,0.086029395
236749,0.35219488
236750,0.21828845
236752,0.45475653
236765,0.29746503
236766,0.2577579
236769,0.223441
236771,0.64340925
236774,0.48220533
236775,0.17176142
236790,0.55967206
236793,0.3488101
236797,0.6943457
236798,0.14509124
236809,0.38129795
236821,0.47336137
236831,0.38290522
236836,0.4379028
236838,0.359461
236849,0.26897708
236852,0.34813702
236860,0.37300444
236862,0.26646316
236865,0.4372035
236873,0.12095005
236885,0.2504119
236891,0.14122002
236894,0.32841384
236904,0.28884056
236905,0.20056002
236911,0.33031058
236939,0.17540333
236948,0.29037142
236950,0.17505597
236957,0.16653177
236965,0.17961343
236974,0.23339553
236975,0.20239288
236981,0.345933
236985,0.274658
236995,0.70891047
237023,0.4780854
237025,0.23623067
237038,0.29213962
237058,0.17255722
237060,0.12258601
237078,0.4445788
237079,0.62696123
237080,0.64014775
237084,0.26003277
237086,0.14939113
237087,0.2005839
237091,0.6856717
237092,0.25497124
237093,0.56459814
237094,0.3843277
237103,0.19704299
237116,0.2919049
237118,0.16227172
237126,0.3019206
237136,0.17361656
237144,0.6388123
237149,0.5499375
237150,0.70852995
237157,0.11944618
237158,0.23184186
237170,0.48869717
237171,0.18989067
237193,0.16657913
237196,0.40378574
237200,0.18501389
237248,0.6167124
237254,0.6981906
237256,0.4474559
237257,0.30036202
237267,0.2363904
237268,0.18788429
237269,0.20278054
237271,0.35836047
237280,0.39138538
237301,0.27775
237304,0.6202943
237308,0.1215432
237311,0.49943534
237334,0.35143328
237338,0.70767343
237344,0.5086821
237361,0.1965836
237362,0.42912975
237368,0.77083725
237369,0.6285318
237371,0.48338482
237373,0.62434983
237377,0.36129433
237378,0.17358041
237383,0.52373946
237386,0.12798035
237392,0.24967474
237399,0.36946264
237408,0.26497343
237411,0.37136078
237414,0.37515983
237417,0.26425752
237424,0.7711459
237439,0.105578534
237457,0.23520303
237458,0.23680739
237459,0.25433752
237471,0.32621512
237474,0.540442
237475,0.43200836
237476,0.40179852
237490,0.40583068
237491,0.42068422
237495,0.60894924
237501,0.36180106
237512,0.4042045
237516,0.2049968
237518,0.2457923
237528,0.5475362
237529,0.61105233
237537,0.7388261
237543,0.2711208
237547,0.30495423
237552,0.31275588
237563,0.6301123
237585,0.57417285
237598,0.21583006
237606,0.087076336
237624,0.6478469
237632,0.23014127
237635,0.34204575
237640,0.36027485
237642,0.43608853
237647,0.29056343
237648,0.35569763
237651,0.6023629
237657,0.4567669
237663,0.46729678
237692,0.350535
237701,0.5627337
237715,0.2155585
237726,0.27784267
237728,0.5821925
237731,0.11511992
237732,0.65565044
237746,0.380416
237759,0.13681895
237768,0.25661156
237772,0.88474274
237780,0.7607281
237787,0.6215749
237792,0.6832602
237804,0.4584454
237812,0.2782219
237815,0.4338493
237821,0.48332906
237827,0.15904886
237845,0.570072
237862,0.6084264
237869,0.24081032
237872,0.5901193
237900,0.7136047
237909,0.31491113
237917,0.4034329
237921,0.09971153
237951,0.6221157
237952,0.530195
237957,0.10777189
237960,0.5086525
237963,0.32979226
237973,0.24856867
237984,0.33919734
237990,0.51912737
237997,0.4378654
237998,0.55388105
238025,0.39705715
238027,0.1247732
238052,0.15354921
238053,0.24630475
238054,0.76527977
238065,0.21317287
238066,0.21131918
238075,0.6676503
238082,0.35996133
238087,0.6213896
238114,0.18394767
238117,0.6679216
238127,0.4204147
238129,0.7469811
238133,0.1415355
238135,0.23518388
238152,0.5454952
238157,0.43564865
238163,0.12446263
238170,0.2519554
238176,0.2679424
238180,0.67594916
238195,0.45001775
238198,0.34859586
238199,0.24006523
238206,0.7579605
238218,0.33161554
238219,0.42248234
238222,0.22945511
238224,0.17542075
238230,0.4276165
238237,0.3557349
238238,0.31583685
238247,0.23158981
238254,0.2318639
238256,0.098682515
238257,0.30607113
238270,0.5973041
238278,0.29134062
238279,0.5117588
238282,0.15824886
238286,0.19335505
238293,0.4184946
238298,0.18058558
238299,0.19480817
238306,0.698828
238307,0.14942995
238308,0.38288832
238322,0.11061865
238327,0.5427947
238328,0.7675288
238330,0.17226923
238335,0.27835786
238347,0.60894203
238355,0.69935185
238356,0.78470546
238361,0.2742668
238367,0.23503712
238377,0.29311207
238413,0.11633073
238419,0.28472108
238436,0.25962344
238437,0.62042487
238443,0.2988
238450,0.11451377
238452,0.11675464
238453,0.63553554
238454,0.8096892
238457,0.44420767
238467,0.39834514
238469,0.22088291
238470,0.18490459
238474,0.69903004
238478,0.5740348
238480,0.5431894
238492,0.3470286
238496,0.528422
238500,0.27574092
238508,0.7773054
238512,0.2333757
238520,0.22833966
238540,0.24948655
238548,0.37629738
238549,0.1766214
238550,0.31751734
238563,0.22816595
238586,0.30819294
238607,0.108566254
238608,0.34778073
238615,0.58754355
238623,0.42090592
238627,0.3875124
238630,0.7885476
238635,0.44889602
238638,0.6566591
238642,0.1372596
238646,0.40421587
238656,0.30285403
238665,0.3645634
238674,0.24150065
238687,0.33701906
238702,0.5520717
238703,0.31553212
238705,0.4594766
238712,0.76014054
238716,0.3446998
238717,0.6160016
238718,0.32144275
238747,0.38014016
238754,0.6374127
238767,0.5550386
238793,0.16046566
238794,0.68802893
238796,0.47952002
238806,0.32201666
238832,0.53419155
238833,0.30507338
238840,0.562655
238850,0.17779127
238853,0.20773298
238855,0.20745362
238858,0.40728357
238867,0.8807217
238868,0.21798252
238869,0.7098452
238873,0.3116493
238879,0.63972354
238893,0.6924271
238903,0.15931217
238904,0.49560112
238906,0.8038296
238928,0.35335535
238933,0.60093576
238941,0.6665483
238945,0.37822628
238947,0.13642809
238954,0.26633978
238963,0.4136512
238986,0.5331504
239003,0.75015706
239018,0.19818746
239019,0.73314744
239020,0.51155615
239021,0.62578416
239031,0.26238945
239042,0.4127499
239051,0.30367398
239056,0.31226546
239058,0.29142028
239075,0.4023821
239078,0.33016148
239079,0.2720188
239081,0.18079005
239082,0.33878988
239085,0.64631706
239100,0.3022856
239104,0.24897473
239120,0.5224344
239123,0.24126633
239140,0.6616019
239144,0.23277918
239145,0.5370534
239146,0.18232773
239153,0.22565274
239155,0.1332425
239161,0.5937662
239168,0.37081146
239177,0.59174407
239180,0.43167406
239193,0.1429083
239199,0.23352891
239206,0.536953
239207,0.5196187
239209,0.13803416
239221,0.32175317
239225,0.306723
239227,0.41127458
239237,0.306913
239249,0.25854284
239273,0.81936496
239282,0.4415593
239290,0.7877917
239298,0.21510693
239302,0.5434096
239307,0.5442006
239309,0.52436596
239314,0.50367403
239319,0.6241522
239328,0.3650946
239334,0.17055956
239343,0.26425508
239344,0.2586745
239356,0.33939463
239357,0.7758768
239428,0.30691925
239429,0.394039
239453,0.09745239
239471,0.72533834
239479,0.13767563
239480,0.4616344
239485,0.22734661
239489,0.4828764
239518,0.81396574
239522,0.21745007
239525,0.49420965
239540,0.6394301
239567,0.33804932
239573,0.61431193
239574,0.36922178
239578,0.45061624
239587,0.26870763
239588,0.5007613
239597,0.45546842
239603,0.3110788
239612,0.5603489
239616,0.8120362
239617,0.5037035
239618,0.77154034
239631,0.5317696
239639,0.6769924
239644,0.35544235
239672,0.41050106
239680,0.60695785
239685,0.1483431
239687,0.13774277
239715,0.5864323
239722,0.6234126
239733,0.11301323
239746,0.21957363
239748,0.22649002
239760,0.6081919
239765,0.69889677
239766,0.72670126
239774,0.3378792
239775,0.12778439
239788,0.7541127
239795,0.559581
239796,0.3170434
239801,0.3480599
239808,0.28827995
239816,0.0963978
239819,0.07522271
239825,0.24166256
239832,0.6383556
239840,0.3630806
239845,0.18390442
239853,0.1268833
239862,0.48761848
239867,0.501454
239873,0.63992864
239884,0.334263
239920,0.26152763
239924,0.58745915
239937,0.23868516
239938,0.3030234
239948,0.33469862
239951,0.4315197
239952,0.45168972
239996,0.3191566
239998,0.5001663
240013,0.2875247
240027,0.5635557
240028,0.22798258
240036,0.8290162
240041,0.6416604
240046,0.38609505
240063,0.26338816
240076,0.09358218
240082,0.60795915
240086,0.3476611
240087,0.20054047
240089,0.68519086
240090,0.090282835
240093,0.6223641
240110,0.63108295
240111,0.48419887
240113,0.1381609
240117,0.19887438
240118,0.5235034
240120,0.24252632
240125,0.68129766
240130,0.43667355
240131,0.82479346
240133,0.30689132
240138,0.7603207
240149,0.38545105
240161,0.37346312
240177,0.7895012
240188,0.44247139
240197,0.35789636
240204,0.7254433
240215,0.18266556
240257,0.25812757
240266,0.26216918
240284,0.40047306
240296,0.2454941
240300,0.22254603
240312,0.08618645
240314,0.54373664
240320,0.26214147
240321,0.458985
240337,0.5362489
240339,0.4487857
240341,0.5629798
240342,0.5243778
240346,0.17248295
240348,0.5550069
240364,0.52403694
240378,0.32288456
240382,0.5450146
240387,0.2764719
240404,0.12550333
240409,0.30773392
240412,0.2661613
240413,0.6082732
240414,0.49553424
240415,0.13257076
240416,0.4443111
240427,0.18894689
240428,0.55536157
240438,0.61269027
240447,0.08968424
240489,0.6237896
240494,0.633727
240495,0.36813113
240507,0.43959203
240526,0.7135402
240530,0.6589666
240531,0.5969346
240554,0.41894576
240559,0.19995555
240561,0.30842614
240577,0.49799204
240578,0.52832824
240585,0.5248272
240587,0.61213225
240594,0.61445427
240603,0.1114302
240615,0.26708367
240629,0.2677528
240631,0.19052766
240637,0.27240202
240646,0.84366983
240649,0.35235637
240657,0.254356
240664,0.5981065
240665,0.76407176
240668,0.30219528
240670,0.74369615
240685,0.59171885
240689,0.5437199
240702,0.20375615
240707,0.45369685
240709,0.6834285
240712,0.6692769
240716,0.40859726
240717,0.33962703
240725,0.22392426
240733,0.23700891
240742,0.7718905
240744,0.16510369
240819,0.50795966
240820,0.06296293
240826,0.5466777
240836,0.7240584
240839,0.33101547
240847,0.5114087
240859,0.8178347
240866,0.70550865
240868,0.23119473
240875,0.2158239
240878,0.28207025
240888,0.1181501
240896,0.59492135
240897,0.2934014
240898,0.735193
240899,0.7595622
240900,0.27367076
240901,0.663829
240902,0.5203783
240903,0.69113827
240904,0.42489195
240910,0.2544066
240916,0.29940754
240921,0.40075874
240923,0.50465745
240929,0.3679595
240930,0.3862714
240931,0.13333811
240932,0.5373555
240938,0.51800865
240943,0.1782267
240948,0.2584001
240954,0.2389877
240972,0.1787078
240992,0.44518837
240993,0.5316528
240994,0.4817453
241018,0.21140893
241026,0.3412316
241031,0.4285059
241052,0.2800403
241060,0.48150784
241076,0.7342266
241113,0.37301025
241116,0.651235
241118,0.42476588
241121,0.323115
241130,0.52000904
241142,0.21057819
241146,0.38155007
241159,0.3105999
241160,0.30990392
241161,0.52031577
241163,0.8651297
241176,0.40001273
241187,0.30225843
241188,0.28304088
241191,0.54658926
241192,0.5638811
241198,0.83479226
241208,0.7454873
241210,0.18162288
241226,0.502348
241244,0.22913441
241252,0.42971218
241254,0.22535624
241256,0.46500653
241264,0.6725709
241266,0.42621464
241267,0.5270049
241274,0.31422397
241279,0.30046266
241281,0.59217495
241284,0.3838084
241293,0.12406094
241330,0.35314703
241333,0.17520623
241344,0.67010283
241348,0.6312997
241359,0.26965868
241362,0.76261955
241372,0.12205512
241377,0.2057612
241381,0.48766944
241390,0.24527551
241395,0.1345569
241397,0.32634103
241401,0.23309293
241402,0.79027295
241415,0.513779
241417,0.538882
241426,0.7323776
241432,0.27025488
241436,0.15616505
241444,0.18453549
241447,0.67502856
241456,0.2829178
241457,0.14547475
241464,0.35141525
241465,0.52581143
241469,0.22327629
241479,0.12766081
241482,0.28031668
241488,0.6027103
241489,0.37331808
241507,0.5996887
241509,0.27298358
241511,0.20291181
241520,0.24463584
241523,0.10057461
241536,0.40456253
241545,0.53589857
241574,0.3396325
241577,0.8131342
241599,0.70098335
241608,0.3551662
241627,0.30898413
241631,0.1677975
241640,0.33371073
241642,0.18069232
241645,0.43597803
241647,0.15143073
241649,0.68833274
241654,0.68396014
241655,0.3344282
241657,0.6531891
241665,0.33285576
241671,0.37008107
241678,0.60349154
241683,0.2617632
241686,0.16504301
241699,0.25970194
241704,0.588837
241706,0.4847264
241709,0.24995394
241718,0.2755776
241723,0.620215
241729,0.16202772
241739,0.69790983
241741,0.2844504
241752,0.52421206
241756,0.19189122
241763,0.2539077
241779,0.3685016
241793,0.1358903
241797,0.21948193
241804,0.50077116
241813,0.34161472
241816,0.5639332
241817,0.62121683
241821,0.16493438
241838,0.7082123
241839,0.3111707
241855,0.4114854
241857,0.37608644
241887,0.17563422
241888,0.24008141
241899,0.71070385
241903,0.16389006
241908,0.6341772
241914,0.2840764
241919,0.22659841
241933,0.56970775
241943,0.089943334
241947,0.45455307
241957,0.49001393
241960,0.5423366
241961,0.27025178
241965,0.5540805
241971,0.39499325
241982,0.24003589
241990,0.29195353
242011,0.33121103
242022,0.16158637
242023,0.39311585
242025,0.6471482
242035,0.45919937
242037,0.35775402
242043,0.34305415
242067,0.30141473
242075,0.3288653
242077,0.1662161
242088,0.6057669
242103,0.46357164
242125,0.2700097
242134,0.78011
242143,0.61162114
242144,0.35399464
242148,0.2515773
242155,0.24919546
242163,0.08965821
242171,0.25168252
242182,0.615801
242185,0.47936997
242188,0.71902186
242201,0.7598443
242203,0.13943124
242204,0.16412246
242208,0.5459717
242210,0.5123067
242217,0.44212586
242219,0.5163082
242222,0.4388156
242224,0.8241459
242229,0.5030252
242231,0.67714304
242236,0.77047545
242256,0.3980915
242264,0.3049852
242269,0.31899047
242280,0.68897945
242281,0.19401227
242285,0.39156786
242295,0.21078743
242302,0.47873142
242314,0.37451634
242319,0.36494994
242332,0.5505188
242338,0.31857526
242342,0.6020035
242343,0.512851
242345,0.2155928
242354,0.4493658
242361,0.59235644
242365,0.65100265
242373,0.18679293
242378,0.32917634
242383,0.6705775
242385,0.58480287
242389,0.26994
242397,0.67739016
242404,0.709055
242406,0.64929485
242410,0.33515912
242436,0.1998074
242439,0.23696296
242440,0.75105864
242444,0.22511952
242445,0.5716598
242455,0.44132274
242477,0.3649673
242479,0.7763485
242484,0.33792275
242491,0.33667043
242492,0.31354234
242497,0.24259971
242498,0.18744215
242499,0.66549647
242500,0.727347
242501,0.34412742
242502,0.541145
242516,0.2489654
242518,0.5777376
242523,0.7196029
242525,0.43134883
242537,0.39108765
242549,0.16252917
242550,0.39074802
242553,0.111579314
242554,0.27294275
242561,0.35708913
242566,0.73740315
242567,0.4450859
242587,0.5596406
242598,0.28640342
242609,0.70862955
242611,0.26112482
242614,0.6972217
242617,0.724396
242622,0.63379943
242623,0.40464514
242629,0.18747419
242633,0.2757544
242636,0.7709443
242637,0.7289518
242642,0.38147756
242651,0.31243056
242655,0.28547776
242667,0.24595852
242668,0.18877383
242670,0.19153075
242681,0.13301077
242689,0.15707828
242690,0.7411859
242692,0.50112236
242693,0.30687007
242699,0.31849173
242706,0.2907469
242712,0.74644494
242714,0.60827625
242715,0.21801242
242721,0.50127566
242725,0.17476046
242728,0.38904506
242740,0.18325263
242741,0.17804918
242762,0.58703464
242766,0.50528115
242772,0.18473653
242779,0.30223137
242782,0.25604376
242795,0.67044973
242796,0.22626944
242800,0.20345537
242810,0.4408638
242816,0.6585083
242824,0.5403345
242829,0.764752
242833,0.26398817
242837,0.4279291
242851,0.6028936
242857,0.7005603
242858,0.5252084
242860,0.47341475
242874,0.43379903
242876,0.38965496
242877,0.101235084
242879,0.12824602
242890,0.55419666
242897,0.2363459
242898,0.14930828
242904,0.15497544
242916,0.14888176
242920,0.5627902
242924,0.5486082
242930,0.390713
242936,0.5870591
242938,0.14034706
242951,0.6442248
242952,0.28188276
242956,0.24017331
242970,0.6386611
242972,0.12638482
242973,0.2984013
242975,0.15639096
242979,0.55696946
242985,0.32484674
242989,0.11593913
242994,0.80149174
242996,0.77339965
243004,0.4478954
243013,0.22378026
243015,0.31001833
243017,0.24906906
243022,0.16267416
243075,0.7461982
243077,0.19737448
243089,0.32559374
243096,0.17824785
243099,0.23944779
243109,0.3959852
243110,0.30559376
243111,0.15029752
243112,0.39885074
243114,0.5058991
243124,0.67056954
243128,0.7899067
243136,0.2847338
243143,0.3513675
243148,0.5284445
243151,0.18132025
243152,0.38290495
243163,0.56272733
243170,0.15821429
243173,0.13076496
243184,0.55425924
243187,0.36500648
243193,0.5934327
243206,0.5832415
243208,0.15533489
243236,0.2960818
243237,0.6181879
243241,0.14226352
243244,0.2081252
243251,0.631422
243256,0.31241187
243257,0.4119016
243263,0.3374182
243265,0.482987
243276,0.37880433
243283,0.53575027
243287,0.26501223
243289,0.74074954
243291,0.2919955
243294,0.3079848
243299,0.55499667
243301,0.6759542
243302,0.4745523
243310,0.52123415
243313,0.6496229
243334,0.59945756
243335,0.42087564
243345,0.2532206
243353,0.11039454
243369,0.29635292
243371,0.59626544
243375,0.34987363
243383,0.7918248
243387,0.12810817
243390,0.7453432
243398,0.08442233
243399,0.3663227
243401,0.34059775
243412,0.13478422
243430,0.35718358
243433,0.48503223
243440,0.40735888
243445,0.82844025
243475,0.43632126
243481,0.39162758
243501,0.6745531
243518,0.5803484
243528,0.22157837
243544,0.42887703
243550,0.27323726
243555,0.48980063
243558,0.5239542
243559,0.7469295
243569,0.7008561
243580,0.22619008
243581,0.13758664
243590,0.1540764
243611,0.27993923
243619,0.3768967
243643,0.39341658
243659,0.5039717
243664,0.31422356
243665,0.7641139
243679,0.2342346
243680,0.56541795
243681,0.21068227
243689,0.60173905
243699,0.4527594
243700,0.5723904
243703,0.44944555
243714,0.7935435
243734,0.15364222
243741,0.6634667
243747,0.19922131
243757,0.68428314
243764,0.73977274
243766,0.53780705
243770,0.42987573
243774,0.5535356
243777,0.30145988
243778,0.39957878
243783,0.5154309
243788,0.60978884
243801,0.48455197
243802,0.16679785
243805,0.7712365
243821,0.47156525
243828,0.357887
243831,0.5278661
243838,0.7638219
243850,0.06796849
243861,0.2362628
243871,0.7946288
243873,0.23724383
243874,0.5402631
243875,0.27642494
243891,0.3852751
243893,0.39292708
243900,0.252049
243907,0.67271644
243908,0.6861878
243916,0.6262992
243921,0.50206196
243943,0.3254886
243958,0.7227172
243963,0.7529574
243965,0.4201267
243968,0.30304816
243978,0.5660021
243993,0.5099997
243996,0.42098165
244004,0.6508235
244006,0.62168276
244045,0.41436276
244046,0.23180234
244047,0.17668118
244049,0.12042763
244051,0.47320718
244058,0.37529045
244093,0.29735264
244100,0.33707482
244102,0.65286267
244104,0.39601076
244108,0.1116689
244112,0.5052322
244114,0.26612973
244134,0.43951133
244136,0.22152877
244140,0.10144337
244151,0.14057946
244152,0.51752293
244164,0.51900786
244168,0.17032269
244173,0.24654353
244176,0.2161982
244179,0.14444843
244189,0.4331194
244201,0.41599363
244205,0.51982677
244212,0.6775663
244216,0.19929394
244226,0.42509273
244228,0.2896079
244238,0.5796266
244246,0.28492385
244252,0.62938505
244257,0.29396486
244266,0.4391865
244268,0.52017885
244280,0.3061783
244290,0.43644586
244294,0.75069445
244295,0.59416175
244296,0.8346782
244298,0.44778743
244307,0.6109753
244321,0.2232359
244322,0.42841128
244324,0.1894187
244335,0.4436127
244346,0.5562736
244364,0.26994947
244372,0.67624205
244377,0.42448422
244387,0.75350654
244388,0.6788748
244395,0.6876713
244396,0.19127403
244403,0.12755558
244416,0.6086236
244417,0.15628222
244420,0.3243822
244421,0.4037942
244428,0.42890385
244429,0.7075369
244432,0.59804213
244456,0.6220685
244460,0.5282737
244461,0.6526534
244464,0.07405823
244470,0.16631295
244475,0.55962247
244484,0.7412457
244487,0.23482677
244489,0.38150665
244498,0.5327477
244526,0.66431224
244529,0.8837979
244534,0.21966925
244536,0.78005284
244543,0.7727511
244545,0.39083394
244555,0.22612134
244560,0.61287403
244562,0.6068225
244570,0.6684889
244572,0.5861772
244574,0.5583498
244605,0.622812
244612,0.34715995
244624,0.3189341
244631,0.16460708
244632,0.6972333
244643,0.13239722
244652,0.51536036
244666,0.20819964
244671,0.26626506
244672,0.28923106
244683,0.35562828
244690,0.29196456
244696,0.21938021
244703,0.08772109
244710,0.4227817
244713,0.26889068
244719,0.30676916
244724,0.6017788
244736,0.47912177
244763,0.7054416
244764,0.79570645
244765,0.72591233
244767,0.626988
244772,0.42756063
244786,0.44004604
244789,0.2952921
244794,0.24406227
244799,0.12395377
244810,0.1590819
244815,0.2325949
244830,0.2353642
244848,0.39220574
244852,0.14546038
244866,0.22297247
244867,0.53474647
244874,0.20457046
244887,0.28527987
244891,0.4987679
244897,0.85361093
244898,0.06268558
244909,0.43605545
244910,0.5605806
244913,0.49721065
244925,0.5091292
244928,0.43445912
244932,0.20520759
244942,0.19744812
244943,0.6550311
244949,0.40192127
244954,0.27106664
244971,0.5124542
244973,0.82689
244989,0.6459349
245001,0.33814374
245012,0.4276569
245026,0.6429039
245030,0.42256635
245036,0.3321824
245049,0.7716929
245057,0.35425854
245062,0.4766597
245063,0.40604186
245074,0.19750136
245076,0.3596349
245105,0.51022017
245106,0.16085836
245121,0.29086104
245124,0.5703379
245129,0.13062449
245133,0.57620305
245138,0.3336726
245150,0.63344586
245156,0.66772026
245157,0.42293262
245168,0.5564833
245170,0.25104052
245177,0.29197928
245178,0.20437308
245182,0.03276483
245208,0.35723433
245219,0.76172197
245221,0.189776
245222,0.3565282
245224,0.30056304
245225,0.29446337
245233,0.6318585
245234,0.46266842
245244,0.37063295
245253,0.71187216
245260,0.27020696
245272,0.1881653
245281,0.25594056
245296,0.5166916
245297,0.7215378
245303,0.19750728
245309,0.5746159
245313,0.13527986
245316,0.43007156
245328,0.4097792
245344,0.32255682
245351,0.34836677
245357,0.4831933
245367,0.23399243
245369,0.71599907
245376,0.5445249
245381,0.23025453
245411,0.44779527
245426,0.4252284
245428,0.118211396
245430,0.44522062
245437,0.7238228
245443,0.079776496
245450,0.27630496
245452,0.36314106
245468,0.5264277
245481,0.16821702
245486,0.15800191
245496,0.17344432
245501,0.5930616
245502,0.3522687
245503,0.29607257
245564,0.8154139
245567,0.6587363
245568,0.8073857
245576,0.78721344
245577,0.4210514
245578,0.24847537
245595,0.2829556
245598,0.1409692
245604,0.3401535
245611,0.29775175
245615,0.6588566
245617,0.12986127
245627,0.46377262
245659,0.3947381
245661,0.6207526
245681,0.39188614
245687,0.5664583
245697,0.57694626
245708,0.33547106
245713,0.42473397
245717,0.2731949
245720,0.18358648
245721,0.69880563
245724,0.5958126
245728,0.47882742
245738,0.35632697
245746,0.35931364
245747,0.4017687
245748,0.3940036
245766,0.24972498
245767,0.67524594
245784,0.30905327
245792,0.28619677
245802,0.5508168
245804,0.21249613
245815,0.19225511
245820,0.45021
245830,0.46188116
245834,0.1619295
245836,0.24843062
245844,0.5329443
245853,0.11998788
245862,0.30840692
245863,0.66013193
245882,0.43301415
245892,0.24088992
245906,0.61988807
245913,0.32525185
245926,0.20315748
245932,0.32302982
245933,0.09730073
245934,0.3297075
245939,0.6982075
245948,0.5256291
245955,0.3933344
245957,0.16583312
245967,0.51139116
245979,0.18806154
245980,0.53642094
245989,0.27306896
245992,0.3349472
245994,0.40809023
246006,0.38426584
246010,0.3373312
246017,0.53854287
246041,0.34933925
246045,0.34380686
246053,0.29524946
246057,0.33243373
246059,0.3552652
246061,0.1944727
246079,0.16355109
246082,0.3058887
246089,0.33906448
246091,0.17906946
246102,0.33010736
246127,0.6554583
246134,0.24610266
246135,0.39663905
246138,0.8326903
246143,0.33972776
246146,0.72341394
246148,0.29996392
246152,0.76244706
246155,0.30269727
246164,0.22616193
246171,0.61387354
246185,0.3463471
246192,0.63537276
246200,0.5804248
246208,0.20656557
246210,0.3318955
246213,0.43001878
246214,0.59079
246229,0.27786747
246242,0.18616395
246250,0.7023867
246258,0.12960945
246267,0.7882275
246273,0.40647373
246287,0.18357407
246289,0.38369834
246290,0.51821214
246302,0.23725732
246303,0.35145116
246304,0.31773022
246312,0.53724086
246319,0.8092768
246321,0.49352592
246335,0.540098
246337,0.33253637
246348,0.13914903
246358,0.40398613
246362,0.67899793
246369,0.21196936
246374,0.37246862
246382,0.6740506
246384,0.42404056
246386,0.7825365
246390,0.40439484
246396,0.25585058
246400,0.56079865
246401,0.24542394
246405,0.46446198
246415,0.4836805
246416,0.38170642
246418,0.54696953
246422,0.08818682
246423,0.2969366
246426,0.447449
246429,0.5588478
246432,0.4697254
246444,0.6982914
246448,0.60316813
246455,0.6745199
246469,0.42886534
246482,0.1846815
246488,0.11807534
246489,0.70241004
246491,0.45107785
246502,0.23958378
246516,0.29248306
246524,0.6112179
246525,0.57254153
246543,0.6211337
246550,0.47519177
246554,0.519436
246558,0.03791953
246559,0.6355293
246560,0.5434606
246561,0.14591812
246562,0.20045847
246564,0.40479997
246585,0.75341684
246615,0.5814863
246618,0.2909473
246619,0.1867966
246621,0.6281302
246624,0.15242651
246625,0.25206813
246627,0.7034152
246628,0.31254074
246631,0.47633132
246633,0.48825353
246654,0.36258423
246660,0.496565
246665,0.69185406
246669,0.580719
246681,0.15495755
246700,0.65862656
246705,0.38743037
246708,0.41145387
246711,0.6240027
246724,0.6485805
246740,0.2342538
246744,0.6193148
246745,0.7930036
246746,0.43695736
246748,0.1893387
246752,0.82385147
246758,0.5078957
246762,0.23492157
246765,0.3785691
246786,0.39549547
246798,0.2896491
246807,0.25057808
246816,0.6662921
246820,0.33319154
246833,0.20017841
246835,0.73728055
246836,0.5432159
246845,0.5295598
246849,0.4209252
246857,0.7821489
246861,0.23680145
246871,0.2916202
246872,0.6834531
246877,0.21162657
246879,0.09876535
246894,0.8136125
246896,0.19974701
246905,0.2617213
246907,0.4396925
246928,0.16630226
246935,0.15630917
246939,0.564536
246947,0.20336209
246951,0.19223955
246956,0.3970654
246972,0.39063767
246979,0.30632302
247003,0.3156886
247005,0.6672157
247006,0.3919659
247008,0.16339101
247014,0.640619
247027,0.13434607
247032,0.6240815
247036,0.7002264
247080,0.36270508
247083,0.28112808
247086,0.5962423
247092,0.4068812
247098,0.24951415
247103,0.6543647
247105,0.30103245
247108,0.29838285
247118,0.44477257
247123,0.31570998
247129,0.5933243
247139,0.3936719
247147,0.2562777
247153,0.4345658
247157,0.35957742
247179,0.34701094
247190,0.663899
247213,0.3095931
247220,0.17096572
247234,0.25832176
247260,0.19476628
247265,0.50408286
247269,0.65921354
247272,0.31897277
247277,0.23376772
247278,0.6997141
247280,0.3745424
247290,0.41504198
247296,0.37870756
247314,0.50643986
247316,0.5701369
247328,0.39098623
247332,0.5311315
247336,0.7844897
247340,0.66615146
247342,0.33991012
247347,0.3906762
247350,0.3681943
247351,0.13582663
247353,0.6357986
247354,0.3052035
247360,0.24703628
247371,0.32898277
247378,0.26684338
247394,0.44487885
247402,0.29303202
247406,0.586787
247409,0.24474518
247446,0.46695772
247453,0.20534524
247455,0.6478712
247463,0.1546242
247484,0.17713562
247485,0.48519376
247492,0.5823753
247497,0.5186419
247510,0.21527953
247521,0.38393041
247527,0.4986006
247534,0.58984685
247537,0.4776079
247558,0.28746355
247559,0.29598004
247560,0.7366059
247567,0.6219443
247572,0.6144609
247582,0.22081472
247583,0.6920229
247594,0.34703812
247595,0.22852151
247597,0.35245714
247598,0.23356931
247607,0.5985699
247619,0.61150724
247632,0.70180804
247638,0.5131671
247639,0.6379351
247646,0.5078561
247655,0.30719873
247660,0.20613955
247672,0.41834003
247677,0.18679893
247682,0.30388486
247685,0.55441946
247690,0.39910847
247701,0.098272845
247708,0.7964252
247715,0.47023085
247734,0.3021534
247758,0.3960569
247761,0.26110187
247763,0.21789035
247766,0.22523198
247774,0.32330728
247775,0.4765361
247779,0.1738222
247781,0.5499801
247783,0.4253518
247785,0.35893482
247787,0.11160283
247793,0.12615842
247798,0.18131465
247802,0.5284686
247805,0.39629138
247814,0.18990064
247816,0.5705667
247834,0.18470514
247836,0.15434758
247844,0.6632167
247849,0.6494489
247852,0.09177372
247859,0.3366105
247861,0.72028315
247867,0.258598
247868,0.20324591
247883,0.49992132
247890,0.20348664
247892,0.76873684
247896,0.19876507
247897,0.21820477
247902,0.69138175
247904,0.25076517
247909,0.30558395
247910,0.27921748
247911,0.59672
247929,0.19519886
247930,0.15347236
247935,0.20190988
247942,0.6799899
247950,0.42466515
247951,0.44133157
247972,0.51178443
247989,0.35064924
247993,0.58817226
247995,0.60721815
248012,0.30599815
248018,0.35926113
248019,0.4996778
248036,0.17273404
248037,0.44933262
248039,0.19011663
248040,0.63952816
248043,0.56504315
248054,0.20512156
248056,0.41274664
248068,0.6529054
248075,0.58600897
248085,0.25922784
248087,0.35958084
248089,0.23627576
248095,0.20426516
248105,0.32341594
248109,0.39550078
248115,0.4308594
248131,0.60322624
248135,0.4890013
248148,0.42414567
248154,0.6768731
248156,0.33240435
248165,0.47875473
248169,0.2947961
248173,0.0906041
248179,0.3108328
248187,0.32172027
248204,0.29199728
248207,0.5516375
248210,0.499651
248212,0.42073333
248214,0.2062602
248229,0.47950065
248236,0.40672702
248239,0.42256644
248240,0.54346716
248246,0.13725293
248249,0.34381524
248261,0.30024686
248267,0.28644922
248268,0.44514456
248272,0.21460608
248276,0.50215954
248293,0.39316523
248303,0.40799266
248307,0.29261842
248308,0.68817157
248327,0.2926149
248330,0.2586348
248345,0.5218076
248355,0.22072153
248364,0.478064
248368,0.60361165
248373,0.5890048
248375,0.6723976
248378,0.34509683
248390,0.30218238
248394,0.3165628
248405,0.16810128
248409,0.5114082
248411,0.48621663
248415,0.41821265
248416,0.23518266
248419,0.65834355
248421,0.32797328
248422,0.25136697
248424,0.24731359
248427,0.37469926
248429,0.8700781
248435,0.15290268
248452,0.5318049
248461,0.45313513
248467,0.27642813
248472,0.5035015
248473,0.254545
248476,0.4046856
248488,0.6919355
248489,0.726534
248505,0.29657656
248509,0.48671928
248510,0.6132747
248512,0.34151226
248524,0.80585164
248526,0.44055298
248528,0.33361623
248533,0.13813743
248546,0.19686708
248568,0.42497963
248570,0.44259408
248579,0.4711743
248583,0.4599778
248585,0.16126151
248586,0.5209302
248596,0.11402791
248597,0.70763636
248601,0.112485394
248605,0.49972937
248613,0.41469204
248618,0.2878235
248622,0.36477932
248626,0.100373276
248627,0.20241815
248628,0.33214405
248635,0.28371316
248636,0.28171763
248644,0.21701623
248667,0.6580933
248675,0.22774027
248677,0.47311378
248693,0.65329814
248694,0.5161251
248699,0.17300756
248706,0.6508549
248726,0.47943565
248728,0.24219084
248731,0.40028188
248736,0.8138405
248738,0.79278386
248739,0.2606299
248744,0.6194398
248745,0.60164475
248756,0.23147108
248760,0.38061422
248767,0.70529443
248770,0.40133256
248772,0.51341087
248773,0.24325433
248785,0.14661467
248789,0.27548707
248791,0.49635336
248797,0.31428072
248826,0.16925697
248853,0.3447547
248854,0.1906299
248856,0.6055547
248861,0.34852976
248869,0.7267094
248871,0.35541874
248877,0.15259792
248883,0.72064656
248891,0.14931841
248892,0.82189196
248905,0.35532337
248910,0.29864213
248914,0.2509256
248921,0.5020094
248931,0.64664483
248934,0.2623439
248951,0.25493363
248954,0.495477
248961,0.20117693
248966,0.23036326
248968,0.53116876
248977,0.19374342
248978,0.4663688
248986,0.7616791
249000,0.13481347
249005,0.4926361
249025,0.099328436
249040,0.6487999
249045,0.47207963
249056,0.37087676
249057,0.109079964
249075,0.4400764
249084,0.4555091
249089,0.33059576
249095,0.7077536
249101,0.48631534
249113,0.31270745
249116,0.20195866
249118,0.19474243
249137,0.43162227
249140,0.27081862
249149,0.6168201
249151,0.36147115
249154,0.3774213
249155,0.39436853
249171,0.11454868
249173,0.7722369
249190,0.35464525
249191,0.28203177
249197,0.3798481
249205,0.68708193
249212,0.74101764
249228,0.30908
249235,0.6218137
249266,0.26729542
249269,0.22476666
249277,0.5356671
249298,0.21884958
249305,0.5704348
249310,0.4545356
249313,0.6341961
249320,0.57030165
249321,0.06409429
249332,0.19084637
249333,0.40214786
249339,0.5796716
249343,0.77016294
249345,0.33351755
249347,0.43939286
249348,0.33380666
249358,0.051145643
249370,0.8417839
249382,0.6429893
249397,0.16360216
249398,0.46059132
249400,0.6285386
249403,0.8298567
249412,0.67806053
249421,0.665822
249422,0.41550425
249426,0.23592035
249445,0.43053904
249460,0.38735715
249465,0.14850923
249467,0.14213236
249481,0.46767145
249495,0.42382714
249496,0.49317163
249505,0.18135184
249507,0.20734023
249523,0.39370316
249528,0.4408535
249532,0.6254446
249534,0.5647276
249540,0.32731202
249542,0.5543725
249557,0.357255
249559,0.7960282
249578,0.17390214
249581,0.12499654
249588,0.4974902
249595,0.45018068
249603,0.45151263
249615,0.31394866
249630,0.50295764
249636,0.36586052
249640,0.35160998
249648,0.2446807
249657,0.3179403
249661,0.24389765
249664,0.19327876
249668,0.63157415
249677,0.45358112
249681,0.35168156
249687,0.60130495
249688,0.63699216
249695,0.87106687
249703,0.17674954
249705,0.5266265
249718,0.66085666
249719,0.5447935
249720,0.41788578
249726,0.13914192
249728,0.5458671
249742,0.370713
249764,0.621019
249768,0.5583075
249770,0.43931854
249774,0.1873569
249779,0.5615711
249783,0.32578135
249801,0.7371594
249808,0.38104084
249818,0.13115403
249820,0.7672376
249832,0.76498663
249839,0.18832128
249843,0.65721285
249845,0.35445115
249847,0.39552853
249878,0.7634844
249883,0.42884046
249895,0.5973864
249898,0.46715692
249906,0.4758585
249909,0.17928608
249913,0.45238385
249920,0.6536178
249921,0.16825677
249928,0.6497472
249941,0.32317826
249951,0.15438627
249955,0.59597933
250020,0.22546671
250022,0.471422
250026,0.49323004
250038,0.5563963
250045,0.5438875
250048,0.55737823
250049,0.582512
250051,0.3205585
250056,0.5346361
250073,0.3286401
250085,0.17314878
250088,0.644367
250091,0.4870839
250092,0.47220135
250093,0.15012075
250095,0.2694348
250098,0.6300677
250105,0.5131513
250114,0.6793607
250127,0.5400567
250134,0.62172276
250137,0.122381076
250153,0.41657165
250156,0.385809
250176,0.47179705
250188,0.2811474
250189,0.3959078
250211,0.6697559
250212,0.65669525
250217,0.24952562
250226,0.5368379
250236,0.9363612
250237,0.53101844
250246,0.4067864
250270,0.48502633
250276,0.48143786
250299,0.55992156
250311,0.10401882
250312,0.61643934
250319,0.29292008
250324,0.26208696
250331,0.3349329
250340,0.3820044
250347,0.07951231
250354,0.35124332
250358,0.4496775
250359,0.17559265
250361,0.84862137
250363,0.34566864
250371,0.65645933
250377,0.47363713
250381,0.2574868
250391,0.19574036
250415,0.29440853
250416,0.55153334
250430,0.77644485
250431,0.34839895
250438,0.30246663
250444,0.5650294
250453,0.6154574
250458,0.3584268
250462,0.7970199
250469,0.28100064
250473,0.2353753
250481,0.4121384
250498,0.80883414
250502,0.6704407
250508,0.36389938
250514,0.14318357
250521,0.23034641
250522,0.7905822
250530,0.14899053
250531,0.12138373
250533,0.12254335
250539,0.5113474
250541,0.3119125
250545,0.6355765
250557,0.74245805
250576,0.5060166
250579,0.1395196
250585,0.82720166
250586,0.30259684
250591,0.7445013
250592,0.2666583
250596,0.17668873
250616,0.17981827
250617,0.18426812
250632,0.5861207
250636,0.52492374
250640,0.45421824
250657,0.525724
250658,0.63547164
250661,0.3245949
250684,0.5374671
250685,0.34907746
250691,0.6474772
250692,0.3992632
250712,0.07698806
250713,0.16398054
250719,0.5066119
250737,0.4422476
250749,0.18027432
250772,0.2892786
250773,0.82274705
250774,0.33833987
250781,0.53615856
250783,0.2291138
250810,0.42842102
250814,0.23501489
250819,0.16781898
250831,0.25256985
250855,0.21851358
250867,0.6401494
250878,0.2868519
250887,0.116184264
250889,0.25001368
250890,0.3771841
250900,0.6256599
250904,0.49667144
250909,0.41074672
250913,0.32333902
250914,0.23288342
250915,0.5914423
250918,0.43521392
250922,0.70169973
250925,0.36937675
250939,0.47953817
250949,0.15428317
250956,0.47483128
250961,0.5160859
250963,0.45954502
250965,0.4691008
250968,0.22956474
250970,0.36158746
250981,0.39183167
250990,0.16915411
251001,0.5762424
251002,0.15067275
251011,0.6828085
251013,0.23574086
251021,0.16923952
251022,0.29152
251029,0.19855253
251046,0.15488732
251047,0.37531564
251058,0.10597042
251063,0.2850075
251064,0.40763706
251073,0.7080122
251083,0.35480416
251085,0.55844104
251091,0.60224026
251096,0.42133537
251105,0.80044216
251115,0.46300203
251123,0.23615216
251133,0.43968892
251152,0.23121439
251165,0.5105983
251180,0.40270594
251196,0.50575763
251197,0.49766615
251214,0.17798533
251215,0.8391534
251217,0.551225
251219,0.3154706
251233,0.1922339
251234,0.5489009
251245,0.24581443
251248,0.8015423
251255,0.07682226
251267,0.12991099
251272,0.45892462
251276,0.45079476
251288,0.47737667
251297,0.32225904
251298,0.5112998
251300,0.38092512
251301,0.25586385
251302,0.22965369
251303,0.75327015
251311,0.2930485
251314,0.32245597
251322,0.12041232
251324,0.6034844
251333,0.4447405
251336,0.62421596
251341,0.36703524
251346,0.369345
251370,0.31631723
251378,0.34325707
251396,0.3369998
251401,0.34025112
251413,0.21845579
251422,0.1919187
251423,0.20808259
251434,0.6702266
251436,0.44743323
251443,0.4104768
251445,0.529296
251455,0.25639942
251465,0.31381416
251470,0.2068728
251475,0.8670947
251488,0.3898253
251498,0.40458497
251504,0.47922027
251506,0.6700141
251530,0.5913771
251534,0.58080876
251538,0.6735223
251543,0.21686222
251557,0.51269966
251558,0.5715521
251567,0.34959456
251575,0.41189083
251579,0.32271835
251598,0.6341791
251599,0.35526386
251606,0.151949
251608,0.24964508
251620,0.6634995
251624,0.4560942
251629,0.25846884
251631,0.33845523
251654,0.6475155
251671,0.27932426
251677,0.2978777
251682,0.2854408
251684,0.6013385
251689,0.58375657
251700,0.6195132
251716,0.3157105
251719,0.6082591
251727,0.48955446
251731,0.5364687
251732,0.30846852
251737,0.29087344
251744,0.3422246
251750,0.4696743
251754,0.7408671
251759,0.24487738
251761,0.69359666
251762,0.5847372
251765,0.17366417
251768,0.3064649
251770,0.14791778
251777,0.23850624
251786,0.19306746
251795,0.4219106
251805,0.46854287
251833,0.4418156
251839,0.27033752
251848,0.8584257
251851,0.46886468
251893,0.16718279
251909,0.1710169
251918,0.4921434
251920,0.33779818
251922,0.77161205
251923,0.7575948
251926,0.53971666
251933,0.22814754
251938,0.33930475
251948,0.42986178
251955,0.41749707
251956,0.54683346
251957,0.23275986
251964,0.22684993
251965,0.54243594
251966,0.30420223
251972,0.3450373
251980,0.2684381
252003,0.24421144
252016,0.4690576
252028,0.43965355
252032,0.19155315
252046,0.24264647
252054,0.16314721
252060,0.5348605
252073,0.31931493
252088,0.13371533
252092,0.14090773
252096,0.5389055
252113,0.37703285
252115,0.12072737
252121,0.18119735
252133,0.5545188
252135,0.20000792
252145,0.69326264
252151,0.05267463
252167,0.35185307
252169,0.46628982
252175,0.6931699
252189,0.6311818
252190,0.68837714
252191,0.6399002
252198,0.56950533
252212,0.5989956
252223,0.15149501
252224,0.58423203
252228,0.75235313
252253,0.15588811
252257,0.6753992
252261,0.58889997
252265,0.6279918
252272,0.5632704
252273,0.6334754
252286,0.83743626
252312,0.05849774
252322,0.48145247
252326,0.51074946
252332,0.2219912
252345,0.36182404
252348,0.342006
252354,0.4273645
252358,0.64074826
252364,0.57224154
252366,0.742963
252369,0.5752926
252374,0.45457825
252382,0.3879191
252417,0.7589888
252425,0.7080467
252426,0.34076902
252429,0.4299931
252434,0.7985849
252447,0.30515993
252450,0.19573957
252452,0.73928356
252460,0.25722718
252463,0.43129036
252465,0.58978426
252492,0.6750932
252493,0.5799516
252518,0.3658976
252522,0.74021757
252524,0.37897745
252531,0.3458701
252533,0.62023175
252540,0.6242715
252543,0.19383131
252544,0.33847895
252555,0.26234946
252558,0.51118004
252562,0.12935711
252565,0.7163289
252568,0.0793091
252569,0.23993683
252573,0.33181667
252582,0.25990218
252596,0.2810409
252599,0.24335809
252603,0.28288698
252606,0.312943
252630,0.25746244
252636,0.24785808
252651,0.44578815
252653,0.11272123
252679,0.74251294
252682,0.641443
252687,0.7416886
252713,0.13087454
252715,0.10326452
252721,0.72051436
252726,0.24621303
252746,0.2311979
252754,0.14083366
252760,0.17383651
252762,0.8098207
252763,0.4656745
252764,0.55282325
252768,0.3151315
252773,0.26586956
252774,0.42101678
252782,0.40861621
252784,0.31482133
252797,0.31795025
252798,0.10954622
252809,0.4499754
252819,0.2346996
252840,0.3258206
252862,0.1480168
252863,0.61405474
252865,0.45109534
252870,0.6458362
252880,0.4361027
252881,0.25799793
252888,0.5441663
252889,0.47599736
252894,0.31303516
252899,0.32626927
252911,0.18424572
252918,0.091147706
252926,0.19880885
252929,0.40939313
252932,0.6351755
252939,0.38647532
252940,0.3036761
252970,0.11946766
252971,0.24964568
252980,0.5204045
252981,0.32444486
252986,0.39171362
252990,0.09972902
253004,0.321388
253011,0.44810882
253015,0.24920014
253022,0.25902697
253032,0.24532527
253044,0.85691524
253056,0.14754237
253065,0.38069713
253066,0.18248634
253067,0.28186932
253079,0.21487044
253088,0.3762945
253098,0.4314056
253099,0.57079434
253112,0.45590138
253113,0.6019701
253133,0.46967176
253149,0.118040934
253151,0.3763686
253153,0.2900128
253160,0.314688
253164,0.3146445
253169,0.62415594
253177,0.14879306
253183,0.6543717
253198,0.53826624
253206,0.3618429
253214,0.6773718
253218,0.36401734
253224,0.24422343
253227,0.09715617
253231,0.30910835
253247,0.343718
253251,0.40153348
253262,0.45947453
253264,0.2673453
253265,0.47140715
253273,0.5351958
253275,0.24601991
253278,0.15727061
253284,0.54968005
253298,0.4092924
253313,0.53383166
253317,0.10323574
253322,0.42755276
253326,0.4241028
253332,0.80279815
253338,0.26404068
253339,0.1185665
253346,0.14053467
253348,0.70298713
253350,0.14912356
253357,0.52583516
253363,0.65443826
253365,0.079851076
253369,0.27211902
253373,0.69207865
253378,0.36778829
253383,0.78490293
253392,0.32617903
253395,0.2574159
253398,0.22947668
253410,0.5254911
253419,0.18850237
253420,0.57378036
253421,0.6743679
253441,0.65268266
253442,0.25666615
253446,0.34204382
253447,0.5391846
253465,0.35293987
253488,0.51678056
253492,0.25393316
253499,0.8216473
253500,0.7237066
253501,0.3264715
253509,0.3103517
253521,0.22092837
253534,0.2503166
253544,0.47361225
253555,0.64054734
253557,0.38060486
253559,0.171609
253583,0.61907613
253587,0.15614475
253589,0.44221136
253591,0.39856702
253596,0.2515339
253600,0.21490529
253605,0.18973948
253620,0.37480265
253628,0.23526207
253631,0.65068394
253634,0.10928159
253639,0.29208976
253641,0.6202102
253661,0.28452843
253672,0.5022572
253679,0.25965688
253683,0.43908828
253696,0.2499365
253706,0.4420983
253708,0.38777122
253712,0.16811997
253717,0.1660773
253720,0.59716016
253731,0.37187392
253734,0.6627829
253743,0.3224015
253744,0.28581384
253748,0.33235115
253754,0.39079314
253761,0.56594235
253787,0.62735265
253788,0.39265415
253796,0.68449265
253826,0.6382006
253829,0.36609325
253837,0.64881706
253841,0.5869942
253843,0.345474
253844,0.45342964
253845,0.29915446
253849,0.5332923
253854,0.11773231
253861,0.1959505
253863,0.18540168
253875,0.6573521
253891,0.41909042
253894,0.6749688
253895,0.77076334
253918,0.6162215
253930,0.16275936
253939,0.32898593
253940,0.555583
253945,0.5504059
253950,0.10881197
253951,0.114721194
253964,0.7289959
253967,0.34144336
253975,0.8964561
253986,0.30956453
253998,0.77042174
254017,0.4655402
254025,0.4484777
254026,0.3147292
254031,0.31268036
254035,0.2627833
254040,0.46628344
254042,0.20676512
254047,0.36917266
254051,0.7820369
254056,0.29297
254060,0.4132909
254068,0.34626916
254073,0.80464256
254088,0.31994107
254100,0.31805724
254110,0.681262
254115,0.2211834
254116,0.8181158
254125,0.3799728
254130,0.24037404
254135,0.5478616
254149,0.47097757
254161,0.30295444
254167,0.44565287
254176,0.55351055
254205,0.19035214
254226,0.12177005
254228,0.5840465
254238,0.09614663
254242,0.6311104
254257,0.8113918
254261,0.45419878
254280,0.34181803
254295,0.18126397
254316,0.5479405
254325,0.73187846
254326,0.55421686
254327,0.27526897
254335,0.2550969
254342,0.6938861
254347,0.5641313
254355,0.42058203
254358,0.25737044
254359,0.2782837
254368,0.46011606
254376,0.44186395
254382,0.6141537
254383,0.5983664
254390,0.34397084
254392,0.5387193
254394,0.121501595
254400,0.06851159
254406,0.27420825
254411,0.21687931
254421,0.4980352
254435,0.6459263
254437,0.33790773
254440,0.06739079
254460,0.6040558
254470,0.30225578
254471,0.5577821
254472,0.20369771
254483,0.76126266
254493,0.18363647
254513,0.24667728
254518,0.7313237
254520,0.7240845
254534,0.4253399
254537,0.417782
254562,0.4247295
254567,0.25423607
254577,0.548151
254578,0.41103724
254580,0.728825
254586,0.39857218
254591,0.5828888
254593,0.15375766
254597,0.78294
254599,0.13424292
254613,0.27679893
254629,0.5867078
254631,0.48263946
254633,0.23801966
254639,0.36883366
254642,0.39904237
254650,0.52545047
254659,0.28967524
254662,0.49908063
254671,0.6418477
254672,0.1930882
254674,0.64654833
254676,0.7232514
254679,0.17157112
254701,0.35260502
254722,0.123069584
254728,0.24096394
254742,0.25499713
254748,0.28811485
254750,0.17005153
254751,0.4142773
254753,0.5479523
254773,0.6055028
254783,0.28676128
254805,0.3434439
254806,0.65811914
254810,0.2191413
254817,0.3779562
254820,0.26758656
254829,0.49385035
254835,0.27085438
254837,0.38952464
254843,0.25937963
254850,0.4303705
254858,0.34622616
254861,0.32083005
254884,0.22444369
254885,0.5299778
254890,0.21550065
254910,0.5944814
254916,0.2632375
254917,0.25346226
254920,0.14884484
254926,0.28206372
254928,0.41009328
254930,0.39346474
254937,0.65551835
254940,0.20535173
254953,0.63649315
254956,0.18274464
254969,0.37357476
254982,0.55470896
254988,0.53915036
254998,0.24904345
255013,0.7248309
255017,0.3900346
255018,0.25596002
255029,0.49492455
255033,0.7995656
255035,0.5866795
255061,0.8153638
255067,0.09240328
255068,0.29895544
255070,0.6426993
255084,0.16984971
255096,0.56964093
255106,0.08659798
255114,0.40830594
255117,0.23537229
255135,0.47747633
255142,0.48523125
255143,0.5085628
255146,0.60990596
255155,0.44322512
255156,0.60810536
255158,0.21113653
255167,0.33623353
255172,0.24496485
255199,0.16696252
255204,0.23398808
255206,0.34215945
255210,0.5161143
255226,0.31297153
255230,0.39777127
255253,0.41440377
255259,0.29429293
255260,0.27850404
255278,0.59028155
255288,0.37634364
255312,0.3557141
255317,0.21361783
255319,0.5668116
255320,0.5496023
255322,0.20185558
255332,0.82936525
255337,0.378026
255344,0.15512376
255347,0.5220342
255348,0.2973235
255351,0.41910487
255366,0.43534052
255371,0.30209467
255372,0.21716963
255373,0.7609435
255377,0.4895483
255378,0.62645805
255405,0.54058886
255408,0.33563673
255425,0.5867177
255434,0.7043584
255441,0.32895905
255442,0.63226545
255451,0.59648496
255486,0.17742842
255490,0.8338487
255493,0.4270187
255501,0.4453611
255503,0.21949486
255515,0.61156994
255522,0.5396342
255526,0.282635
255538,0.6779827
255541,0.37673327
255546,0.68445235
255549,0.13102114
255557,0.18903776
255564,0.56540257
255568,0.33751035
255572,0.49006698
255581,0.18118788
255585,0.16278383
255586,0.64989537
255596,0.5936447
255598,0.3420444
255600,0.6309031
255619,0.446504
255620,0.12513168
255623,0.24074525
255631,0.36060295
255632,0.6749602
255633,0.60976464
255646,0.38969257
255647,0.39191815
255649,0.3677808
255659,0.34347045
255666,0.1790594
255669,0.5230884
255674,0.340008
255675,0.21748169
255678,0.53039134
255682,0.82988477
255690,0.6304781
255691,0.118369505
255694,0.60910195
255706,0.20274903
255717,0.25094035
255720,0.13030186
255723,0.44128838
255724,0.6121156
255729,0.17787391
255731,0.48080254
255733,0.09487542
255734,0.5979451
255738,0.3678172
255760,0.21408099
255766,0.251872
255770,0.14777775
255772,0.15004684
255775,0.32102215
255776,0.26448017
255786,0.21158476
255795,0.17659572
255797,0.46093345
255810,0.46987033
255813,0.26518255
255829,0.38946286
255830,0.14368512
255832,0.37225136
255847,0.20889197
255853,0.63803804
255876,0.2786391
255881,0.13276976
255883,0.22494848
255891,0.29009184
255899,0.43632898
255900,0.47138938
255906,0.43921575
255907,0.59714735
255911,0.4290365
255921,0.3879952
255925,0.6515119
255930,0.5557673
255941,0.16500294
255948,0.313281
255969,0.719177
255973,0.69417715
255974,0.27937523
255976,0.4337811
255977,0.37893942
255978,0.18844597
255981,0.4590202
255988,0.39326397
255990,0.21229218
255992,0.44918725
255998,0.2419282
256015,0.41975692
256016,0.3828398
256036,0.2508599
256045,0.4744682
256050,0.56173086
256066,0.72658366
256076,0.7250996
256080,0.23303325
256083,0.5603664
256086,0.11250639
256103,0.3348518
256108,0.20078085
256114,0.41158137
256115,0.61749995
256139,0.42960843
256141,0.227117
256146,0.29641223
256150,0.33526292
256177,0.3977758
256179,0.31098598
256194,0.5447
256195,0.5500201
256200,0.76912385
256204,0.35719952
256205,0.74735624
256213,0.4177687
256222,0.24599434
256224,0.29032683
256235,0.5174468
256264,0.15642731
256268,0.34100348
256276,0.5570329
256277,0.45663476
256282,0.1099474
256285,0.1397608
256293,0.28025818
256294,0.28684255
256296,0.6166183
256297,0.16210906
256315,0.30972576
256317,0.342527
256334,0.6481794
256339,0.35745203
256342,0.8392672
256345,0.51666814
256348,0.71080416
256350,0.4507435
256351,0.100869015
256357,0.444451
256375,0.76661664
256377,0.57568485
256379,0.24929659
256392,0.117658176
256398,0.14665043
256419,0.37636155
256422,0.17342323
256424,0.2026464
256431,0.14351836
256432,0.40896162
256438,0.703474
256459,0.14739318
256460,0.81041837
256506,0.68315935
256507,0.28925136
256511,0.101276286
256513,0.60881805
256519,0.3223686
256533,0.44150653
256539,0.45618108
256590,0.41973898
256606,0.6541612
256614,0.45630178
256642,0.51859623
256644,0.081863254
256653,0.44549525
256663,0.17815338
256666,0.43002295
256669,0.43620312
256678,0.17845997
256685,0.63615257
256705,0.21254623
256708,0.33918616
256713,0.40368897
256715,0.46359292
256718,0.37172824
256745,0.56808186
256752,0.32422823
256753,0.4650684
256754,0.3499659
256763,0.19159931
256772,0.45389414
256773,0.65784633
256774,0.7151649
256776,0.81786305
256783,0.63259494
256790,0.35698393
256801,0.64827484
256802,0.8212172
256803,0.6018766
256808,0.12198038
256809,0.5009449
256810,0.487633
256818,0.324242
256824,0.1616194
256825,0.33985916
256826,0.16102587
256829,0.3129962
256834,0.4515768
256843,0.8166459
256866,0.71443486
256875,0.2685194
256876,0.38085905
256887,0.35706595
256888,0.33984613
256894,0.2694349
256909,0.30526146
256918,0.6164803
256927,0.40896055
256931,0.15881857
256933,0.5726458
256937,0.59847796
256950,0.60537255
256955,0.22644292
256962,0.2981066
256972,0.12923618
256985,0.6242431
256987,0.66068035
256993,0.12838276
257000,0.4848485
257017,0.16745418
257019,0.38838032
257020,0.5708559
257022,0.47575212
257023,0.43288168
257025,0.621051
257050,0.45908406
257056,0.2242808
257060,0.57997423
257064,0.17253622
257066,0.13023452
257071,0.45196015
257073,0.22649778
257076,0.20205079
257084,0.5795659
257088,0.7093045
257102,0.6731449
257118,0.33852446
257119,0.49379045
257120,0.3879048
257131,0.42268097
257145,0.7326617
257150,0.24680582
257154,0.5671369
257169,0.5595929
257192,0.61105275
257200,0.26648602
257204,0.29982314
257205,0.5891273
257213,0.4948851
257216,0.13417938
257219,0.33911982
257232,0.5463782
257234,0.18315917
257244,0.76428133
257251,0.15504825
257255,0.21677038
257260,0.21091858
257263,0.79825306
257267,0.34997755
257277,0.17927164
257293,0.26819518
257294,0.2228947
257304,0.11683418
257307,0.09126255
257312,0.47270948
257324,0.6674006
257325,0.61736405
257326,0.28146344
257353,0.18408164
257354,0.18223837
257369,0.42381752
257372,0.3222038
257375,0.3250973
257388,0.39167163
257393,0.2210303
257395,0.15668815
257399,0.49351594
257406,0.58740216
257409,0.47153443
257437,0.49650612
257441,0.22333635
257442,0.49248725
257473,0.19135162
257476,0.34657186
257477,0.7695066
257483,0.7066873
257500,0.6387473
257506,0.66442305
257508,0.32636926
257511,0.6642437
257514,0.11037091
257527,0.6096541
257528,0.38830438
257545,0.39690033
257546,0.39328885
257548,0.3587136
257551,0.21003331
257564,0.31605798
257565,0.35787895
257567,0.47816148
257572,0.21823846
257575,0.6325091
257577,0.76535237
257578,0.20364495
257585,0.169826
257589,0.69088566
257590,0.52995586
257594,0.24338241
257596,0.1750908
257614,0.63744736
257618,0.6403782
257624,0.6513819
257632,0.07823254
257638,0.20739543
257644,0.69411415
257650,0.21184252
257653,0.36359537
257660,0.75282556
257663,0.4568559
257665,0.5881374
257677,0.6132626
257678,0.28191042
257690,0.5290675
257700,0.49923217
257711,0.2709385
257712,0.69583607
257715,0.2647595
257718,0.11263529
257720,0.5191019
257740,0.5579809
257748,0.39380422
257765,0.45474803
257768,0.5535059
257777,0.2661352
257778,0.29690582
257785,0.48022673
257789,0.5042035
257794,0.60131973
257796,0.21526393
257821,0.1939774
257823,0.7562932
257832,0.2962543
257844,0.8482292
257848,0.6785106
257854,0.25301555
257861,0.67124116
257872,0.28487062
257875,0.32252878
257876,0.41405073
257883,0.15203243
257888,0.26390475
257895,0.59914553
257900,0.3534837
257906,0.2114901
257907,0.7633214
257920,0.7145546
257921,0.45617145
257926,0.12219552
257932,0.273169
257940,0.09460289
257947,0.62105596
257953,0.54815495
257958,0.14034806
257967,0.59671944
257977,0.25062165
257986,0.21160948
258012,0.577826
258013,0.5576016
258031,0.22005622
258034,0.23756123
258037,0.82403153
258051,0.59882957
258056,0.28427187
258058,0.61989146
258066,0.5215785
258074,0.32430106
258077,0.17721803
258090,0.5189654
258109,0.1860364
258114,0.41799116
258124,0.23149174
258127,0.6221651
258141,0.111328594
258148,0.40853932
258151,0.52025783
258163,0.3813588
258166,0.24231581
258169,0.14069861
258179,0.6089298
258190,0.5807008
258193,0.24406455
258207,0.7883455
258220,0.33972168
258222,0.5098387
258223,0.2544508
258225,0.16354118
258227,0.12626804
258231,0.5119403
258233,0.7986153
258249,0.115115926
258255,0.28650802
258259,0.3416011
258276,0.25644565
258281,0.84432393
258302,0.1733489
258305,0.47786722
258310,0.33567294
258334,0.50854343
258335,0.47185913
258338,0.1503706
258345,0.19459748
258360,0.14159122
258363,0.5140225
258381,0.47955674
258384,0.37518182
258387,0.16710247
258400,0.51301694
258402,0.28754976
258406,0.73235625
258408,0.78744245
258432,0.13305897
258443,0.117285684
258461,0.12508057
258488,0.59192276
258489,0.5097222
258508,0.5342141
258524,0.13476855
258527,0.13777865
258545,0.13633068
258549,0.53303117
258560,0.7117441
258565,0.3795171
258567,0.35750166
258575,0.5901131
258590,0.18237467
258591,0.40918586
258592,0.4525086
258603,0.43153048
258606,0.4716538
258610,0.39094296
258627,0.2993978
258631,0.11728127
258637,0.58083785
258638,0.39959857
258640,0.45434046
258645,0.13479316
258651,0.34348735
258652,0.58501726
258653,0.30824086
258662,0.5114736
258663,0.1982671
258671,0.20626764
258679,0.29860103
258685,0.24074452
258686,0.7589704
258697,0.31876886
258705,0.77463627
258723,0.6541537
258724,0.11506563
258734,0.17462637
258763,0.2911468
258764,0.28031802
258771,0.24265021
258773,0.26280504
258782,0.56147623
258784,0.19167806
258790,0.2928783
258811,0.24464154
258817,0.35995367
258818,0.55467045
258832,0.6362366
258837,0.7315346
258841,0.53494835
258842,0.3051244
258843,0.55073136
258860,0.21194144
258875,0.2640578
258881,0.3625558
258887,0.12677623
258889,0.30429414
258924,0.5968536
258925,0.7313732
258948,0.21556823
258949,0.21688396
258963,0.45133543
258964,0.15407646
258966,0.8139198
258973,0.43862993
258974,0.21462227
258979,0.6187826
258989,0.56692487
258997,0.12759137
259001,0.25566164
259013,0.70971555
259018,0.51750743
259020,0.8311597
259031,0.28137705
259044,0.7051912
259050,0.6662376
259064,0.4351251
259078,0.5150346
259088,0.76750076
259124,0.19974041
259125,0.34835312
259135,0.26295567
259137,0.4858914
259146,0.36822042
259148,0.85658264
259168,0.55569094
259178,0.27376786
259194,0.2872193
259198,0.23933285
259204,0.29385543
259209,0.2698342
259223,0.33569187
259228,0.46801347
259234,0.81556904
259237,0.1826836
259246,0.33381504
259247,0.09992661
259249,0.40226212
259264,0.27156433
259274,0.55004436
259281,0.4068795
259283,0.53390193
259284,0.47624382
259285,0.42616358
259286,0.13954432
259291,0.6292221
259304,0.32002038
259309,0.18231636
259322,0.23205505
259323,0.80618733
259331,0.40484807
259339,0.37948948
259344,0.23811
259350,0.5423107
259353,0.37759835
259356,0.46968532
259365,0.5113332
259377,0.41924334
259397,0.20320834
259403,0.4784929
259411,0.14237528
259415,0.21923505
259420,0.57101494
259423,0.4331062
259424,0.17444377
259431,0.23171404
259434,0.34372216
259438,0.6142073
259439,0.34411204
259441,0.19758949
259452,0.25898048
259460,0.30408382
259471,0.27063346
259483,0.50496674
259494,0.23986995
259496,0.23230572
259500,0.6476171
259512,0.30261105
259526,0.31407443
259528,0.4321839
259548,0.2375122
259568,0.32373106
259593,0.4546395
259603,0.34096816
259611,0.13339028
259620,0.52719045
259621,0.8482186
259623,0.62492853
259633,0.26156577
259648,0.20296444
259678,0.25199923
259691,0.15821499
259693,0.333292
259708,0.6644843
259720,0.45214334
259734,0.2217813
259741,0.6642798
259749,0.27825475
259750,0.17445183
259752,0.13366371
259755,0.35758847
259759,0.40889126
259776,0.35434118
259779,0.42012915
259790,0.4664451
259797,0.20856073
259799,0.268983
259804,0.38487354
259807,0.42089352
259810,0.42261395
259811,0.76325476
259822,0.19639573
259833,0.21765056
259838,0.2670447
259844,0.6730782
259846,0.60720235
259848,0.29345796
259861,0.45508453
259867,0.20733662
259876,0.53452295
259880,0.3336003
259897,0.5936776
259908,0.6938684
259912,0.16041204
259920,0.5123347
259922,0.21517867
259928,0.24844882
259932,0.06290655
259946,0.15661004
259962,0.8479631
259982,0.22911426
259985,0.17962043
259994,0.37020916
259996,0.6911575
260000,0.4341889
260007,0.7382094
260018,0.5022305
260021,0.56446546
260038,0.24790789
260051,0.76724666
260052,0.31222796
260070,0.3738855
260074,0.31593385
260080,0.3019011
260092,0.17079926
260097,0.12557168
260101,0.106208876
260108,0.29251608
260117,0.42353237
260129,0.21263427
260142,0.19930778
260145,0.21228018
260146,0.503936
260147,0.38220188
260148,0.7803272
260153,0.18233782
260156,0.2738307
260171,0.19661732
260202,0.1042621
260221,0.46045718
260222,0.37694082
260226,0.70126677
260227,0.54442626
260247,0.28534374
260251,0.29761696
260261,0.11835686
260264,0.22862607
260266,0.29951692
260268,0.5029116
260289,0.312807
260301,0.41710106
260316,0.34953082
260348,0.29211554
260359,0.33405754
260364,0.66630733
260391,0.60876656
260422,0.36710256
260435,0.42866203
260438,0.45968583
260446,0.15921727
260447,0.6897489
260458,0.53623295
260461,0.6916604
260469,0.46857893
260471,0.55593073
260482,0.74587315
260484,0.3517179
260487,0.7515177
260489,0.24250992
260500,0.5001038
260508,0.19892944
260509,0.615491
260512,0.56858283
260525,0.27620658
260530,0.36742705
260533,0.1745654
260538,0.6484504
260541,0.7335308
260546,0.50257874
260551,0.20114054
260556,0.66262937
260561,0.23381156
260566,0.1769759
260572,0.46847233
260579,0.6126305
260582,0.60359323
260583,0.3878602
260584,0.5485725
260586,0.3813181
260589,0.49268177
260608,0.51678306
260632,0.30247462
260634,0.40330252
260635,0.6851748
260645,0.301429
260659,0.24617644
260665,0.60305226
260673,0.39052716
260675,0.6543221
260676,0.3447561
260700,0.75346017
260721,0.82989866
260723,0.5436272
260732,0.21810421
260738,0.25972262
260748,0.31151912
260782,0.5419779
260806,0.22914921
260820,0.45715705
260825,0.57651585
260830,0.23114721
260844,0.29756752
260858,0.43844908
260860,0.42037997
260863,0.4792499
260867,0.15400214
260875,0.13714321
260877,0.5818599
260902,0.71945536
260910,0.35783055
260913,0.33707985
260923,0.29849032
260926,0.7785128
260936,0.3209036
260937,0.6620634
260948,0.6886929
260949,0.42914215
260959,0.5077907
260962,0.80241585
260986,0.60743535
260988,0.34191105
260992,0.576789
260997,0.24676548
261007,0.37035397
261031,0.25729126
261039,0.63192195
261044,0.2989725
261055,0.60127985
261058,0.5088142
261069,0.39713034
261079,0.5272684
261084,0.119690344
261097,0.6829985
261101,0.18087468
261111,0.61179876
261115,0.4018874
261116,0.70027816
261121,0.19128916
261124,0.2586673
261126,0.26075566
261132,0.17584991
261161,0.07084
261162,0.29469085
261175,0.36962724
261187,0.4643662
261191,0.2464043
261195,0.13619241
261197,0.53707373
261204,0.17797332
261231,0.25695062
261248,0.19817062
261263,0.6268962
261268,0.63338053
261273,0.5750256
261274,0.25859937
261277,0.71723986
261283,0.24258386
261293,0.3664023
261302,0.74937224
261309,0.39958903
261318,0.27676922
261340,0.59087557
261346,0.30377898
261355,0.38138747
261357,0.34102982
261365,0.3516253
261366,0.66601574
261376,0.28528148
261380,0.41285706
261385,0.85583436
261403,0.3028134
261416,0.725762
261424,0.4079332
261425,0.4362602
261431,0.17964874
261433,0.23064803
261435,0.5857086
261440,0.23181951
261450,0.16484806
261456,0.63808095
261464,0.70890963
261465,0.57266587
261473,0.30666965
261475,0.60466814
261476,0.6310445
261480,0.11520055
261481,0.23555557
261495,0.35994685
261500,0.25581077
261506,0.3425785
261544,0.18894811
261551,0.25195384
261566,0.70314366
261573,0.5951232
261587,0.31574917
261592,0.28059
261594,0.15208201
261626,0.3243591
261635,0.19400655
261649,0.14243145
261653,0.3630063
261660,0.51805913
261668,0.39888382
261669,0.3042663
261676,0.26228172
261688,0.26219052
261691,0.31125093
261699,0.24322933
261704,0.5490552
261718,0.8345917
261719,0.3723938
261735,0.2358257
261742,0.14468794
261746,0.8507531
261749,0.47332162
261759,0.4836689
261763,0.23902602
261772,0.19312374
261795,0.5278677
261798,0.42584735
261804,0.19067131
261806,0.35239312
261813,0.6823939
261814,0.30641815
261827,0.15493025
261835,0.15007891
261839,0.6019231
261840,0.51564336
261845,0.24684663
261846,0.2677091
261850,0.30743384
261853,0.20034818
261870,0.6459418
261871,0.1931102
261883,0.6735267
261885,0.47671506
261888,0.48992136
261892,0.20365109
261895,0.2753497
261906,0.21169703
261912,0.69125223
261918,0.23246028
261926,0.25761926
261930,0.18482192
261947,0.26860848
261956,0.15065563
261958,0.566494
261960,0.52397746
261961,0.7465901
261965,0.38263088
261967,0.83956546
261968,0.082388304
261974,0.56324685
261980,0.66395795
261981,0.41866666
261983,0.363874
261992,0.33382675
261998,0.4420099
262002,0.39776373
262006,0.28188884
262014,0.08281255
262017,0.40978834
262021,0.6883613
262038,0.54912305
262040,0.2090455
262043,0.35258773
262052,0.4586692
262054,0.33056283
262056,0.22680284
262058,0.17388515
262062,0.6530352
262065,0.55812913
262067,0.49554035
262070,0.4386312
262078,0.32594547
262084,0.30638915
262091,0.85432166
262092,0.5009943
262112,0.4223774
262114,0.19651665
262132,0.42481658
262140,0.7867665
262152,0.7249212
262159,0.2424298
262172,0.42921925
262180,0.24294902
262181,0.38495576
262188,0.7923476
262202,0.2905449
262206,0.39320132
262213,0.5663211
262227,0.44619605
262239,0.34878793
262243,0.32343724
262246,0.15899023
262251,0.27005622
262269,0.07010597
262272,0.27710402
262276,0.4993797
262277,0.43340883
262278,0.56842697
262281,0.16692533
262298,0.4572069
262308,0.122518465
262316,0.1859789
262320,0.17574766
262321,0.7709984
262337,0.756456
262354,0.80529976
262362,0.28403863
262364,0.21276587
262365,0.23990652
262372,0.44276854
262373,0.2922279
262380,0.31494126
262392,0.49424553
262399,0.2887167
262407,0.7090091
262418,0.73635346
262429,0.65589297
262430,0.10086329
262446,0.53871834
262455,0.11178293
262459,0.51400703
262475,0.17426743
262478,0.71891004
262492,0.36436912
262520,0.3230218
262535,0.5785608
262537,0.14742063
262538,0.4188753
262541,0.12342848
262554,0.7613906
262559,0.4588713
262561,0.5126973
262562,0.18815081
262575,0.7632014
262576,0.44323894
262579,0.117284514
262581,0.6554826
262590,0.4522533
262599,0.22760856
262607,0.24476975
262608,0.28352106
262613,0.43265092
262620,0.28558466
262621,0.87285066
262622,0.2687683
262623,0.6879251
262629,0.2808346
262633,0.18863453
262650,0.2733381
262655,0.4311028
262659,0.5013886
262660,0.58993727
262663,0.38758293
262665,0.3381527
262666,0.36073798
262679,0.2489899
262681,0.70700806
262702,0.45947695
262705,0.4328154
262716,0.24532868
262725,0.6926608
262732,0.2176639
262743,0.18967034
262749,0.51751244
262752,0.49944973
262756,0.3957721
262758,0.58788455
262772,0.641527
262784,0.3560885
262791,0.26569462
262793,0.5434459
262802,0.5752231
262814,0.69387436
262817,0.4001725
262820,0.1474848
262827,0.3315328
262832,0.24063917
262845,0.17844783
262847,0.26955694
262859,0.56565607
262862,0.6863265
262864,0.41553703
262865,0.62731826
262887,0.14296605
262914,0.36432692
262939,0.3012974
262943,0.5718286
262958,0.6465935
262963,0.2823956
262970,0.39119726
262979,0.7733731
262986,0.108011104
263004,0.22754346
263015,0.21577457
263016,0.26575416
263028,0.66579306
263029,0.6964415
263031,0.26147413
263044,0.3997061
263046,0.41764382
263056,0.37100875
263059,0.23906268
263061,0.67850107
263077,0.38498828
263087,0.43601003
263105,0.4798966
263116,0.5843748
263120,0.35753244
263127,0.89322144
263137,0.5447177
263166,0.25708485
263175,0.40882224
263184,0.39612195
263185,0.48112175
263205,0.38719553
263208,0.23744786
263210,0.6558775
263220,0.49513543
263224,0.5967561
263228,0.3013902
263240,0.1663694
263243,0.63267606
263288,0.24207702
263290,0.5338824
263306,0.12033114
263312,0.24016261
263319,0.23162277
263326,0.18094076
263331,0.51947695
263339,0.5645835
263347,0.25193316
263353,0.35094467
263355,0.584151
263368,0.7666027
263408,0.3244489
263414,0.30777884
263421,0.35661638
263440,0.36464718
263458,0.24933234
263460,0.43248332
263475,0.37600163
263477,0.4103416
263479,0.3713418
263489,0.57268345
263492,0.6226004
263493,0.44895253
263498,0.26218957
263510,0.3693971
263513,0.39093965
263514,0.27098963
263517,0.70180756
263518,0.35711738
263548,0.28254867
263561,0.55130124
263564,0.28024256
263565,0.57136446
263576,0.12185634
263580,0.5657292
263582,0.22017904
263584,0.08925598
263593,0.7984468
263594,0.40831858
263598,0.33279726
263602,0.38541892
263611,0.19094709
263640,0.782961
263642,0.3498419
263643,0.5506033
263646,0.34812504
263658,0.33630258
263664,0.08951321
263683,0.18722907
263703,0.40920255
263705,0.5136878
263709,0.12796547
263715,0.15856196
263728,0.4584015
263732,0.28432435
263735,0.4191431
263748,0.58856225
263750,0.12122912
263751,0.47826406
263759,0.39424038
263763,0.26113337
263765,0.08622742
263780,0.23214272
263783,0.44641817
263786,0.64496636
263794,0.48267445
263799,0.1544475
263802,0.65394694
263803,0.5121536
263820,0.54545385
263846,0.6079828
263857,0.16848332
263858,0.21613888
263860,0.68358415
263864,0.5459131
263870,0.19437736
263879,0.3000372
263881,0.50173265
263882,0.16216417
263895,0.3971035
263909,0.7431517
263918,0.36743337
263940,0.3627937
263945,0.16879445
263946,0.44003043
263947,0.48829713
263948,0.27849445
263962,0.6176097
263972,0.84853977
263974,0.1793894
263981,0.2626451
263984,0.34624693
263992,0.8563186
264001,0.21330865
264007,0.5363028
264010,0.09501041
264011,0.8333782
264015,0.1199761
264023,0.56696707
264030,0.29481962
264033,0.17686339
264037,0.20604041
264043,0.15686709
264044,0.3068486
264045,0.8121618
264050,0.2394919
264055,0.4754638
264059,0.24292724
264060,0.6853358
264062,0.6479829
264069,0.4458876
264077,0.40769616
264078,0.14533588
264087,0.18833543
264094,0.6617537
264095,0.69853026
264112,0.46639675
264113,0.60221905
264131,0.35693842
264145,0.36695966
264148,0.30960658
264157,0.6775049
264161,0.22472751
264173,0.5939302
264188,0.20227385
264195,0.44454294
264198,0.5509964
264199,0.15603793
264207,0.44996658
264209,0.24145071
264226,0.08031063
264227,0.43694118
264243,0.45108396
264246,0.8396733
264252,0.20260982
264254,0.43503696
264259,0.35060602
264274,0.17913938
264280,0.8170705
264285,0.31126663
264299,0.296768
264331,0.16585672
264334,0.2593218
264338,0.3473588
264341,0.22349758
264344,0.5983016
264347,0.83435386
264350,0.41437423
264360,0.16822311
264365,0.25451663
264367,0.2482087
264378,0.6037058
264381,0.65598685
264397,0.2462213
264401,0.6130066
264405,0.19381496
264417,0.4953801
264422,0.46967533
264423,0.6504156
264424,0.16347475
264436,0.7714243
264441,0.18657565
264451,0.33285838
264453,0.39003563
264457,0.29270718
264460,0.44914454
264464,0.53234273
264469,0.44353163
264485,0.19674644
264491,0.38032994
264505,0.3448903
264535,0.64054286
264538,0.5092516
264541,0.17054372
264544,0.23841996
264545,0.4792969
264549,0.5771362
264557,0.4988487
264563,0.41460538
264569,0.16716301
264574,0.54549897
264587,0.4716812
264608,0.34255162
264610,0.72702104
264621,0.34333277
264627,0.47098044
264642,0.7023162
264644,0.1012021
264655,0.27708808
264660,0.37083235
264667,0.31437472
264691,0.4480417
264694,0.6977979
264695,0.09670965
264700,0.20430954
264709,0.16569857
264712,0.42449814
264714,0.24323972
264722,0.33774185
264728,0.14925355
264742,0.56119734
264744,0.29792956
264748,0.22834405
264760,0.35269552
264763,0.54415756
264771,0.43224758
264773,0.15868878
264782,0.57329553
264786,0.6029914
264787,0.288256
264809,0.26625016
264811,0.18408555
264822,0.2794928
264823,0.71597207
264831,0.38825342
264834,0.5635839
264841,0.29870918
264848,0.5108237
264849,0.6233588
264863,0.81191874
264867,0.2223038
264874,0.66543347
264875,0.20475256
264877,0.3936244
264897,0.6555891
264900,0.69728184
264906,0.21369654
264909,0.46860784
264913,0.16673191
264922,0.41976616
264924,0.28988487
264927,0.5166879
264935,0.28833976
264938,0.79239196
264968,0.19435932
264975,0.43570232
264979,0.25239778
264989,0.28219804
265001,0.7365957
265009,0.5810483
265014,0.42654172
265016,0.27961472
265027,0.7102907
265049,0.21988446
265061,0.7953174
265062,0.18214397
265068,0.21301891
265072,0.5876927
265100,0.2148039
265105,0.13861485
265106,0.24541803
265110,0.2860814
265123,0.48925295
265126,0.8157338
265131,0.58119947
265134,0.5188886
265144,0.3925167
265146,0.7737766
265154,0.36669818
265164,0.56292576
265170,0.42160892
265172,0.12037798
265173,0.32549915
265178,0.46996772
265187,0.5999443
265191,0.42021292
265194,0.7122181
265216,0.25210914
265228,0.2762054
265231,0.19963573
265232,0.26154137
265233,0.28901303
265242,0.41975087
265243,0.20837817
265246,0.2377326
265259,0.560967
265265,0.71950537
265266,0.260768
265268,0.65036905
265280,0.24597533
265287,0.056199193
265297,0.23580818
265298,0.58217853
265300,0.5386013
265301,0.6356135
265305,0.8544413
265307,0.21825002
265314,0.33217257
265320,0.3066011
265331,0.54886085
265333,0.6201647
265336,0.19916911
265337,0.5983289
265344,0.29342067
265346,0.10481289
265371,0.19242455
265380,0.22793871
265386,0.32518464
265389,0.4574102
265409,0.63948077
265414,0.32859996
265415,0.3245687
265419,0.16264386
265422,0.31949946
265457,0.47357482
265461,0.540922
265463,0.7017416
265468,0.65851325
265474,0.728579
265478,0.16473751
265480,0.8779025
265488,0.5580167
265493,0.3132011
265510,0.6607238
265519,0.4830153
265521,0.7464647
265529,0.37989095
265533,0.67676437
265577,0.29042336
265591,0.5737013
265596,0.6945831
265607,0.33613533
265618,0.5981741
265619,0.23945017
265620,0.27941993
265628,0.46665078
265661,0.2343007
265669,0.32029504
265680,0.5662327
265707,0.63772655
265714,0.320322
265716,0.13747618
265717,0.55172116
265718,0.61082804
265723,0.47541294
265730,0.32326174
265732,0.28170788
265744,0.7191836
265751,0.6642288
265760,0.66708344
265777,0.37300736
265783,0.40262514
265791,0.5141296
265792,0.2610412
265797,0.49331647
265798,0.14603907
265806,0.38520828
265815,0.38306916
265816,0.71047056
265821,0.34498015
265833,0.14873442
265854,0.26264322
265856,0.36918014
265858,0.3378817
265862,0.67428267
265863,0.26387003
265879,0.4822146
265881,0.26969445
265894,0.36082926
265895,0.93195295
265896,0.34155074
265898,0.21458285
265900,0.4164617
265907,0.22676843
265910,0.6573189
265917,0.31779897
265941,0.52356565
265955,0.31611982
265957,0.5807581
265961,0.33077008
265966,0.1467751
265969,0.73649913
265974,0.4424376
265976,0.11353179
265979,0.70139813
265985,0.4295147
265988,0.4062085
265990,0.6137381
265991,0.44343832
265993,0.27003002
265995,0.7808259
266009,0.6264395
266010,0.36261535
266014,0.72969806
266020,0.35760367
266022,0.6753256
266029,0.64811933
266045,0.2085006
266057,0.68480814
266060,0.6835311
266065,0.23385158
266071,0.19823301
266072,0.13222419
266074,0.18092613
266076,0.18883018
266089,0.39435387
266091,0.40993172
266097,0.44796768
266099,0.60061675
266106,0.5964268
266117,0.36709434
266120,0.44725156
266129,0.284181
266132,0.40547007
266139,0.7927519
266140,0.5359284
266141,0.5392094
266146,0.720797
266149,0.3124396
266159,0.14010303
266165,0.28395826
266171,0.7446482
266173,0.44795367
266177,0.686723
266179,0.30437827
266186,0.16585895
266210,0.66028357
266227,0.46967265
266266,0.1893693
266291,0.32815197
266319,0.7175588
266321,0.20607537
266323,0.21030097
266329,0.30697128
266331,0.49396932
266333,0.7034645
266334,0.64611346
266338,0.23786521
266340,0.49314073
266344,0.6041319
266354,0.24531135
266359,0.55874884
266362,0.41045347
266364,0.18197589
266365,0.37118688
266379,0.37760445
266380,0.54908246
266387,0.20145322
266393,0.38980028
266396,0.1890514
266406,0.23304455
266418,0.739656
266424,0.19367455
266440,0.4855198
266442,0.25228083
266444,0.48005083
266453,0.67246056
266455,0.35440454
266461,0.22407563
266462,0.17427331
266465,0.315318
266466,0.6214254
266468,0.91040516
266471,0.61508524
266479,0.28040105
266499,0.7175975
266536,0.5758916
266543,0.42380518
266544,0.40030453
266556,0.561734
266561,0.30317935
266573,0.3067011
266578,0.5342747
266590,0.5891093
266596,0.377732
266624,0.6251586
266629,0.43488392
266635,0.1166682
266644,0.1491565
266650,0.22266376
266659,0.38859046
266666,0.29237798
266668,0.38830107
266674,0.71702945
266680,0.4462357
266686,0.6349011
266714,0.6112658
266730,0.27378213
266734,0.54581183
266740,0.7006808
266745,0.39412817
266749,0.41723993
266750,0.18961377
266751,0.38498482
266752,0.45320845
266753,0.41001114
266759,0.62119484
266763,0.23208961
266766,0.31043333
266783,0.42512462
266805,0.23082466
266812,0.20759298
266813,0.64837354
266816,0.35726914
266819,0.45075837
266820,0.8631001
266833,0.25979665
266842,0.41559553
266847,0.31413686
266848,0.27837744
266865,0.7521362
266867,0.6662658
266874,0.4033519
266885,0.2566736
266888,0.16606164
266890,0.5893811
266932,0.48230943
266941,0.71879077
266942,0.43671826
266948,0.11622058
266959,0.13250045
266977,0.20791845
266983,0.23203976
266984,0.5679636
266999,0.65410495
267000,0.6528737
267023,0.7654969
267031,0.5411719
267035,0.2685213
267046,0.3919533
267050,0.35757107
267058,0.35798046
267070,0.36959854
267079,0.38960359
267080,0.4219592
267093,0.49422976
267094,0.35639983
267102,0.15001369
267107,0.27737
267108,0.5490944
267113,0.28894046
267127,0.38446057
267136,0.3488551
267143,0.19604994
267155,0.73184353
267180,0.20392789
267182,0.32873502
267184,0.24816808
267192,0.43315372
267195,0.6291633
267220,0.30625728
267228,0.17630391
267237,0.5015438
267241,0.47633484
267242,0.7071854
267247,0.57572526
267259,0.6407266
267260,0.5503703
267265,0.5607208
267269,0.67588246
267272,0.38769364
267275,0.28171968
267282,0.7824881
267284,0.8488363
267294,0.35980675
267298,0.30050564
267304,0.5792895
267316,0.6937252
267324,0.4841573
267327,0.5186437
267333,0.22601056
267338,0.29464355
267341,0.3877014
267342,0.42805266
267344,0.50874305
267345,0.6477619
267347,0.11570895
267361,0.58716196
267374,0.3116748
267379,0.26727527
267380,0.15883937
267382,0.29906175
267394,0.26791126
267403,0.49306664
267405,0.7256671
267412,0.15789557
267421,0.82924604
267437,0.435463
267438,0.24809259
267443,0.18270105
267446,0.39257315
267460,0.6535029
267466,0.7771743
267469,0.22877795
267474,0.40932915
267488,0.20177887
267490,0.25668985
267496,0.6198746
267499,0.41714478
267501,0.47573712
267518,0.39304057
267522,0.7463839
267524,0.43164936
267532,0.46087617
267535,0.6243733
267547,0.3562809
267550,0.23230992
267559,0.558887
267581,0.23351924
267586,0.4996081
267588,0.63318706
267592,0.26272148
267597,0.2883774
267600,0.08732705
267608,0.25898796
267620,0.2854737
267625,0.58225137
267628,0.39120263
267633,0.5067233
267639,0.509362
267649,0.49171692
267659,0.5414918
267662,0.5426527
267671,0.31667775
267672,0.22931865
267677,0.41388032
267679,0.3346116
267682,0.30828592
267687,0.54671246
267689,0.16975804
267690,0.27146536
267707,0.7306334
267709,0.12922023
267716,0.2135006
267738,0.17508471
267744,0.48752645
267752,0.14229962
267754,0.76156306
267755,0.71532845
267757,0.51862156
267758,0.4378631
267767,0.83319515
267771,0.19684358
267808,0.5666122
267815,0.7052948
267833,0.56549245
267841,0.45967594
267843,0.42509273
267847,0.25860286
267857,0.09708576
267869,0.6419421
267881,0.6930224
267887,0.30417803
267890,0.3104482
267892,0.7595074
267895,0.575586
267899,0.5244477
267906,0.30020437
267912,0.42931634
267917,0.6019003
267927,0.21078797
267930,0.22808976
267934,0.46141967
267950,0.22325285
267965,0.38918364
267966,0.1722522
267976,0.21331643
267998,0.3805468
267999,0.23911588
268012,0.28499135
268013,0.5723039
268014,0.2306354
268020,0.27867624
268028,0.58465815
268032,0.24896859
268039,0.31130725
268041,0.42355177
268046,0.21728776
268059,0.5724232
268064,0.5238075
268066,0.47259092
268073,0.73413044
268077,0.19929358
268085,0.20356071
268090,0.4306862
268109,0.688512
268139,0.6392985
268151,0.519798
268153,0.42458263
268155,0.77219653
268163,0.16836712
268166,0.11595385
268185,0.099939995
268189,0.24487093
268190,0.23479082
268192,0.32598144
268211,0.7094657
268213,0.4174546
268214,0.13606827
268220,0.39892206
268225,0.27734685
268227,0.6168489
268230,0.3890701
268247,0.83269775
268250,0.39424974
268268,0.45606828
268269,0.26759622
268271,0.58775586
268274,0.6809985
268280,0.5962463
268291,0.6447543
268299,0.3564764
268301,0.43803215
268306,0.3162038
268307,0.4883548
268310,0.26910582
268317,0.74287385
268328,0.22580916
268329,0.080567546
268337,0.48360837
268338,0.23891333
268357,0.13971657
268363,0.42677
268373,0.20524314
268380,0.44547424
268386,0.37423983
268394,0.158912
268407,0.24715446
268411,0.7218186
268417,0.37078568
268421,0.6257062
268422,0.65048146
268426,0.628179
268427,0.5145982
268439,0.61866075
268445,0.22158544
268446,0.29155225
268459,0.49659455
268465,0.6733026
268466,0.32264388
268495,0.1898722
268497,0.2959503
268504,0.6109914
268508,0.36748746
268513,0.7512677
268525,0.25765198
268545,0.356128
268546,0.10618182
268550,0.23229212
268568,0.13024235
268570,0.6605735
268590,0.29410186
268591,0.65252316
268602,0.51228374
268609,0.1937988
268616,0.19305483
268623,0.48807797
268645,0.79129523
268652,0.6551941
268668,0.6704864
268685,0.20400889
268707,0.31105405
268711,0.5953714
268714,0.25964305
268736,0.3239382
268746,0.7860028
268747,0.13648975
268749,0.5101038
268760,0.6472062
268761,0.13650315
268764,0.8602993
268781,0.18739769
268790,0.60279804
268799,0.09507699
268809,0.43935695
268814,0.4606951
268817,0.40133017
268822,0.089148514
268827,0.5846938
268828,0.51129293
268829,0.51977694
268845,0.5606953
268853,0.26200747
268859,0.12885587
268900,0.0910757
268911,0.26609775
268913,0.81854427
268917,0.736829
268930,0.43578833
268934,0.23202264
268935,0.7108822
268938,0.61266553
268948,0.19771884
268950,0.32806697
268958,0.1565943
268975,0.38894692
268982,0.4377806
268983,0.4331089
268997,0.22385988
269009,0.28082886
269012,0.40790814
269017,0.6472096
269031,0.49607393
269038,0.68745816
269041,0.5249929
269045,0.59156775
269050,0.39159614
269056,0.14577247
269058,0.40501425
269060,0.21757849
269067,0.67977947
269082,0.53353953
269098,0.701607
269105,0.32546398
269117,0.64071023
269123,0.5514466
269128,0.3135416
269143,0.4235766
269149,0.6247244
269162,0.6466475
269168,0.3365644
269172,0.68992954
269175,0.6477247
269189,0.3576414
269194,0.32328328
269197,0.39609265
269204,0.6058586
269211,0.3652831
269217,0.7324002
269222,0.24997962
269227,0.29817122
269228,0.4522695
269232,0.44637996
269250,0.7110391
269251,0.20394543
269257,0.669619
269262,0.18185546
269263,0.5985652
269267,0.2905793
269275,0.3896403
269276,0.35533434
269279,0.20566343
269293,0.87206256
269300,0.5837069
269305,0.44030935
269309,0.46889204
269317,0.6150165
269352,0.7950656
269377,0.5834232
269378,0.20447533
269389,0.38199985
269392,0.2599403
269394,0.29956967
269402,0.7708417
269408,0.13594894
269410,0.28054535
269417,0.39006513
269421,0.7028329
269462,0.51181585
269481,0.24399444
269488,0.70298684
269489,0.3256118
269491,0.5659523
269495,0.20410508
269503,0.09571731
269510,0.60650134
269515,0.6530412
269522,0.27693093
269523,0.38196936
269536,0.270941
269537,0.44516578
269549,0.110876486
269571,0.8098634
269576,0.20529133
269587,0.6766276
269595,0.33808476
269601,0.49475682
269610,0.9148188
269618,0.33817095
269620,0.4582828
269623,0.19273187
269637,0.23779611
269642,0.2596059
269652,0.5034887
269655,0.26266164
269661,0.5897336
269663,0.6646184
269665,0.113528475
269666,0.5115833
269667,0.13535093
269673,0.6202222
269693,0.25793895
269701,0.4462183
269702,0.32996204
269704,0.5831772
269718,0.34363434
269727,0.18978748
269732,0.2576525
269736,0.56086606
269738,0.24414326
269741,0.23140691
269744,0.24223025
269749,0.787122
269750,0.43054438
269758,0.27859086
269775,0.59557664
269776,0.4649337
269777,0.53264475
269789,0.09589225
269794,0.44742927
269797,0.52927625
269807,0.7504673
269813,0.21452318
269844,0.4067358
269848,0.40084028
269871,0.25758395
269877,0.11430924
269878,0.3270997
269887,0.3183239
269904,0.3986251
269913,0.8153299
269938,0.5624869
269941,0.6539473
269953,0.53550637
269954,0.2877931
269955,0.45193058
269958,0.5109592
269960,0.45469815
269966,0.43365055
269975,0.30834913
269978,0.24889569
269989,0.4797067
269993,0.17844538
269998,0.15939906
270001,0.339702
270020,0.46396625
270023,0.47475448
270028,0.50338334
270048,0.5698112
270061,0.32593626
270062,0.64803946
270096,0.77594936
270108,0.2904195
270118,0.26087046
270120,0.5320999
270122,0.29294425
270127,0.56355953
270131,0.5955077
270142,0.10242
270146,0.32254335
270148,0.37834072
270152,0.12955505
270165,0.17623115
270170,0.09653223
270188,0.1675107
270204,0.49912974
270235,0.34366864
270243,0.82262844
270254,0.34619275
270265,0.28732562
270270,0.68313056
270287,0.2015712
270295,0.2774178
270296,0.1557075
270302,0.29000202
270304,0.64561176
270307,0.17287107
270310,0.483236
270317,0.2240212
270324,0.58252794
270326,0.29831213
270337,0.1444149
270363,0.5483079
270371,0.11086079
270373,0.2613963
270375,0.18159911
270376,0.273015
270379,0.30685624
270383,0.7029106
270390,0.2893866
270393,0.3400404
270402,0.15563297
270410,0.5159566
270411,0.26914415
270412,0.56821406
270415,0.2442949
270417,0.7119668
270436,0.7303822
270440,0.3241097
270449,0.22333887
270450,0.5854726
270457,0.3289244
270460,0.22582705
270461,0.13285315
270467,0.16922992
270473,0.46205008
270486,0.624821
270488,0.30206418
270513,0.39543584
270518,0.7064452
270522,0.23222068
270526,0.21076638
270532,0.21157226
270545,0.6218128
270548,0.579346
270550,0.14614998
270562,0.6473075
270564,0.2749966
270571,0.3439374
270572,0.6204813
270574,0.44203278
270575,0.627641
270579,0.4028499
270612,0.7991278
270613,0.7622782
270622,0.1381847
270636,0.24773057
270643,0.27120334
270644,0.16554944
270645,0.32431403
270658,0.5832052
270661,0.20990312
270665,0.4852691
270676,0.63851655
270685,0.39533064
270695,0.35275504
270712,0.283824
270719,0.29079413
270740,0.17331502
270753,0.21636955
270756,0.3125216
270759,0.74930143
270760,0.21463172
270764,0.51632065
270767,0.12389599
270778,0.09271142
270782,0.62977034
270794,0.640024
270795,0.7453628
270799,0.2643761
270807,0.42792332
270821,0.46243286
270826,0.48396468
270829,0.32146707
270831,0.29512456
270843,0.36920962
270844,0.6793043
270847,0.3854577
270854,0.12392838
270856,0.6829592
270861,0.25323448
270862,0.46473655
270864,0.48127374
270881,0.35190222
270883,0.52628905
270885,0.81077665
270888,0.2505383
270894,0.06334433
270906,0.49244526
270914,0.34164026
270919,0.4896209
270935,0.33659524
270945,0.617582
270957,0.5366784
270966,0.36698353
270970,0.63971233
270971,0.5870134
270976,0.32324323
270977,0.7811256
270978,0.28227288
270979,0.3729916
270982,0.27231863
270987,0.6766786
270989,0.6345832
270991,0.41737905
270992,0.11685001
270993,0.32533172
270997,0.6396593
271010,0.81037074
271025,0.29389814
271037,0.4804057
271038,0.21221972
271054,0.23662439
271056,0.38916656
271065,0.38883275
271070,0.2434914
271095,0.26577267
271099,0.24060647
271102,0.17763358
271103,0.41586313
271105,0.64801145
271106,0.39739478
271117,0.43444914
271134,0.7103171
271135,0.64454377
271137,0.5955163
271145,0.63125074
271149,0.5448663
271195,0.18410969
271199,0.6334586
271200,0.7467046
271220,0.356416
271233,0.40407747
271234,0.65577775
271236,0.6204278
271248,0.2585825
271250,0.8458878
271251,0.3454
271255,0.31762835
271261,0.35357472
271269,0.21736117
271276,0.3268946
271296,0.6848556
271304,0.75321686
271314,0.10781363
271318,0.19791889
271322,0.24031542
271325,0.33059347
271354,0.42538434
271355,0.21281178
271359,0.30009088
271361,0.18160854
271363,0.858879
271367,0.589253
271368,0.4203861
271369,0.20993665
271393,0.7967954
271409,0.5908823
271415,0.3092337
271418,0.6476038
271429,0.47280318
271431,0.19003756
271432,0.6474112
271442,0.63526255
271446,0.5365066
271448,0.38629922
271450,0.8788862
271452,0.29460105
271460,0.36126062
271461,0.67233163
271472,0.51047325
271496,0.3972824
271515,0.25521448
271527,0.5276923
271537,0.47848338
271544,0.6012518
271562,0.52309376
271565,0.37950268
271566,0.76338744
271567,0.48785555
271570,0.6805182
271576,0.3489536
271582,0.61598605
271586,0.54891825
271593,0.49193883
271598,0.2900976
271606,0.51186186
271607,0.19893974
271616,0.7610464
271617,0.4258058
271624,0.4202119
271638,0.34427887
271652,0.16236511
271657,0.22833282
271662,0.35307217
271665,0.15704614
271667,0.3091956
271670,0.4667902
271675,0.4343677
271679,0.6229408
271682,0.47106814
271696,0.3558522
271699,0.1655568
271733,0.40321818
271739,0.2641362
271746,0.0763401
271753,0.5119131
271756,0.58981687
271762,0.3161045
271777,0.29579362
271781,0.19676098
271785,0.26801625
271786,0.3413726
271790,0.19317313
271801,0.30708843
271806,0.28612506
271807,0.55626315
271810,0.5348387
271811,0.29257601
271815,0.3996179
271847,0.23446704
271875,0.24897698
271878,0.65789205
271880,0.54854596
271883,0.26441887
271911,0.6010883
271912,0.35865968
271914,0.70873195
271922,0.39661527
271933,0.2648181
271945,0.38328543
271952,0.15649983
271954,0.36567688
271961,0.35094315
271967,0.27027705
271969,0.20471774
271980,0.5336057
271989,0.34232265
271991,0.5975079
272000,0.23545714
272004,0.5626574
272010,0.5030201
272013,0.7090546
272029,0.534819
272030,0.36727366
272031,0.25652498
272035,0.13271633
272040,0.8321045
272043,0.2907607
272055,0.5154545
272068,0.3429775
272075,0.77298313
272081,0.15058568
272090,0.3611397
272104,0.14261486
272116,0.17039323
272121,0.12527315
272129,0.31216496
272143,0.4527666
272146,0.315586
272148,0.76407224
272152,0.66272974
272167,0.30942965
272180,0.31636915
272192,0.19888173
272201,0.19522397
272205,0.39007804
272209,0.50617915
272211,0.27303457
272228,0.33502543
272233,0.69126517
272235,0.6124717
272249,0.701381
272267,0.3409165
272270,0.27396116
272276,0.33050716
272302,0.62670004
272303,0.22181809
272308,0.50602984
272309,0.54112387
272311,0.32888013
272313,0.15798026
272353,0.33611435
272366,0.34200224
272367,0.32034492
272371,0.33036563
272381,0.33260742
272404,0.5860369
272405,0.43062952
272418,0.5039795
272419,0.3997081
272425,0.37114128
272438,0.5830585
272444,0.2074773
272445,0.37677178
272462,0.139861
272474,0.20183915
272478,0.564126
272479,0.69340175
272480,0.5275047
272482,0.2921412
272511,0.78461385
272512,0.16485046
272516,0.3010778
272517,0.28400242
272522,0.36188835
272537,0.38570115
272555,0.21895976
272564,0.68502814
272566,0.14614737
272573,0.1543748
272575,0.32430586
272583,0.3751921
272593,0.43212998
272627,0.39901003
272628,0.5451963
272630,0.16908936
272632,0.26072183
272635,0.8598679
272636,0.335225
272661,0.29273313
272669,0.20210585
272672,0.31468484
272681,0.70361906
272682,0.5329861
272691,0.26284257
272697,0.25105223
272706,0.524728
272708,0.2925515
272717,0.41706413
272722,0.28788584
272723,0.17095584
272737,0.113612466
272744,0.20447847
272752,0.7133965
272757,0.19303678
272760,0.43162808
272763,0.20789705
272768,0.2198879
272779,0.19869035
272781,0.7368255
272787,0.55019665
272795,0.4263517
272799,0.46918142
272820,0.56516397
272821,0.20426695
272829,0.4596816
272852,0.39339498
272863,0.58275926
272878,0.21281345
272886,0.20995025
272891,0.64520836
272903,0.46963367
272914,0.24714169
272928,0.5562112
272937,0.5736193
272938,0.41420716
272944,0.54072875
272965,0.71373755
272967,0.35797888
272969,0.43795034
272983,0.6438351
272998,0.5929532
273002,0.47377354
273005,0.23948178
273010,0.27023736
273011,0.37809128
273017,0.3440022
273021,0.41781345
273023,0.49284366
273027,0.42226514
273035,0.26994404
273047,0.7178246
273053,0.20479213
273060,0.7928198
273062,0.37657848
273074,0.57344806
273078,0.23132116
273079,0.2676586
273087,0.3501313
273107,0.42623776
273109,0.06939678
273112,0.23321691
273113,0.42142594
273117,0.3649327
273121,0.76370573
273137,0.3912092
273156,0.3102663
273157,0.6429038
273177,0.4930451
273192,0.2710824
273193,0.1307434
273194,0.31712928
273198,0.57280684
273199,0.2194044
273206,0.6423579
273213,0.3234679
273235,0.2864099
273244,0.33427605
273247,0.5613548
273248,0.77395386
273254,0.26668546
273259,0.21785043
273270,0.28569162
273272,0.514748
273287,0.20542698
273289,0.5813507
273294,0.14900094
273301,0.47558329
273304,0.35999528
273313,0.41644213
273314,0.4029417
273333,0.37484646
273336,0.76718515
273343,0.17510167
273353,0.4671174
273359,0.18237004
273371,0.21555181
273402,0.6810584
273415,0.13840507
273420,0.7715724
273424,0.2858903
273428,0.2286983
273429,0.20654279
273443,0.7147001
273457,0.26565328
273458,0.1401301
273467,0.61118436
273477,0.16230746
273482,0.4805999
273495,0.17079853
273496,0.12354249
273503,0.3902481
273507,0.47193834
273508,0.50425106
273510,0.3323376
273524,0.57868946
273552,0.21547152
273556,0.39952403
273566,0.3099727
273579,0.40927938
273584,0.41829205
273595,0.40138394
273606,0.3415662
273623,0.25437635
273625,0.4372684
273638,0.6438264
273660,0.14238523
273664,0.4499356
273683,0.44122404
273686,0.27997214
273687,0.74438626
273699,0.5032066
273700,0.76948833
273719,0.33541846
273721,0.6769509
273728,0.38413695
273764,0.21233976
273770,0.272197
273774,0.44390258
273792,0.4244381
273806,0.100196145
273807,0.6106984
273818,0.2779526
273823,0.49254715
273835,0.77979016
273856,0.3205882
273861,0.31621057
273863,0.3482489
273864,0.60187185
273874,0.7281009
273879,0.5505911
273892,0.65554136
273895,0.535279
273899,0.24567355
273900,0.6893389
273912,0.48984113
273921,0.27438763
273941,0.35567364
273946,0.23510967
273954,0.61649126
273956,0.31404912
273962,0.46598843
273968,0.31612533
273985,0.58229387
274000,0.6388699
274003,0.19171727
274004,0.36858836
274006,0.31280687
274019,0.7792655
274022,0.7001727
274023,0.61804914
274034,0.37767035
274043,0.28009984
274052,0.37779218
274054,0.79096884
274058,0.68844324
274063,0.40201735
274070,0.3165919
274072,0.3444824
274081,0.16722609
274108,0.58428353
274118,0.71010596
274125,0.4356881
274129,0.23125751
274140,0.51274616
274142,0.39961928
274146,0.43242148
274147,0.53779584
274155,0.095487796
274163,0.4792126
274165,0.23211582
274174,0.19464134
274182,0.64318365
274186,0.3716134
274188,0.37545282
274193,0.44809565
274198,0.64196414
274216,0.12422682
274219,0.14698042
274225,0.6386787
274229,0.27002722
274248,0.31804022
274268,0.27344134
274274,0.1808783
274286,0.25821692
274289,0.5610498
274297,0.14857005
274302,0.20603059
274326,0.46927065
274346,0.5896309
274348,0.2781726
274349,0.33231503
274350,0.33056012
274353,0.2503146
274359,0.6883239
274364,0.1726075
274368,0.2767054
274373,0.29824597
274378,0.5196238
274389,0.08274995
274390,0.28973767
274391,0.15770453
274392,0.32952964
274396,0.6817189
274408,0.5859066
274409,0.57876426
274424,0.70627123
274453,0.67583394
274460,0.22871718
274465,0.3026953
274468,0.28869754
274481,0.6515104
274482,0.1354522
274484,0.47024614
274490,0.56996936
274509,0.24534693
274511,0.32225057
274515,0.5789591
274521,0.46722656
274523,0.46670687
274525,0.63702714
274539,0.38877642
274541,0.39690554
274574,0.67984724
274585,0.22459413
274587,0.47784325
274594,0.392941
274600,0.61106443
274605,0.3098212
274611,0.20258448
274619,0.6604267
274641,0.55471355
274666,0.72424453
274688,0.42619717
274690,0.61126596
274699,0.43323392
274703,0.30457595
274715,0.15087144
274717,0.3422924
274760,0.6725211
274774,0.42420617
274791,0.771277
274801,0.25368354
274804,0.4857432
274808,0.69885755
274813,0.32878113
274815,0.45260665
274818,0.26687178
274820,0.30131194
274829,0.54509115
274847,0.7879397
274865,0.3175997
274870,0.24520299
274881,0.7356119
274890,0.6376266
274894,0.39470378
274902,0.3524116
274905,0.5205628
274911,0.27876583
274912,0.639236
274914,0.23090513
274927,0.22006036
274931,0.16596748
274944,0.6731414
274951,0.6336403
274953,0.54474753
274954,0.2890624
274961,0.19769625
274965,0.65632457
274972,0.51967645
274978,0.32617766
274984,0.25001702
274993,0.23765911
274996,0.2708544
275043,0.09352566
275048,0.36006346
275052,0.4360258
275059,0.24893498
275060,0.31272665
275071,0.2802351
275077,0.44923133
275078,0.51392883
275091,0.28072685
275098,0.7208342
275111,0.48215893
275120,0.7567139
275121,0.6436788
275125,0.4185373
275129,0.2757367
275139,0.3450402
275150,0.34462842
275153,0.34982672
275166,0.5888713
275185,0.59873056
275199,0.7443495
275201,0.16696781
275203,0.47477132
275216,0.70298743
275225,0.7731885
275226,0.39887312
275232,0.45337465
275254,0.34304687
275256,0.89341664
275272,0.69285494
275278,0.13840717
275280,0.29641885
275286,0.45030716
275288,0.21555959
275299,0.09073846
275306,0.5687838
275313,0.20908986
275314,0.41394717
275319,0.7710558
275324,0.45963272
275330,0.33147603
275334,0.2999092
275335,0.70622057
275337,0.5769867
275339,0.61091393
275351,0.34878644
275352,0.43816227
275367,0.33772272
275384,0.3368219
275392,0.40955672
275393,0.35871404
275408,0.5606018
275411,0.5327135
275413,0.7343937
275415,0.18687505
275416,0.47020692
275422,0.2092117
275424,0.43163642
275438,0.31961274
275440,0.5986978
275468,0.44279557
275469,0.386319
275473,0.64675635
275482,0.47639543
275488,0.12268016
275502,0.48670956
275503,0.24998695
275511,0.55128354
275518,0.34237674
275520,0.1128119
275524,0.23448776
275531,0.5484275
275537,0.4082101
275558,0.4960576
275574,0.45698687
275576,0.48278436
275583,0.19033477
275588,0.62156665
275605,0.7235026
275612,0.6178054
275627,0.5435851
275633,0.20150097
275646,0.42979857
275647,0.7208526
275653,0.8042102
275661,0.44368544
275683,0.3442241
275688,0.3528101
275691,0.4854128
275713,0.44720215
275731,0.21475092
275735,0.72524214
275739,0.15303458
275761,0.5690148
275762,0.42066574
275767,0.40690804
275768,0.57122517
275769,0.7920619
275774,0.35195008
275776,0.26093984
275783,0.13156337
275800,0.25729766
275805,0.7797806
275836,0.12821643
275842,0.3357423
275855,0.77583385
275860,0.23122981
275870,0.5712079
275884,0.56452364
275897,0.5001262
275899,0.2014891
275900,0.43837267
275906,0.38034916
275912,0.34975716
275922,0.71962285
275929,0.7560664
275931,0.60762876
275932,0.23401117
275936,0.814367
275937,0.21162793
275947,0.7709044
275949,0.736239
275954,0.6624777
275958,0.24400872
275966,0.7460852
275967,0.34577015
275970,0.74156183
275989,0.58733183
275993,0.3336726
275995,0.19790605
275998,0.3220125
276007,0.3610735
276011,0.5743957
276029,0.6011672
276047,0.22042935
276048,0.387285
276050,0.4337603
276054,0.6674862
276056,0.228709
276057,0.52178353
276060,0.17806917
276084,0.13054638
276089,0.21090041
276118,0.18132067
276121,0.71758926
276122,0.6368545
276130,0.25748137
276134,0.59809077
276135,0.13295014
276142,0.78518623
276164,0.20432582
276195,0.7243568
276210,0.5894051
276235,0.3959867
276238,0.1865182
276242,0.33513534
276244,0.68994194
276247,0.24594207
276263,0.72852546
276306,0.6358198
276309,0.27662772
276319,0.67751175
276334,0.5294076
276338,0.23676138
276343,0.13782611
276344,0.42026427
276345,0.20007077
276348,0.20823045
276359,0.28926867
276363,0.4980856
276365,0.42015728
276366,0.6613766
276373,0.44006294
276378,0.5650042
276386,0.47229823
276405,0.37579212
276419,0.22352389
276422,0.27367407
276430,0.38120183
276437,0.42221686
276442,0.5159181
276444,0.21080868
276446,0.27743688
276455,0.7286604
276470,0.1969811
276472,0.27644747
276475,0.7025179
276479,0.24960212
276484,0.24253285
276487,0.6596656
276488,0.7810047
276495,0.60148656
276497,0.63967294
276508,0.7665678
276509,0.4343326
276516,0.30777034
276521,0.16213657
276525,0.44710985
276550,0.1746974
276560,0.24831405
276569,0.27034885
276584,0.13661195
276603,0.21956325
276615,0.07951048
276617,0.20937292
276622,0.25995228
276625,0.25237647
276629,0.26724815
276642,0.35467735
276664,0.46789715
276674,0.15837233
276675,0.7814224
276678,0.59319043
276692,0.2167123
276693,0.2795593
276697,0.29751492
276703,0.4734
276705,0.42671537
276717,0.61851925
276728,0.44596505
276744,0.4163384
276762,0.4154787
276764,0.2822749
276781,0.4259076
276793,0.40583944
276798,0.42096886
276800,0.37455538
276805,0.24975264
276824,0.4285587
276826,0.21524118
276848,0.60489154
276854,0.60078675
276862,0.81479424
276865,0.3798501
276869,0.4962998
276880,0.091205165
276882,0.3466073
276886,0.28764147
276889,0.51936096
276892,0.3658997
276903,0.18111217
276906,0.47553647
276936,0.13994807
276945,0.23711187
276956,0.19516554
276958,0.14781216
276963,0.17248975
276966,0.21198553
276987,0.388939
276993,0.5965853
276994,0.30833316
277004,0.47144133
277015,0.14456944
277021,0.7157187
277024,0.19302727
277032,0.4267832
277054,0.66152185
277055,0.26569918
277061,0.30136284
277065,0.6933472
277070,0.458103
277079,0.6386501
277088,0.2738195
277108,0.51567465
277114,0.3528314
277121,0.5474244
277137,0.37815988
277148,0.4302869
277158,0.6553608
277162,0.572065
277165,0.7669061
277167,0.1950782
277170,0.53487957
277172,0.20359454
277177,0.41214442
277179,0.5545494
277182,0.3431057
277185,0.2300177
277191,0.45983317
277200,0.6378261
277211,0.21147385
277217,0.22302859
277221,0.2898137
277226,0.2241367
277227,0.618219
277228,0.71168953
277229,0.41148257
277244,0.5328507
277271,0.34296063
277274,0.56334066
277282,0.26090455
277286,0.19895114
277288,0.4165057
277290,0.12906319
277291,0.19969976
277296,0.10604444
277297,0.29606837
277320,0.4161711
277327,0.75814366
277335,0.5641502
277336,0.39339203
277338,0.49805725
277342,0.6513295
277344,0.29739735
277345,0.49702176
277349,0.19014387
277356,0.2835341
277370,0.46516898
277371,0.6901353
277379,0.44701442
277386,0.8739375
277390,0.7285625
277400,0.38802683
277401,0.6877501
277412,0.30128732
277413,0.6440826
277415,0.20199496
277417,0.74046314
277419,0.5580278
277422,0.63326734
277423,0.19131784
277425,0.28395128
277432,0.44701356
277438,0.26721615
277445,0.35776836
277447,0.64096016
277456,0.2917442
277457,0.27502018
277474,0.5075143
277488,0.41000736
277494,0.4262691
277501,0.62787956
277503,0.56003284
277510,0.56284404
277516,0.64810854
277521,0.72172135
277522,0.2302914
277530,0.22884679
277531,0.76798373
277536,0.46054485
277548,0.23220114
277550,0.46766916
277554,0.2619328
277555,0.49004638
277562,0.4142326
277565,0.59732753
277566,0.18446246
277572,0.38979968
277592,0.48852515
277593,0.23476881
277610,0.55109924
277621,0.40661258
277654,0.55347234
277668,0.16420807
277673,0.12751213
277675,0.21169673
277694,0.18365583
277697,0.54510623
277699,0.29481792
277700,0.16544148
277701,0.24064784
277708,0.6219033
277710,0.20119675
277717,0.67038125
277725,0.35127485
277731,0.4360446
277746,0.78911936
277753,0.3564834
277757,0.66950697
277764,0.3097422
277772,0.342438
277775,0.67526215
277777,0.2387464
277787,0.2826717
277797,0.3266134
277798,0.6514685
277802,0.81846994
277812,0.4153706
277816,0.39474395
277820,0.119509146
277821,0.27213863
277822,0.69520205
277838,0.4208015
277845,0.2666887
277846,0.16712163
277854,0.61361283
277856,0.6875457
277866,0.5180975
277874,0.573222
277893,0.605048
277900,0.23479107
277964,0.19678561
277970,0.35920563
277976,0.38186806
277983,0.46803865
277994,0.30302632
278011,0.44842455
278025,0.7821181
278045,0.5855508
278048,0.7665699
278066,0.13681039
278088,0.20548034
278098,0.34809393
278101,0.7541138
278113,0.14865102
278114,0.3873749
278128,0.44464138
278152,0.47686666
278157,0.6821166
278168,0.7333614
278169,0.4050471
278174,0.27618483
278176,0.16010489
278181,0.6841295
278185,0.6798438
278225,0.5649228
278236,0.7639582
278242,0.46868435
278244,0.23887137
278251,0.4099387
278252,0.40828165
278272,0.35991234
278279,0.20170288
278287,0.66351503
278288,0.44552535
278309,0.48214725
278310,0.37271237
278316,0.2561104
278318,0.86853844
278320,0.28826287
278344,0.7235145
278356,0.5693965
278359,0.1604013
278361,0.27809605
278368,0.3283885
278372,0.26328978
278384,0.7396591
278388,0.19332558
278409,0.7575301
278414,0.46176285
278415,0.63830584
278416,0.30858153
278422,0.17530164
278423,0.808251
278432,0.5117834
278436,0.43099564
278455,0.31290635
278461,0.71383804
278469,0.48722878
278482,0.6389057
278487,0.32344133
278493,0.400915
278501,0.4605275
278508,0.66841173
278511,0.21979447
278519,0.30260357
278526,0.38909897
278530,0.58321124
278533,0.09408183
278539,0.6278618
278545,0.2857552
278556,0.47698697
278559,0.31338716
278587,0.3318989
278601,0.30501124
278603,0.6271203
278604,0.58329684
278605,0.3716182
278606,0.12478478
278613,0.41219756
278616,0.441588
278618,0.47446468
278632,0.5609035
278633,0.3273322
278637,0.10841017
278645,0.567358
278649,0.68210137
278653,0.5953629
278662,0.2358904
278673,0.44604245
278700,0.5085785
278703,0.45709962
278704,0.3714597
278723,0.39248064
278725,0.377671
278730,0.2605348
278750,0.2619511
278765,0.32736287
278770,0.22892363
278779,0.24104165
278787,0.28685835
278791,0.1858321
278804,0.27973336
278807,0.39863232
278810,0.28714675
278812,0.3726005
278815,0.7264406
278821,0.5699219
278825,0.32007357
278832,0.29969674
278836,0.436048
278838,0.61846864
278840,0.49994063
278844,0.44089603
278862,0.14511399
278863,0.26559332
278871,0.4711127
278875,0.24102762
278892,0.81596243
278899,0.32525188
278903,0.44289356
278909,0.35219133
278913,0.77053636
278931,0.16556762
278932,0.51333946
278933,0.5606323
278937,0.29812035
278952,0.3980189
278954,0.12829585
278960,0.47072867
278967,0.5027363
278968,0.33599386
278972,0.56216323
278976,0.5868725
278982,0.4193805
278983,0.35562867
279001,0.40779772
279015,0.2986017
279018,0.50753945
279035,0.7007245
279040,0.6523696
279043,0.63261557
279046,0.51278526
279061,0.4697852
279063,0.35879713
279065,0.09885919
279068,0.1317613
279070,0.44846112
279074,0.6822885
279076,0.46864423
279086,0.12165019
279095,0.24670899
279107,0.5044742
279108,0.7173943
279109,0.050997227
279110,0.5711168
279111,0.44483256
279129,0.16922155
279134,0.31525472
279137,0.40124387
279142,0.68180096
279146,0.14210953
279153,0.04677934
279157,0.3862099
279165,0.1721345
279166,0.1519642
279172,0.4063978
279173,0.3452625
279174,0.58093
279179,0.63438344
279182,0.16058184
279186,0.21540415
279187,0.25378793
279189,0.25345853
279201,0.3959398
279202,0.34487402
279213,0.117566705
279214,0.2374142
279217,0.26623988
279230,0.6350596
279232,0.40630567
279233,0.28733036
279235,0.47449026
279250,0.21985458
279252,0.23902263
279257,0.419344
279265,0.5095006
279266,0.2233549
279279,0.24789119
279281,0.16352177
279282,0.33971652
279285,0.37430546
279286,0.48646995
279297,0.3146911
279300,0.5010445
279318,0.18943134
279324,0.18558325
279334,0.25952536
279335,0.2329535
279336,0.48654354
279341,0.6397511
279342,0.7978455
279353,0.3244074
279357,0.7324158
279371,0.66181296
279376,0.28386256
279391,0.41620943
279392,0.26225662
279402,0.47589856
279406,0.7657898
279408,0.37313455
279434,0.40045178
279439,0.16784975
279448,0.26056454
279450,0.385601
279456,0.16622782
279461,0.4512865
279466,0.105051264
279470,0.35905853
279471,0.14449625
279493,0.37054834
279500,0.18477061
279506,0.27430916
279512,0.3668898
279519,0.5236249
279533,0.13870755
279549,0.20839584
279551,0.86628515
279556,0.21610393
279557,0.39498544
279558,0.6484527
279566,0.6437847
279592,0.5100026
279595,0.76602614
279604,0.55569935
279608,0.1896984
279614,0.42248157
279618,0.5877273
279622,0.5198728
279648,0.7032132
279652,0.2664566
279653,0.6273279
279679,0.18944755
279690,0.47971246
279691,0.63469553
279694,0.7212125
279698,0.43529874
279702,0.38088983
279712,0.22431988
279713,0.5324415
279715,0.13083294
279725,0.2658255
279727,0.41522405
279733,0.2275476
279742,0.49961632
279748,0.2734752
279754,0.2990082
279756,0.7116825
279776,0.6787699
279778,0.43615866
279779,0.1620503
279782,0.5086934
279793,0.17211747
279794,0.14566101
279804,0.7232389
279810,0.11438777
279817,0.85612315
279828,0.47986415
279830,0.28889558
279831,0.6229555
279834,0.49041075
279835,0.21822247
279840,0.20111431
279847,0.29354206
279852,0.48587036
279854,0.52733743
279856,0.3822468
279859,0.554261
279862,0.26310533
279876,0.4969392
279878,0.54934096
279889,0.21258117
279894,0.37188324
279897,0.3135631
279903,0.41085383
279904,0.21553826
279906,0.26228064
279909,0.56180036
279922,0.73846024
279925,0.2659976
279939,0.6867791
279940,0.38905963
279942,0.27581912
279948,0.14975479
279952,0.095847316
279960,0.2421327
279968,0.22910857
279969,0.32944518
279977,0.87124914
279980,0.37152177
279994,0.52252245
279997,0.4546251
279998,0.66624004
280007,0.4436173
280009,0.6746546
280010,0.7736699
280020,0.21573699
280021,0.34526676
280022,0.5650718
280052,0.28807172
280058,0.30508816
280074,0.5875172
280076,0.289641
280085,0.7150254
280091,0.36183992
280095,0.22151428
280107,0.71904796
280116,0.70126915
280140,0.65544754
280144,0.5434611
280156,0.39185563
280177,0.08663821
280191,0.1336065
280205,0.23058218
280226,0.58970594
280230,0.3685094
280234,0.2366767
280264,0.24982607
280274,0.19513828
280298,0.40339792
280299,0.62866503
280300,0.45622557
280301,0.40608656
280308,0.10770879
280317,0.32333654
280319,0.25394025
280322,0.24232496
280342,0.22769599
280348,0.6739737
280350,0.29701924
280353,0.6162284
280366,0.43242124
280372,0.33305982
280374,0.11239077
280376,0.7613976
280381,0.15856007
280384,0.16378176
280388,0.25136584
280397,0.6318073
280401,0.14806527
280409,0.4928703
280413,0.12820569
280422,0.60241127
280424,0.438873
280426,0.618199
280429,0.5088141
280430,0.72018975
280435,0.32359725
280444,0.3214295
280450,0.44256467
280455,0.8046147
280459,0.11959977
280462,0.56939834
280466,0.6486114
280470,0.2729518
280473,0.5074233
280517,0.51304084
280524,0.7965446
280527,0.21627662
280531,0.16368014
280548,0.33715153
280558,0.8394184
280563,0.39321867
280598,0.63891906
280599,0.7329626
280603,0.22180761
280607,0.31731
280610,0.73745924
280612,0.5226458
280625,0.32326216
280631,0.22319564
280650,0.7940924
280653,0.89432466
280657,0.3477056
280669,0.24196336
280675,0.4209519
280679,0.66898495
280685,0.1410583
280691,0.4692217
280693,0.2510702
280706,0.4098327
280714,0.18396074
280719,0.82151437
280724,0.41244578
280725,0.1718738
280737,0.5012731
280738,0.5049325
280744,0.20758389
280746,0.68557745
280760,0.73252404
280772,0.5936656
280777,0.44980934
280784,0.39220363
280785,0.38907716
280791,0.32456583
280793,0.15789314
280794,0.23435116
280800,0.44508842
280805,0.41993794
280806,0.3399923
280815,0.5580357
280823,0.12329455
280831,0.29000875
280832,0.2574971
280841,0.48084024
280845,0.45449919
280846,0.21519141
280854,0.14050971
280857,0.08125771
280861,0.24716552
280862,0.44727057
280867,0.48000193
280877,0.54991853
280879,0.39558098
280890,0.2893525
280891,0.47952944
280903,0.8622339
280916,0.25607055
280929,0.10979175
280934,0.52406883
280941,0.656508
280947,0.34763494
280962,0.27209878
280963,0.63404113
280966,0.32636765
280967,0.31216568
280971,0.82659465
281005,0.29728177
281007,0.5498362
281008,0.16216409
281009,0.3574238
281016,0.18307967
281024,0.6741155
281039,0.62437195
281045,0.119735174
281054,0.65377736
281055,0.5357917
281056,0.58556956
281068,0.44810227
281092,0.3236455
281094,0.15879533
281118,0.75092626
281133,0.15277568
281137,0.21826328
281164,0.5278205
281176,0.17607863
281177,0.42354098
281184,0.36439267
281187,0.63835776
281192,0.31018156
281195,0.57662535
281220,0.29645884
281222,0.3652105
281227,0.23513877
281234,0.46845037
281251,0.35796416
281278,0.30422837
281298,0.71616805
281303,0.67308325
281306,0.7160151
281314,0.24633594
281320,0.28138477
281322,0.32833502
281337,0.45393187
281347,0.7356379
281357,0.25789136
281362,0.35402855
281365,0.45415372
281366,0.22654623
281367,0.4606687
281373,0.3955507
281376,0.32245076
281400,0.66175544
281417,0.15591107
281420,0.16012378
281422,0.46569455
281435,0.24355887
281439,0.11386122
281448,0.35090005
281451,0.39388195
281453,0.13371578
281482,0.22507584
281494,0.6196663
281514,0.45320266
281515,0.28121927
281542,0.47601652
281556,0.37773302
281568,0.5061028
281592,0.20446227
281593,0.061861474
281607,0.6170231
281613,0.34665444
281618,0.5636626
281620,0.46447355
281628,0.5830002
281629,0.26914045
281633,0.41720337
281634,0.40401083
281642,0.3890592
281643,0.29464734
281653,0.52882606
281661,0.29497328
281671,0.368551
281675,0.2849903
281684,0.18146178
281692,0.54271024
281697,0.18019992
281730,0.3353733
281731,0.5594385
281734,0.49466977
281737,0.09973582
281750,0.7360484
281752,0.55808586
281764,0.45659196
281782,0.5837283
281791,0.3601502
281793,0.63932544
281795,0.44032875
281824,0.39382118
281831,0.52500147
281845,0.4250629
281848,0.22484753
281854,0.40112796
281855,0.42459118
281867,0.29423237
281873,0.28430602
281875,0.19195265
281876,0.72403395
281881,0.10355651
281905,0.19369562
281906,0.45644772
281907,0.27278632
281914,0.5690666
281929,0.2919009
281936,0.7070967
281938,0.15981768
281940,0.10769664
281941,0.5175619
281950,0.21815701
281954,0.26107797
281955,0.56661355
281956,0.60562325
281957,0.14656948
281968,0.5150942
281972,0.65695876
281974,0.3299627
281987,0.16667838
281996,0.68856716
281998,0.1941396
282002,0.22984675
282004,0.37843588
282005,0.32702154
282020,0.43022186
282021,0.55059266
282041,0.7010885
282045,0.45774522
282046,0.2599722
282048,0.4360597
282056,0.56951207
282063,0.21517232
282068,0.50000834
282072,0.58142
282100,0.3752896
282104,0.31074113
282105,0.35330546
282106,0.2056746
282108,0.29549414
282114,0.74041015
282132,0.5361236
282133,0.2645787
282136,0.32273737
282145,0.67471296
282146,0.72526467
282150,0.36382088
282151,0.27306387
282152,0.64522225
282157,0.78855044
282165,0.24638231
282167,0.15387134
282178,0.29781884
282179,0.54115033
282204,0.10528566
282208,0.1729477
282218,0.23810287
282221,0.8137571
282223,0.1485808
282226,0.112209454
282230,0.26746422
282232,0.5145724
282235,0.2187135
282236,0.35385826
282239,0.5064664
282246,0.19900972
282250,0.79253334
282259,0.22723761
282270,0.11663314
282272,0.057522055
282282,0.73084587
282292,0.4122814
282306,0.2749228
282311,0.37252828
282317,0.71943885
282318,0.34371167
282331,0.27715772
282338,0.579385
282349,0.36294538
282350,0.73097914
282355,0.11850475
282359,0.7748048
282382,0.2948926
282396,0.5420946
282399,0.33764663
282408,0.27727082
282421,0.5006922
282427,0.46009734
282437,0.14270507
282446,0.4321636
282448,0.13438937
282453,0.1754376
282456,0.45486358
282457,0.49098304
282465,0.714419
282476,0.4465214
282478,0.57177365
282482,0.34617007
282485,0.5090377
282492,0.42142507
282498,0.54364556
282503,0.13006765
282512,0.54888844
282521,0.62625945
282531,0.78033197
282548,0.3354025
282582,0.24486499
282585,0.29567668
282605,0.34209138
282618,0.32259995
282633,0.25241867
282642,0.587926
282645,0.64651906
282647,0.55090874
282649,0.30010086
282654,0.34446007
282661,0.5369274
282667,0.20747463
282668,0.33320653
282678,0.29491615
282679,0.6584757
282687,0.18018596
282688,0.31915763
282691,0.38078886
282702,0.10903761
282709,0.23471692
282712,0.36049333
282715,0.6842795
282726,0.14785907
282735,0.27610567
282737,0.29244173
282746,0.7940539
282751,0.092048325
282754,0.8432421
282758,0.6406692
282773,0.82084644
282787,0.29678833
282794,0.29179952
282812,0.1493059
282822,0.65818477
282827,0.6461471
282836,0.28795183
282841,0.34834722
282854,0.50831115
282862,0.3756349
282873,0.3855984
282890,0.2476046
282900,0.641096
282906,0.50730944
282910,0.4811933
282915,0.18843019
282929,0.11444528
282933,0.41346893
282944,0.5203934
282945,0.31281325
282950,0.12025023
282954,0.17200945
282960,0.14339404
282961,0.52873975
282962,0.23402835
282965,0.65716493
282971,0.50539845
282974,0.2723538
282975,0.13292222
282979,0.23255415
282984,0.6287784
282990,0.66212934
282998,0.541107
283005,0.5898737
283013,0.6606051
283018,0.66181046
283029,0.79959214
283032,0.21217428
283036,0.49794337
283041,0.7992645
283046,0.5973172
283050,0.16230735
283057,0.42058027
283065,0.51113755
283069,0.78449434
283074,0.17722446
283076,0.37959632
283077,0.32680917
283089,0.42358604
283090,0.34967056
283094,0.5405639
283110,0.26645666
283118,0.5441402
283127,0.1453015
283130,0.35361287
283139,0.58196265
283143,0.6133148
283144,0.82701176
283146,0.30458903
283150,0.29908258
283161,0.77421963
283177,0.55478793
283180,0.25467342
283184,0.45398688
283191,0.53766984
283193,0.35025358
283196,0.66252077
283199,0.5764154
283202,0.59604824
283205,0.14802574
283213,0.21517417
283216,0.34559914
283218,0.52881557
283220,0.2986961
283227,0.68272763
283233,0.22859594
283248,0.4880049
283250,0.63022786
283261,0.21929112
283264,0.28691486
283267,0.31467447
283269,0.25208104
283271,0.23080267
283282,0.5866304
283283,0.23651049
283290,0.16620082
283295,0.25761005
283298,0.33987796
283303,0.7166076
283309,0.35572684
283310,0.16586117
283314,0.49622744
283317,0.135045
283318,0.35727096
283323,0.6500846
283327,0.51440924
283328,0.6444868
283336,0.5089393
283340,0.40607885
283344,0.29544413
283345,0.582674
283360,0.4453176
283361,0.1811734
283383,0.65309894
283387,0.40477747
283390,0.1674301
283412,0.27520487
283426,0.18613364
283429,0.63825226
283433,0.57508874
283437,0.40929127
283438,0.16237311
283461,0.38837335
283466,0.20318684
283477,0.14591968
283479,0.33389845
283483,0.3200224
283484,0.3191942
283486,0.30210233
283500,0.2250627
283512,0.64941835
283515,0.34069952
283517,0.82750314
283519,0.25695226
283523,0.34376663
283528,0.7484985
283555,0.47899628
283565,0.26785448
283572,0.48991856
283576,0.21242592
283586,0.7528579
283590,0.43434027
283606,0.41282776
283615,0.14343235
283619,0.41380587
283632,0.8223559
283635,0.23655945
283636,0.19169371
283641,0.6496738
283642,0.28800625
283647,0.24976085
283667,0.16974816
283683,0.5510816
283684,0.50647247
283687,0.34973475
283691,0.24794623
283693,0.3293368
283701,0.21506742
283702,0.38258752
283711,0.7636657
283713,0.8335423
283726,0.31141287
283730,0.43736106
283736,0.2594848
283737,0.66642106
283740,0.14831762
283748,0.44371215
283750,0.5174349
283756,0.17301103
283757,0.13078792
283774,0.73980105
283776,0.64409417
283784,0.5178342
283790,0.7031854
283796,0.20191225
283806,0.4820515
283816,0.06604002
283825,0.6111825
283827,0.28628936
283835,0.15403646
283839,0.75875026
283843,0.3853487
283874,0.7751796
283880,0.36354494
283881,0.52063465
283882,0.7852877
283887,0.13955946
283891,0.50296456
283893,0.42426223
283895,0.12684163
283900,0.5940802
283906,0.51860636
283938,0.25796527
283943,0.19768041
283953,0.82140255
283958,0.63693815
283961,0.10607335
283972,0.26887387
283973,0.30519006
283986,0.6249926
283990,0.100335404
283994,0.7935248
284000,0.14802437
284002,0.6891699
284003,0.40281716
284035,0.6314257
284049,0.13818948
284055,0.16994338
284060,0.32972893
284061,0.50877225
284069,0.59989655
284072,0.40721998
284075,0.64551854
284087,0.437333
284093,0.32136905
284095,0.37335682
284096,0.5163856
284106,0.27116314
284109,0.46907118
284112,0.23295136
284126,0.42339322
284152,0.37029296
284155,0.35695493
284157,0.286874
284159,0.44580218
284194,0.46708128
284207,0.37913626
284211,0.3649491
284220,0.74406993
284232,0.64929676
284239,0.6653291
284246,0.3311435
284257,0.52915496
284259,0.22327158
284272,0.44202653
284277,0.4082352
284279,0.7864648
284283,0.29225639
284294,0.13897164
284298,0.19052388
284305,0.49356058
284309,0.28311813
284311,0.14257723
284315,0.19540681
284338,0.7540025
284340,0.6893344
284342,0.5406922
284344,0.1316728
284348,0.26065472
284361,0.44008777
284373,0.23025455
284380,0.850612
284408,0.27352646
284422,0.23630297
284423,0.47722882
284427,0.5270894
284433,0.77424794
284442,0.1575403
284462,0.6450354
284481,0.8042001
284487,0.31832224
284492,0.0975094
284495,0.4794495
284499,0.8289729
284503,0.3308796
284506,0.5295589
284507,0.11058348
284511,0.77048475
284512,0.4086565
284513,0.18230589
284520,0.6509677
284537,0.29797482
284557,0.7076926
284560,0.23375748
284571,0.47836715
284573,0.8124109
284574,0.19093257
284575,0.15570112
284576,0.43648636
284578,0.3793766
284592,0.2985153
284606,0.7503546
284609,0.5122421
284614,0.124262005
284627,0.16231202
284630,0.6051483
284633,0.15197103
284647,0.36168888
284650,0.36691296
284655,0.56711805
284661,0.16701466
284664,0.20036633
284668,0.18503483
284682,0.4397578
284683,0.5421805
284691,0.17952792
284692,0.6451336
284695,0.38006923
284751,0.7974605
284785,0.42975435
284796,0.13734901
284797,0.18973462
284799,0.4585742
284805,0.32246235
284811,0.23486947
284844,0.31659448
284856,0.66518265
284861,0.3262358
284864,0.30144638
284866,0.2537085
284867,0.4141696
284871,0.21138836
284873,0.2240492
284888,0.7938164
284895,0.077409126
284906,0.28630862
284907,0.5274021
284908,0.37203437
284914,0.198823
284916,0.3196745
284920,0.7094755
284926,0.30502212
284934,0.4643197
284937,0.34214202
284949,0.27693933
284986,0.19841507
285002,0.4352604
285006,0.33022535
285007,0.5907954
285008,0.36718556
285016,0.3203944
285040,0.16303205
285041,0.08613513
285050,0.49335685
285051,0.109071605
285059,0.4508128
285077,0.6780466
285078,0.6658838
285097,0.1477721
285102,0.67767787
285104,0.26747987
285117,0.54911333
285119,0.61645037
285120,0.25575453
285122,0.5526157
285131,0.45232332
285137,0.19563787
285139,0.2859663
285147,0.13700859
285176,0.17223382
285177,0.37642336
285183,0.41893414
285184,0.27074102
285200,0.14877668
285213,0.59911484
285224,0.404043
285232,0.49927846
285245,0.7491923
285249,0.09583284
285253,0.34233445
285268,0.22474979
285276,0.07339108
285282,0.6382493
285284,0.775823
285297,0.58540916
285304,0.28360662
285305,0.25714368
285337,0.36061805
285346,0.36798662
285349,0.13552359
285354,0.5268297
285359,0.37215906
285366,0.550789
285367,0.68940735
285368,0.68133515
285376,0.58815604
285382,0.13065243
285385,0.6947159
285389,0.21452239
285396,0.21731927
285398,0.49521643
285399,0.24841915
285403,0.2552954
285405,0.7075002
285407,0.61697924
285417,0.45767894
285419,0.5559744
285431,0.25757265
285457,0.49429867
285462,0.7072878
285463,0.19495766
285472,0.4620912
285476,0.22574785
285479,0.614274
285482,0.64354897
285486,0.62131447
285487,0.39911124
285497,0.1837924
285498,0.38703075
285507,0.8014663
285509,0.15855898
285514,0.33502194
285516,0.26867527
285521,0.3326262
285525,0.059301917
285528,0.24661931
285555,0.45949456
285559,0.44472346
285561,0.2892223
285562,0.64378726
285565,0.4771217
285571,0.19238912
285583,0.49019712
285588,0.53976524
285603,0.4362972
285612,0.3140738
285628,0.5576423
285635,0.232991
285649,0.48489445
285651,0.2562642
285653,0.35715768
285662,0.6505711
285665,0.111617774
285678,0.37277022
285681,0.27356794
285694,0.6910469
285695,0.240346
285701,0.24708837
285721,0.5673258
285730,0.3264863
285733,0.10207088
285743,0.32220697
285744,0.6082703
285746,0.34675992
285778,0.22714947
285784,0.35116264
285808,0.16587283
285810,0.5100102
285831,0.72194874
285833,0.34790352
285841,0.12973899
285842,0.5027078
285844,0.46334052
285847,0.28245026
285853,0.10616067
285861,0.6470334
285863,0.16184331
285867,0.28402644
285870,0.86567086
285879,0.3327776
285880,0.19016507
285882,0.14686973
285893,0.115606174
285897,0.3830934
285912,0.5484584
285914,0.33285898
285918,0.38373742
285927,0.46878514
285931,0.30656007
285932,0.4229553
285962,0.2458074
285975,0.50779086
285978,0.7172215
285996,0.2687723
286000,0.4054119
286010,0.52937716
286011,0.5023639
286018,0.39546296
286033,0.42532986
286038,0.6302894
286042,0.48332968
286044,0.38634923
286047,0.29396924
286050,0.53497875
286052,0.24859035
286056,0.58768064
286058,0.18811855
286083,0.4660779
286088,0.6625815
286094,0.34946737
286107,0.698467
286112,0.68094736
286124,0.13846916
286128,0.3792611
286141,0.58388036
286146,0.61941296
286147,0.5572722
286153,0.1563909
286163,0.29213366
286169,0.31407076
286175,0.4760532
286185,0.12894794
286194,0.25503117
286198,0.63517433
286201,0.23130308
286202,0.7288118
286213,0.29659545
286218,0.48000503
286250,0.17303649
286257,0.5245117
286264,0.54730505
286265,0.40199423
286266,0.3020129
286287,0.35470617
286292,0.16922423
286294,0.15931381
286295,0.57624453
286299,0.78145576
286300,0.5467677
286302,0.6299461
286310,0.71564305
286316,0.30056572
286332,0.64761984
286353,0.5216769
286354,0.33874685
286357,0.27702373
286375,0.263349
286382,0.5782087
286389,0.5656716
286404,0.22484975
286405,0.5797353
286411,0.45536414
286412,0.35937783
286421,0.67586684
286423,0.40942147
286426,0.52527905
286433,0.20362286
286438,0.5144602
286441,0.31187406
286444,0.14882673
286447,0.15366584
286459,0.4714395
286473,0.48046568
286484,0.21527013
286485,0.8683027
286501,0.48770127
286502,0.5353217
286509,0.3697435
286511,0.7275581
286516,0.7052071
286547,0.7504056
286549,0.56648725
286553,0.40375036
286558,0.4955821
286566,0.2922784
286572,0.22367467
286582,0.30056745
286587,0.24022685
286590,0.46357283
286594,0.6492602
286598,0.22310227
286602,0.17788681
286608,0.71508664
286610,0.3189457
286627,0.36051473
286661,0.3145824
286664,0.5504812
286668,0.1567826
286683,0.21859077
286684,0.21950188
286689,0.14379187
286696,0.34095278
286697,0.30368918
286703,0.6417829
286705,0.25390142
286707,0.4224401
286708,0.48126042
286711,0.25413552
286714,0.36863184
286734,0.24923693
286747,0.36525086
286760,0.559476
286763,0.2569987
286772,0.27388558
286773,0.290306
286791,0.3072423
286813,0.6339058
286814,0.2722463
286817,0.17204955
286836,0.22147195
286838,0.3940558
286844,0.24652915
286854,0.496229
286856,0.41308326
286859,0.40232515
286864,0.18837714
286865,0.47690633
286868,0.6930619
286881,0.5291364
286882,0.37011185
286888,0.32290462
286890,0.8896951
286892,0.44900265
286895,0.2151615
286906,0.4509568
286924,0.21861479
286930,0.27838007
286931,0.6016032
286942,0.35448825
286955,0.28607643
286960,0.4038616
286962,0.24975155
286966,0.34930795
286967,0.14365011
286971,0.27555603
286983,0.19641106
286985,0.17446306
286986,0.72406995
286987,0.7261418
286992,0.4845215
287003,0.3778145
287004,0.09356736
287006,0.34830117
287029,0.27771398
287036,0.28705442
287038,0.35518682
287049,0.26627266
287050,0.06555786
287057,0.14487472
287065,0.123932146
287066,0.78128946
287089,0.3768985
287093,0.74145126
287096,0.63548
287103,0.5245255
287104,0.34269193
287109,0.2188966
287133,0.8611844
287137,0.18936522
287141,0.8101858
287146,0.13855645
287148,0.13232034
287177,0.24989389
287184,0.28571945
287197,0.3829237
287204,0.6361849
287206,0.58258396
287208,0.7274425
287225,0.19964722
287228,0.18184055
287252,0.5412628
287260,0.27855584
287264,0.53596354
287270,0.57526404
287271,0.3870141
287272,0.13216749
287274,0.28713527
287280,0.14219537
287281,0.4191945
287290,0.50207853
287298,0.27019283
287299,0.6863766
287301,0.073362485
287314,0.37635761
287321,0.5768807
287322,0.18936794
287329,0.6491605
287331,0.47746792
287337,0.2627624
287349,0.25986293
287358,0.42236388
287370,0.82041025
287371,0.34432214
287376,0.14184265
287378,0.1814318
287386,0.7419175
287394,0.4732108
287397,0.21032836
287419,0.423309
287428,0.43561307
287438,0.18789229
287439,0.42757335
287449,0.50095576
287450,0.18395254
287460,0.43475345
287472,0.57978934
287474,0.6212343
287483,0.23290509
287495,0.5279108
287510,0.251161
287512,0.16972154
287530,0.4260418
287531,0.11598064
287543,0.5379595
287549,0.53753227
287564,0.65218115
287574,0.4011071
287580,0.22816285
287587,0.40021092
287594,0.3592981
287605,0.4994748
287617,0.6171457
287621,0.26687622
287626,0.31259394
287629,0.4392337
287632,0.6964035
287636,0.3785694
287644,0.45315042
287648,0.59255314
287666,0.39492744
287672,0.33686572
287701,0.4722863
287708,0.25470564
287718,0.60162646
287724,0.5355649
287726,0.16488853
287729,0.41735283
287732,0.5638295
287733,0.12305396
287734,0.7485873
287750,0.66888344
287755,0.48096776
287762,0.72033435
287764,0.20802835
287766,0.21230692
287775,0.19652556
287781,0.3296006
287785,0.41345507
287789,0.22842664
287792,0.63316816
287796,0.08959474
287804,0.668557
287822,0.21246418
287835,0.1964068
287840,0.5061041
287850,0.46277207
287851,0.49560744
287852,0.47035676
287858,0.5598822
287859,0.23071563
287860,0.5213571
287861,0.38567114
287866,0.25496328
287868,0.4165488
287873,0.5001305
287876,0.5659392
287877,0.34370786
287878,0.16799608
287879,0.5022189
287883,0.37824634
287888,0.15922002
287894,0.8669749
287895,0.3436009
287912,0.53714144
287915,0.65843385
287920,0.13540961
287922,0.37755957
287926,0.27972856
287929,0.48317847
287931,0.6591176
287936,0.3282528
287942,0.5022563
287946,0.30995247
287948,0.58358634
287963,0.7121062
288003,0.15012346
288005,0.21183343
288012,0.56821305
288013,0.57116294
288026,0.110262245
288027,0.40445012
288031,0.3075062
288039,0.20588362
288041,0.76066554
288045,0.57486826
288065,0.55113953
288068,0.40543628
288079,0.36220855
288084,0.89571637
288111,0.6787507
288129,0.39881244
288138,0.93691516
288154,0.6933428
288167,0.06556268
288178,0.4261159
288184,0.25474188
288193,0.07382495
288203,0.51098734
288207,0.75046396
288223,0.5394352
288226,0.6142579
288237,0.12199821
288257,0.8184094
288259,0.27555197
288269,0.33429432
288273,0.20738415
288276,0.33760822
288280,0.232956
288283,0.43168375
288291,0.5833662
288299,0.39108372
288305,0.5692967
288316,0.24461472
288322,0.21679965
288333,0.18993805
288337,0.7417803
288341,0.24601498
288345,0.2938987
288348,0.2306924
288350,0.4466392
288353,0.6545372
288372,0.23180576
288375,0.82361597
288395,0.24614145
288408,0.47792324
288425,0.39165017
288430,0.7973952
288433,0.21815272
288459,0.52532166
288462,0.5360959
288463,0.547547
288470,0.45308697
288472,0.65856653
288475,0.4459498
288495,0.7545296
288517,0.63805664
288530,0.6743261
288535,0.52410686
288539,0.24489088
288540,0.2148614
288547,0.8405954
288553,0.3898433
288555,0.7828248
288556,0.5012008
288562,0.2600269
288564,0.23739874
288567,0.74355614
288576,0.23110703
288579,0.24068202
288580,0.6783152
288589,0.33420092
288596,0.6257246
288597,0.609808
288599,0.21012953
288601,0.1300768
288617,0.2797727
288621,0.69169074
288635,0.25367188
288656,0.11996806
288666,0.14570984
288670,0.63321364
288671,0.33556688
288673,0.3509037
288678,0.6928538
288693,0.7327182
288699,0.21478115
288706,0.6207286
288728,0.37097815
288739,0.4551933
288741,0.399588
288755,0.32696274
288763,0.2527877
288766,0.42079318
288775,0.4846207
288780,0.072213225
288793,0.5015094
288811,0.2519922
288821,0.41757363
288829,0.66227174
288835,0.09808689
288836,0.3707644
288838,0.7752385
288851,0.19055028
288853,0.3754999
288854,0.23296708
288855,0.1752702
288876,0.28805408
288879,0.4805422
288884,0.7390604
288886,0.3580892
288891,0.33895147
288898,0.49605578
288911,0.7078713
288913,0.17379975
288927,0.39159533
288928,0.27884576
288931,0.5323427
288955,0.34969145
288961,0.20043333
288969,0.72293156
288971,0.34624523
288973,0.6744907
288982,0.27545297
288983,0.28634885
288986,0.28280643
288992,0.42577004
288993,0.28236815
288996,0.54658246
289007,0.7534261
289008,0.3583445
289014,0.4115787
289015,0.31426018
289016,0.38628057
289017,0.2768781
289028,0.28268987
289030,0.6455427
289040,0.33779332
289048,0.2976519
289051,0.59924465
289055,0.07924742
289057,0.19695391
289062,0.60600007
289063,0.5668595
289069,0.5180109
289073,0.15189922
289074,0.2196355
289085,0.3267652
289092,0.3024924
289097,0.19164899
289111,0.656414
289112,0.6243631
289116,0.26946765
289123,0.2922908
289145,0.7964983
289146,0.7125065
289158,0.5561216
289165,0.4616462
289166,0.38272306
289167,0.7168472
289170,0.7422504
289193,0.3930197
289198,0.14757773
289209,0.5708072
289211,0.31447342
289215,0.29598576
289220,0.36525983
289232,0.52848965
289244,0.6032735
289258,0.30904394
289271,0.3346745
289274,0.5087532
289312,0.57315654
289321,0.5486778
289325,0.47271726
289333,0.33105165
289340,0.5404696
289368,0.2632294
289375,0.5980361
289380,0.45982558
289381,0.22216666
289384,0.54651994
289403,0.28869537
289408,0.4042694
289416,0.14853914
289463,0.57652056
289488,0.35052222
289495,0.68662107
289498,0.37041545
289499,0.17818479
289515,0.17224056
289531,0.09894208
289541,0.3152645
289554,0.13360164
289565,0.38433915
289590,0.24115208
289596,0.62692696
289601,0.6498399
289602,0.22981593
289603,0.40816355
289608,0.38127714
289622,0.54638994
289623,0.3066652
289625,0.16148716
289634,0.29329085
289648,0.53439
289650,0.17242151
289662,0.49156016
289667,0.7309837
289674,0.11568824
289682,0.09623812
289702,0.34361637
289706,0.35794574
289709,0.67207736
289716,0.7701265
289725,0.11614141
289732,0.35947716
289743,0.39084646
289762,0.1752044
289766,0.35834467
289770,0.44699183
289775,0.6704752
289777,0.18940885
289783,0.3889334
289797,0.1736344
289798,0.095613934
289802,0.44347644
289812,0.48968306
289814,0.13087742
289819,0.3363232
289828,0.6252513
289831,0.6204907
289835,0.3670234
289844,0.36617297
289850,0.18615508
289851,0.5914269
289865,0.20731016
289869,0.5242271
289891,0.64037627
289907,0.30282336
289919,0.26114622
289923,0.5369986
289924,0.5069051
289927,0.4285564
289929,0.60474974
289951,0.20432329
289959,0.16199924
289964,0.41072053
289965,0.4010901
289966,0.30510014
289971,0.38146654
289988,0.48188004
289989,0.19444714
289995,0.6854661
290005,0.41122338
290013,0.59441346
290031,0.7124325
290036,0.49977192
290038,0.7980817
290041,0.7562013
290056,0.6022547
290058,0.3189513
290065,0.55534804
290069,0.50447714
290070,0.37204555
290074,0.6586926
290076,0.48128054
290082,0.38941377
290105,0.19519648
290111,0.25033227
290114,0.46110052
290116,0.44643983
290117,0.4461903
290128,0.653837
290130,0.47876525
290139,0.43404818
290151,0.29281437
290154,0.1462666
290158,0.57454836
290180,0.4483401
290183,0.2806904
290190,0.55576646
290191,0.6634433
290199,0.52048016
290200,0.52585596
290202,0.19755474
290205,0.7463194
290206,0.18217473
290219,0.59320414
290227,0.16342628
290232,0.41744852
290233,0.5956593
290242,0.454176
290246,0.23639993
290247,0.5330567
290257,0.50273234
290259,0.69447863
290260,0.5148787
290270,0.1394656
290273,0.45441395
290276,0.7552666
290281,0.7691191
290296,0.47977245
290303,0.454566
290306,0.22182925
290331,0.2545132
290340,0.381834
290349,0.54272914
290355,0.44507197
290365,0.58194417
290379,0.7210723
290389,0.19693331
290408,0.3076125
290409,0.6479145
290433,0.60866725
290437,0.48043388
290440,0.21886311
290448,0.49318334
290466,0.095617704
290467,0.3192923
290479,0.26354435
290490,0.41973168
290492,0.22860995
290503,0.4572391
290508,0.30182102
290524,0.55833983
290526,0.5524833
290527,0.29874757
290541,0.5503112
290557,0.6105561
290564,0.4575992
290572,0.31873658
290576,0.5653139
290588,0.16519523
290589,0.20607035
290595,0.47362915
290598,0.27936915
290605,0.5192261
290609,0.13538161
290610,0.37308782
290612,0.56366056
290634,0.37385625
290635,0.6417993
290644,0.9035697
290672,0.6092956
290681,0.5897089
290693,0.3816397
290695,0.1683399
290702,0.30556244
290703,0.11345481
290711,0.5949134
290713,0.6185721
290727,0.65956485
290730,0.2132237
290734,0.6069972
290745,0.6035787
290746,0.46017015
290751,0.50616884
290758,0.19108036
290766,0.58719486
290784,0.57065785
290786,0.09154204
290813,0.82528204
290849,0.62819254
290852,0.07769619
290881,0.75666255
290884,0.13234413
290885,0.4063319
290889,0.19042034
290911,0.34946615
290913,0.72809255
290923,0.2994548
290926,0.14117336
290936,0.49863556
290941,0.45919207
290945,0.46809724
290955,0.21269487
290961,0.47741818
290964,0.33571076
290967,0.41575488
290970,0.26642895
290974,0.33452672
290976,0.38287467
290978,0.18555121
290981,0.18197685
290991,0.29000595
291005,0.3508546
291009,0.17064783
291011,0.47502404
291012,0.7274255
291018,0.65922666
291023,0.3515394
291028,0.524639
291034,0.42196754
291038,0.4061505
291039,0.540063
291041,0.7754992
291045,0.31291768
291048,0.60156333
291052,0.56980443
291055,0.20223375
291082,0.60359484
291085,0.6602934
291086,0.16988067
291094,0.25845835
291103,0.43155134
291108,0.43412614
291110,0.57361364
291113,0.34077927
291117,0.26744747
291124,0.4359937
291129,0.35918853
291142,0.39042655
291155,0.70708454
291157,0.60750866
291177,0.2690973
291178,0.29899088
291180,0.2070442
291188,0.8353516
291198,0.4065836
291200,0.19271223
291202,0.17678387
291207,0.1388366
291218,0.17677672
291231,0.62079793
291232,0.42586035
291240,0.1377522
291241,0.64996547
291245,0.27132124
291256,0.10036616
291273,0.5494871
291274,0.5661689
291277,0.65723145
291290,0.6910299
291303,0.5070121
291310,0.36003226
291311,0.46637148
291319,0.7708865
291324,0.6003895
291331,0.37131447
291334,0.34938622
291348,0.7332194
291349,0.7738161
291359,0.26629266
291365,0.117095016
291379,0.38403946
291396,0.11258566
291411,0.37344286
291424,0.43524078
291425,0.11317167
291428,0.28692222
291446,0.5660145
291449,0.12325339
291461,0.6047137
291465,0.23601507
291480,0.6736407
291486,0.3415446
291487,0.10858916
291491,0.13787663
291499,0.18144755
291505,0.50070894
291512,0.5978598
291513,0.24674095
291521,0.19993357
291523,0.18008359
291543,0.6409601
291545,0.19574876
291546,0.6517878
291550,0.22014755
291552,0.25401965
291561,0.3581396
291579,0.43210882
291584,0.81489044
291586,0.31083205
291590,0.5249268
291592,0.8821928
291593,0.16311459
291599,0.4629067
291615,0.11639936
291617,0.10724683
291628,0.46636558
291654,0.45807698
291658,0.82027686
291659,0.18909465
291661,0.75020844
291671,0.514388
291677,0.087154396
291689,0.38153043
291693,0.3490336
291695,0.33379513
291696,0.7867906
291697,0.51710504
291702,0.48065442
291711,0.112192355
291713,0.34811395
291715,0.50629467
291718,0.30739594
291733,0.29060325
291742,0.46016604
291748,0.30489197
291765,0.18466234
291771,0.50591284
291773,0.64891535
291788,0.31452236
291789,0.62413317
291796,0.48840427
291800,0.54683214
291817,0.20123874
291822,0.6517996
291840,0.7246729
291843,0.20871645
291855,0.6066898
291858,0.15093656
291870,0.46961978
291872,0.15617336
291874,0.25515634
291883,0.27529013
291888,0.21742563
291894,0.39792743
291901,0.2345317
291928,0.66483104
291930,0.17684047
291949,0.15761913
291951,0.4539903
291953,0.2232578
291955,0.46038163
291963,0.8014135
291969,0.57314795
291980,0.43729913
292010,0.13727596
292022,0.24125922
292023,0.3011606
292031,0.33514467
292034,0.29931295
292043,0.4116334
292049,0.33593476
292055,0.4862412
292062,0.6068354
292070,0.39629576
292072,0.81725025
292073,0.17347439
292082,0.37661296
292096,0.2883941
292098,0.5043378
292116,0.37049937
292118,0.50434864
292126,0.69729745
292128,0.21807873
292137,0.627016
292138,0.19340852
292142,0.43383825
292149,0.6800935
292181,0.72792053
292189,0.08737299
292191,0.1866863
292205,0.39594007
292219,0.538437
292227,0.29470593
292231,0.5879568
292238,0.46369356
292246,0.24772158
292248,0.61111456
292259,0.33870545
292261,0.44444275
292266,0.4797934
292267,0.26025736
292272,0.33837143
292278,0.8140923
292281,0.32119137
292286,0.33630535
292288,0.74018645
292289,0.18415901
292304,0.46785122
292307,0.26809195
292319,0.3497797
292320,0.32808694
292325,0.51656395
292326,0.6238967
292331,0.21656148
292332,0.1997491
292333,0.12623882
292334,0.49551716
292337,0.31104323
292338,0.6948517
292342,0.23271607
292347,0.2789367
292350,0.2901354
292355,0.17913213
292360,0.09733458
292362,0.11382627
292363,0.68116456
292364,0.20697816
292383,0.70850146
292397,0.50455105
292409,0.7851987
292417,0.51634866
292426,0.17347284
292428,0.27893308
292439,0.81667805
292443,0.5558296
292448,0.36716336
292451,0.278362
292452,0.42398724
292456,0.24022087
292460,0.25760785
292463,0.50381726
292464,0.5673889
292476,0.5398146
292480,0.43872178
292483,0.15701625
292493,0.2260274
292501,0.701012
292506,0.24420299
292508,0.18442845
292513,0.48987868
292525,0.5083899
292533,0.4225517
292540,0.5877683
292541,0.112441875
292544,0.16771612
292549,0.36158004
292550,0.3271051
292557,0.6123387
292558,0.18751977
292562,0.22001943
292564,0.113621034
292583,0.5715849
292612,0.35851118
292618,0.23187745
292623,0.76120704
292631,0.15451397
292633,0.36592934
292641,0.47880483
292643,0.24707985
292649,0.24603948
292650,0.36817512
292651,0.56318766
292655,0.3177935
292659,0.36163548
292677,0.25782645
292693,0.36743942
292697,0.2707679
292700,0.6792288
292702,0.4754072
292710,0.08475076
292727,0.6061426
292731,0.6948123
292732,0.31571156
292734,0.18307835
292735,0.100111075
292737,0.28300968
292739,0.5934314
292741,0.19644536
292767,0.07150352
292778,0.17801926
292807,0.6938807
292813,0.5972462
292834,0.7331857
292837,0.16267487
292839,0.24357848
292844,0.34599698
292869,0.3145751
292874,0.13465376
292892,0.29314214
292894,0.53756183
292916,0.7312048
292921,0.5516374
292925,0.57471496
292929,0.511735
292933,0.22780049
292935,0.49952826
292938,0.27698192
292945,0.4844975
292946,0.5053884
292953,0.5695037
292966,0.661324
292968,0.29860726
292983,0.2736929
292988,0.6264222
292992,0.16610056
292997,0.31519857
293002,0.4097771
293013,0.08954665
293030,0.7089079
293043,0.7238644
293070,0.7922339
293093,0.17637727
293103,0.62109333
293104,0.13880791
293117,0.8348899
293123,0.2937088
293126,0.6842125
293128,0.15799144
293136,0.21096992
293142,0.214992
293146,0.7727706
293149,0.72806096
293159,0.47044584
293169,0.29456174
293172,0.50890744
293175,0.32956487
293176,0.48950386
293192,0.111690655
293213,0.47501817
293218,0.45877022
293219,0.4549553
293224,0.42425272
293225,0.34439585
293234,0.6891814
293243,0.5648715
293249,0.22749025
293256,0.23152967
293276,0.6923854
293283,0.8215898
293295,0.38981345
293308,0.37008488
293309,0.6637913
293316,0.40986106
293326,0.46829262
293330,0.12535769
293351,0.54046637
293361,0.2601321
293366,0.72187686
293376,0.5756375
293377,0.2973399
293382,0.42626607
293383,0.66397643
293385,0.41322845
293402,0.63589793
293403,0.378387
293405,0.17249674
293412,0.50349617
293430,0.30806902
293435,0.17611663
293438,0.2767786
293445,0.4547871
293447,0.6596796
293451,0.3059256
293463,0.16515686
293471,0.2463393
293482,0.45898187
293485,0.28536776
293493,0.5637309
293496,0.22530474
293505,0.66279966
293507,0.433645
293508,0.44040883
293518,0.34514531
293524,0.2092839
293527,0.37690264
293537,0.23272981
293542,0.5955836
293556,0.1811154
293560,0.6278948
293563,0.52930963
293565,0.09136741
293597,0.60712457
293603,0.20169875
293607,0.24255215
293621,0.22960813
293622,0.18279341
293623,0.6726401
293636,0.6599417
293643,0.39652574
293659,0.56527704
293678,0.3668946
293679,0.53968626
293681,0.5393246
293684,0.4614294
293692,0.27707908
293696,0.14466068
293733,0.15378433
293734,0.23260894
293745,0.31021887
293751,0.26558113
293770,0.76735157
293778,0.52744395
293789,0.15722348
293809,0.19016357
293815,0.13651292
293816,0.6150646
293819,0.5585218
293822,0.28470808
293846,0.73544127
293849,0.11098447
293850,0.4826297
293851,0.5769139
293860,0.2801499
293863,0.6559148
293881,0.61274505
293900,0.45115325
293907,0.4049412
293915,0.21806581
293931,0.23811369
293935,0.36402708
293942,0.3857664
293944,0.8727426
293967,0.4807028
293968,0.49035278
293971,0.08370065
293972,0.44152534
293974,0.36485985
293976,0.46424899
293985,0.19264054
293996,0.80019736
294004,0.22144033
294007,0.61750656
294010,0.36488867
294013,0.58529377
294016,0.6702081
294018,0.4917379
294028,0.6958903
294041,0.26824194
294047,0.18100913
294055,0.32508537
294062,0.39953387
294069,0.3443094
294075,0.69443196
294091,0.20219676
294108,0.38092512
294116,0.5022923
294125,0.25202146
294129,0.26788387
294130,0.11290611
294134,0.15259054
294135,0.63742304
294136,0.5226344
294141,0.34258088
294160,0.19765837
294164,0.41708475
294184,0.44140914
294191,0.3593178
294195,0.26696348
294199,0.1271827
294208,0.6752387
294221,0.13828167
294225,0.5119552
294230,0.38399312
294236,0.71733737
294256,0.22139713
294257,0.06579965
294258,0.6488357
294282,0.36572295
294287,0.30107838
294290,0.32122144
294300,0.473046
294302,0.26644346
294313,0.109988466
294314,0.61177254
294322,0.16583747
294336,0.47325984
294339,0.72948986
294348,0.48236528
294365,0.7057148
294373,0.41364756
294383,0.26589212
294403,0.2692021
294406,0.36776263
294417,0.8204165
294452,0.84957993
294463,0.64680165
294471,0.35365066
294486,0.22471492
294501,0.47693965
294504,0.66499496
294509,0.42021132
294511,0.19735654
294519,0.25975055
294530,0.48051265
294532,0.6468975
294547,0.7010306
294548,0.25721788
294554,0.11134962
294577,0.64777696
294578,0.18875535
294580,0.3464571
294583,0.4290217
294592,0.30890903
294595,0.37967926
294602,0.25752407
294613,0.6241107
294617,0.16046965
294631,0.77105826
294641,0.46237925
294653,0.56408155
294657,0.3454004
294661,0.58235073
294665,0.104977496
294668,0.29065245
294671,0.22463657
294682,0.36469507
294685,0.19518316
294688,0.53020275
294690,0.88225377
294698,0.3732137
294717,0.6002543
294724,0.10625399
294726,0.22941868
294738,0.4654247
294744,0.39088342
294758,0.5095392
294762,0.16782291
294776,0.4265863
294777,0.2823996
294807,0.4440555
294816,0.48561692
294821,0.17062351
294825,0.34670863
294834,0.1675552
294835,0.32563233
294836,0.49849293
294840,0.3329685
294842,0.7689629
294864,0.2497514
294874,0.4465986
294880,0.55139107
294881,0.23161787
294897,0.18520841
294898,0.26870665
294920,0.54115546
294923,0.6331929
294926,0.38458273
294937,0.5436442
294941,0.47312403
294951,0.7910147
294952,0.21254571
294953,0.24004094
294982,0.50394934
294989,0.39403048
294995,0.581979
295009,0.6364517
295010,0.5623086
295013,0.33700693
295016,0.21246785
295022,0.51190215
295024,0.4885495
295040,0.7391264
295045,0.36619815
295047,0.52326536
295056,0.49149624
295073,0.6724803
295080,0.37732807
295093,0.38714498
295094,0.7643624
295095,0.36541945
295107,0.17637672
295116,0.44275555
295140,0.2615793
295150,0.8124216
295154,0.6216205
295155,0.6659274
295162,0.32487783
295163,0.1588695
295168,0.6336453
295176,0.1866536
295182,0.21337841
295183,0.61711663
295216,0.3898489
295219,0.23656462
295239,0.26994914
295246,0.17587714
295255,0.49619105
295257,0.5153096
295261,0.08941771
295263,0.27891195
295265,0.40205792
295274,0.6635108
295281,0.49682018
295286,0.38208923
295299,0.4241279
295304,0.20407476
295306,0.35569346
295321,0.31447652
295339,0.22354041
295342,0.2622351
295346,0.7171785
295348,0.53626174
295354,0.12322593
295367,0.64066106
295372,0.35321304
295373,0.27838403
295374,0.3533759
295387,0.10931527
295389,0.501191
295396,0.65475065
295415,0.42932713
295418,0.3818491
295421,0.26700762
295425,0.1983235
295431,0.31421423
295434,0.2835116
295443,0.6234675
295453,0.30363688
295473,0.33689642
295476,0.3329247
295477,0.6511397
295488,0.616482
295499,0.50943375
295504,0.094447255
295505,0.6450982
295524,0.32822943
295529,0.31782594
295533,0.4572168
295534,0.20855927
295549,0.31838295
295565,0.19734433
295584,0.3137864
295585,0.38304418
295597,0.2665064
295599,0.60015416
295604,0.11682012
295616,0.4672277
295635,0.3153624
295637,0.14734496
295670,0.087173745
295678,0.21865019
295701,0.28431073
295711,0.739217
295713,0.39172494
295734,0.5089022
295739,0.23929884
295750,0.34604275
295773,0.80823946
295783,0.52612936
295787,0.21017012
295790,0.42926326
295795,0.39884752
295820,0.26932484
295821,0.3669225
295826,0.16421704
295836,0.28168622
295837,0.7012833
295842,0.35883236
295848,0.27987656
295850,0.40379077
295869,0.28799167
295871,0.58609843
295873,0.4249447
295879,0.30097714
295880,0.6317818
295892,0.3611102
295904,0.6651317
295907,0.15954179
295908,0.28063306
295913,0.12763381
295918,0.525777
295921,0.7630465
295924,0.62889135
295949,0.2168983
295953,0.4121177
295961,0.13500553
295968,0.5542465
295971,0.46019542
295985,0.31211632
295986,0.43714836
295987,0.24029729
295993,0.61133224
295997,0.6202526
296005,0.5031384
296007,0.28308532
296012,0.669914
296022,0.46727997
296024,0.18612787
296032,0.3621105
296034,0.1583665
296062,0.17460276
296070,0.17972068
296074,0.19146256
296084,0.22527054
296087,0.111965194
296088,0.38357896
296089,0.6071756
296143,0.20637457
296172,0.11746391
296183,0.40643102
296185,0.19336765
296194,0.38981235
296199,0.67773026
296204,0.5316075
296206,0.58847076
296209,0.6296222
296229,0.60446924
296239,0.022625482
296253,0.4021511
296259,0.7241559
296264,0.1712433
296270,0.86027193
296273,0.41068882
296284,0.48180076
296285,0.63208973
296287,0.2908037
296288,0.44074807
296292,0.49405026
296300,0.6009767
296301,0.3071361
296321,0.8200225
296324,0.567604
296335,0.8358351
296348,0.081688255
296354,0.26999447
296369,0.6733148
296376,0.57251203
296391,0.30955815
296393,0.41363594
296398,0.5905237
296428,0.52015644
296432,0.5033214
296433,0.29859957
296449,0.36451086
296450,0.49007753
296490,0.55478394
296498,0.55556566
296499,0.2730468
296500,0.33433235
296509,0.50127083
296514,0.25897488
296518,0.30627078
296527,0.12247439
296532,0.20735934
296541,0.20386937
296544,0.44441846
296546,0.10878124
296573,0.73705816
296578,0.2745929
296589,0.27276552
296594,0.58178616
296616,0.5378475
296623,0.4516048
296624,0.40871388
296632,0.15779918
296633,0.3168331
296639,0.58313465
296647,0.42578724
296656,0.65388674
296678,0.2506518
296679,0.48208562
296695,0.20969792
296696,0.5095113
296714,0.3778534
296721,0.42727745
296739,0.20830506
296744,0.85479635
296747,0.53169435
296758,0.47333384
296760,0.18399906
296766,0.36270374
296769,0.11155868
296776,0.25794604
296780,0.40496436
296782,0.8049735
296790,0.5304608
296795,0.38240945
296801,0.1335574
296803,0.6669164
296806,0.49259412
296811,0.44468084
296813,0.14714926
296818,0.75186086
296822,0.3377233
296839,0.46056026
296848,0.24093647
296863,0.59166473
296871,0.26798537
296872,0.65442234
296877,0.46748745
296882,0.597067
296885,0.22635834
296903,0.7242944
296906,0.43903655
296912,0.22891551
296916,0.24399549
296922,0.3922388
296926,0.66303325
296927,0.25860372
296935,0.35125926
296939,0.29705516
296942,0.32602394
296954,0.64943945
296968,0.34157866
296971,0.38940382
296984,0.4972716
297004,0.17937428
297011,0.65097404
297017,0.32819784
297019,0.7818799
297021,0.24532506
297025,0.3304332
297033,0.30455247
297038,0.71023667
297042,0.8310488
297065,0.34391934
297089,0.20589875
297093,0.619144
297098,0.46247476
297100,0.14496912
297111,0.35449785
297115,0.499744
297121,0.6987347
297123,0.66465145
297129,0.29826355
297132,0.10559535
297139,0.49540114
297147,0.6852503
297148,0.8205425
297161,0.6951748
297167,0.27732843
297171,0.35307065
297173,0.21135579
297179,0.14629279
297189,0.7393019
297200,0.17954859
297201,0.63332975
297220,0.62676793
297229,0.5044464
297234,0.18698633
297252,0.5191156
297266,0.7376788
297269,0.05133854
297276,0.70159936
297292,0.13800424
297300,0.7084969
297303,0.22092819
297305,0.64527583
297307,0.47894245
297313,0.5748494
297336,0.40227216
297340,0.6847796
297344,0.20447588
297349,0.131071
297358,0.22734065
297363,0.6330709
297369,0.2949046
297372,0.16294725
297380,0.6163638
297384,0.42600882
297385,0.66046447
297389,0.21431619
297390,0.5971844
297415,0.64523643
297419,0.6870542
297421,0.75302714
297424,0.15792951
297431,0.47793913
297447,0.30243334
297456,0.25138438
297457,0.29991382
297463,0.14762779
297464,0.58193874
297474,0.37169725
297479,0.27012163
297480,0.793067
297494,0.25391763
297495,0.20621559
297507,0.17857234
297514,0.338864
297515,0.1776456
297516,0.62378895
297521,0.34241652
297534,0.4372944
297553,0.16924721
297575,0.5179795
297584,0.69761175
297586,0.26934803
297606,0.1501379
297630,0.21665783
297636,0.28953004
297646,0.36001417
297650,0.17067292
297651,0.44684654
297656,0.18910123
297675,0.42609182
297681,0.2978817
297699,0.20288676
297702,0.5800155
297712,0.49272272
297718,0.5556873
297730,0.6488816
297731,0.3074075
297745,0.12625702
297768,0.7862607
297771,0.31001896
297774,0.24052832
297781,0.22582798
297786,0.7149228
297798,0.6409384
297809,0.34616986
297822,0.38792047
297828,0.14233355
297840,0.2825344
297852,0.33200377
297859,0.0634423
297868,0.30349177
297883,0.40118936
297887,0.10459483
297896,0.48222485
297898,0.2874445
297917,0.74351853
297943,0.13610834
297954,0.72710127
297965,0.2923945
297992,0.19160537
297993,0.30744788
298001,0.4189302
298005,0.6654862
298010,0.13975143
298013,0.14235553
298014,0.68066686
298015,0.47894102
298025,0.8421802
298026,0.44236565
298032,0.5766362
298039,0.767385
298049,0.40215534
298051,0.12575765
298058,0.35552275
298062,0.13916934
298070,0.46370158
298078,0.3680377
298084,0.7618649
298108,0.56288564
298113,0.30671787
298115,0.39851198
298126,0.24905932
298131,0.0608122
298134,0.38145044
298135,0.25599697
298139,0.12750427
298142,0.07670251
298152,0.16181566
298154,0.2317118
298155,0.35307842
298161,0.7764809
298165,0.66889447
298166,0.794694
298171,0.40409914
298179,0.36747456
298182,0.4225886
298187,0.15275255
298192,0.366621
298194,0.41420922
298213,0.6258828
298215,0.71747804
298216,0.25157118
298217,0.24510343
298223,0.49450538
298256,0.380145
298275,0.20284566
298277,0.5993829
298279,0.23214714
298285,0.55451196
298286,0.8153972
298296,0.08912662
298309,0.5691461
298312,0.34798577
298323,0.2956743
298330,0.11779013
298340,0.39392656
298341,0.16915779
298349,0.31771663
298353,0.23738015
298363,0.54388666
298367,0.20664316
298378,0.42836
298380,0.4842025
298392,0.70349026
298395,0.38342783
298405,0.6657546
298426,0.72643846
298427,0.4246188
298444,0.2686365
298450,0.21823165
298458,0.12037649
298462,0.22452457
298463,0.15809792
298479,0.30016568
298480,0.35999647
298487,0.3701658
298499,0.4142707
298500,0.39233962
298506,0.35465902
298507,0.179074
298512,0.5320394
298515,0.48069188
298517,0.41011375
298532,0.8189903
298533,0.33438802
298560,0.37144023
298564,0.2771048
298567,0.7025901
298568,0.2535705
298569,0.5809913
298570,0.75435275
298579,0.28729802
298583,0.1933886
298591,0.29012582
298593,0.61731464
298600,0.17858383
298609,0.19163178
298620,0.46787804
298622,0.48082927
298628,0.15942678
298633,0.2993866
298657,0.4206567
298669,0.40687782
298671,0.5925718
298677,0.2766069
298692,0.29362425
298703,0.2686175
298705,0.15235129
298711,0.33005393
298713,0.5810482
298757,0.593668
298766,0.15072681
298768,0.6399254
298770,0.43592313
298776,0.6944509
298785,0.29827213
298787,0.33194178
298792,0.5449634
298795,0.4375093
298799,0.26630205
298806,0.7427459
298810,0.4715795
298818,0.53372437
298822,0.4121537
298823,0.1910855
298834,0.250361
298837,0.58087456
298841,0.27613753
298845,0.38289523
298852,0.46090817
298855,0.25066093
298858,0.4697858
298860,0.3012305
298861,0.16540132
298863,0.119983554
298866,0.45156473
298873,0.65925485
298880,0.6361697
298889,0.31096116
298896,0.7826957
298917,0.688526
298929,0.44425356
298940,0.35034665
298946,0.7610164
298949,0.16822124
298966,0.4479755
298984,0.4306349
298994,0.26198155
299004,0.8049551
299012,0.39169517
299022,0.7031938
299024,0.22543272
299026,0.23965633
299035,0.30303207
299036,0.29487428
299039,0.26267782
299061,0.6312671
299064,0.44727018
299067,0.39282933
299074,0.7306991
299075,0.22432266
299078,0.5705901
299109,0.6337603
299117,0.47241655
299121,0.2972706
299127,0.65943456
299134,0.6335897
299136,0.25430852
299137,0.6586092
299139,0.71128774
299168,0.16902652
299176,0.11769954
299184,0.3899628
299188,0.608552
299191,0.7389287
299208,0.58839285
299229,0.45752308
299238,0.37196723
299241,0.706569
299257,0.23516552
299260,0.33121136
299264,0.49909303
299279,0.34602094
299308,0.17853057
299310,0.304926
299311,0.42306417
299317,0.58201283
299325,0.32407725
299329,0.3216768
299334,0.5906551
299335,0.61266035
299339,0.37123734
299351,0.44448826
299352,0.096773684
299365,0.6147508
299393,0.334187
299400,0.3754391
299404,0.2853536
299406,0.41766235
299410,0.5963488
299413,0.52555496
299434,0.77318627
299448,0.28489333
299463,0.3957228
299464,0.70218253
299470,0.39701322
299480,0.47642395
299488,0.1445238
299496,0.6158375
299501,0.43223378
299504,0.7173385
299532,0.44141284
299536,0.54854155
299550,0.34579986
299554,0.4349373
299564,0.58351654
299577,0.34183314
299581,0.34467041
299594,0.41425294
299632,0.18637677
299633,0.41964012
299650,0.6742858
299678,0.3637402
299682,0.4273862
299705,0.37272102
299719,0.5450472
299720,0.38583845
299724,0.6061488
299730,0.24679308
299750,0.3934023
299766,0.45789886
299774,0.6620431
299787,0.21830334
299817,0.2429414
299818,0.80216736
299826,0.2140432
299833,0.29904404
299845,0.25941253
299847,0.8628659
299850,0.4922792
299866,0.55663615
299869,0.3609935
299870,0.40515554
299874,0.2022212
299877,0.5408309
299891,0.3669776
299898,0.58193916
299900,0.5919873
299904,0.31402457
299912,0.33646896
299914,0.22217283
299919,0.25498128
299931,0.31690863
299934,0.51675785
299941,0.805203
299946,0.1970295
299947,0.47578472
299972,0.56591105
299973,0.7080946
299975,0.3663304
299979,0.39503545
299981,0.33610576
299983,0.6141303
299985,0.5007556
299986,0.18196876
300011,0.74844396
300013,0.2830833
300028,0.19170645
300042,0.35424474
300043,0.4897985
300058,0.52529323
300073,0.34886447
300075,0.46122363
300087,0.21053344
300090,0.425755
300107,0.50675267
300115,0.26357877
300119,0.14678489
300122,0.8435308
300125,0.49150407
300126,0.4150503
300137,0.8722015
300139,0.4286865
300145,0.5991068
300155,0.2735203
300169,0.099630885
300170,0.3586505
300175,0.20243886
300177,0.6029541
300186,0.17776448
300188,0.15058438
300194,0.34266675
300207,0.5133903
300210,0.6195557
300217,0.5202531
300221,0.20672522
300235,0.2011436
300238,0.11754866
300240,0.72507924
300241,0.3138967
300249,0.15115671
300255,0.57832664
300259,0.4038287
300272,0.37818182
300274,0.56108654
300276,0.6454896
300284,0.19767153
300293,0.18049459
300306,0.3320699
300310,0.60782516
300324,0.6362339
300339,0.20811366
300346,0.3891956
300348,0.44516706
300354,0.155609
300356,0.27154785
300358,0.4793522
300363,0.30566266
300366,0.6957632
300368,0.49645782
300370,0.5017478
300385,0.65653634
300392,0.78454363
300393,0.33263204
300403,0.6142704
300411,0.3793433
300420,0.39994112
300421,0.31901082
300435,0.6200565
300437,0.38639563
300440,0.40367597
300443,0.43680698
300456,0.68888044
300458,0.3704683
300459,0.6310365
300460,0.25799578
300462,0.5299439
300481,0.45696163
300486,0.6960594
300488,0.26624516
300503,0.47714105
300506,0.2799598
300517,0.4173314
300523,0.15122226
300525,0.19481057
300526,0.53433365
300552,0.26886433
300560,0.32629475
300570,0.24296372
300583,0.48669964
300585,0.5742227
300587,0.5508363
300598,0.58601445
300600,0.3628725
300608,0.64449906
300612,0.16132638
300618,0.28751707
300621,0.59925115
300640,0.22762772
300641,0.64623374
300651,0.3995233
300653,0.14487246
300667,0.24560815
300678,0.19713156
300680,0.29279733
300687,0.4736383
300702,0.64936537
300717,0.26627606
300722,0.19061173
300723,0.34882852
300732,0.59317255
300752,0.48002255
300761,0.81346315
300775,0.5214436
300786,0.709203
300787,0.23805863
300788,0.46010536
300789,0.5617229
300794,0.5278272
300808,0.53632915
300834,0.18123634
300842,0.60800093
300844,0.71746093
300850,0.3163254
300851,0.6021594
300854,0.26645905
300866,0.19003817
300867,0.25433066
300868,0.5197146
300882,0.42368758
300883,0.2634355
300891,0.4425032
300894,0.13244061
300901,0.5604677
300904,0.56142133
300910,0.64898694
300914,0.5889227
300918,0.39753497
300948,0.7143469
300954,0.563395
300958,0.6501988
300959,0.24759209
300970,0.14505313
300971,0.28361136
300975,0.42594647
300981,0.32510486
300983,0.39402294
300993,0.84431756
300996,0.14013399
301001,0.17032532
301005,0.32247326
301010,0.6394057
301021,0.87554884
301026,0.3156292
301029,0.24983852
301032,0.41783312
301061,0.7629525
301073,0.11188663
301083,0.3466595
301089,0.5350596
301093,0.69669014
301098,0.19329947
301103,0.41477188
301105,0.718157
301112,0.64118236
301120,0.14850947
301122,0.23509726
301124,0.56495607
301137,0.17128254
301169,0.41428515
301173,0.39678892
301177,0.4517414
301179,0.1332309
301180,0.7522317
301185,0.31432435
301195,0.62894404
301199,0.33953345
301201,0.48428074
301206,0.35015175
301209,0.4294269
301210,0.3342459
301216,0.8352988
301224,0.8000412
301226,0.39994213
301227,0.4124198
301243,0.41621447
301246,0.1642483
301248,0.5113382
301252,0.10302326
301259,0.63467324
301260,0.2479175
301267,0.15832035
301268,0.42397815
301274,0.17598553
301281,0.21080214
301287,0.3132758
301288,0.21353768
301299,0.25929514
301304,0.19848962
301325,0.38700902
301327,0.5141542
301331,0.6370914
301332,0.2997609
301336,0.36404553
301345,0.7647894
301348,0.1642585
301356,0.47463942
301358,0.278511
301360,0.113530084
301364,0.45700425
301389,0.18557677
301415,0.21845989
301421,0.76468974
301422,0.29358587
301424,0.32933593
301426,0.15830018
301433,0.4545714
301459,0.6605803
301460,0.48483133
301478,0.41054308
301483,0.20358758
301493,0.22589017
301494,0.09637457
301503,0.31806818
301510,0.5955419
301516,0.15275513
301530,0.32202747
301531,0.27095336
301549,0.1792769
301550,0.51514256
301555,0.31689385
301573,0.26364866
301588,0.30501714
301593,0.46427378
301613,0.5547627
301625,0.67772585
301643,0.49152446
301650,0.25398844
301651,0.62661135
301652,0.35253197
301653,0.51030064
301665,0.32010236
301684,0.3215694
301686,0.651506
301694,0.5405799
301697,0.2688855
301698,0.34385157
301717,0.26496854
301725,0.16412331
301728,0.36955404
301734,0.20017527
301749,0.558223
301761,0.6970639
301766,0.497449
301775,0.6087512
301782,0.4124542
301784,0.51380616
301787,0.35587716
301789,0.6121251
301790,0.47398975
301804,0.6522273
301806,0.2172592
301817,0.35695556
301826,0.29191035
301837,0.47244218
301842,0.29069534
301848,0.2423299
301859,0.64313895
301860,0.28800383
301867,0.49912986
301877,0.1319912
301883,0.26690865
301902,0.49425787
301908,0.39921176
301916,0.23718028
301920,0.29952514
301921,0.26752672
301931,0.18466638
301939,0.50897336
301941,0.31021628
301943,0.15263277
301949,0.15942435
301955,0.4795026
301963,0.2801212
301968,0.2896309
301975,0.5690492
301988,0.40246364
302000,0.34507728
302005,0.36214322
302007,0.3680173
302016,0.70523953
302028,0.29043573
302038,0.22618724
302043,0.13909979
302051,0.15543498
302056,0.15344933
302063,0.4725512
302072,0.29779086
302074,0.54238397
302080,0.09061833
302093,0.42011023
302096,0.43047157
302123,0.11559835
302125,0.22822398
302128,0.19241948
302145,0.6626355
302146,0.3033661
302160,0.5697936
302166,0.3052528
302174,0.23628716
302175,0.39717844
302186,0.750496
302190,0.35931587
302202,0.43578723
302207,0.53518176
302211,0.27257577
302215,0.30374384
302216,0.32756674
302217,0.18237342
302225,0.76778835
302231,0.4362679
302233,0.21211787
302259,0.23843126
302263,0.48510906
302281,0.37565497
302285,0.2088637
302288,0.33111086
302292,0.8482772
302303,0.63221645
302306,0.38029134
302309,0.4737555
302332,0.14850456
302341,0.096619986
302350,0.6468932
302352,0.48559448
302356,0.6038424
302361,0.39938837
302364,0.65326697
302373,0.18362252
302378,0.4194122
302385,0.21677719
302389,0.4914042
302393,0.6192595
302403,0.14087988
302422,0.17898872
302425,0.40845233
302431,0.85039383
302443,0.40462807
302448,0.15219642
302449,0.5130878
302455,0.42123887
302460,0.17367257
302462,0.3724521
302466,0.25708428
302467,0.44391915
302470,0.55778754
302472,0.16911569
302480,0.5542207
302481,0.20739001
302491,0.46011284
302494,0.21254528
302503,0.6952113
302504,0.6361566
302507,0.6719049
302527,0.50638056
302571,0.65399164
302580,0.6237966
302583,0.31152177
302591,0.21285245
302601,0.39991626
302613,0.3612879
302621,0.2907446
302638,0.34508577
302639,0.52851486
302655,0.27422813
302670,0.5323283
302673,0.7693198
302675,0.26034048
302691,0.45748562
302701,0.2499708
302705,0.15302326
302727,0.3923713
302750,0.2772638
302751,0.31497744
302757,0.5957093
302758,0.7240447
302761,0.67942166
302767,0.6128714
302787,0.2428851
302797,0.18489257
302799,0.6655335
302800,0.46224654
302815,0.27334914
302826,0.857337
302827,0.22465421
302842,0.100319825
302856,0.17678286
302877,0.31300896
302879,0.45508796
302881,0.34127545
302882,0.5185419
302885,0.51507753
302905,0.2566588
302911,0.15277532
302916,0.5535805
302919,0.6223579
302947,0.32772657
302957,0.661212
302968,0.3124027
302978,0.5073822
302984,0.51062584
302991,0.17090589
303007,0.4401444
303010,0.1984
303012,0.80720544
303013,0.6369575
303024,0.3204734
303027,0.4260825
303034,0.27075514
303036,0.62815917
303037,0.35613382
303050,0.2384867
303060,0.6507136
303062,0.28003195
303066,0.1678655
303068,0.47262532
303077,0.8415353
303080,0.13113405
303082,0.32330748
303083,0.20319559
303085,0.5472862
303087,0.38104734
303089,0.269953
303103,0.13663903
303105,0.18108486
303106,0.6983925
303120,0.33908218
303121,0.11902511
303127,0.25031376
303130,0.30131906
303142,0.11181754
303162,0.4298601
303169,0.58948123
303189,0.1523713
303220,0.27850616
303222,0.6958731
303223,0.25306767
303227,0.3100707
303262,0.27773905
303264,0.2534591
303277,0.3881062
303288,0.13224871
303292,0.40146694
303294,0.566096
303301,0.8997177
303312,0.6248395
303328,0.39418736
303330,0.19428486
303347,0.23496927
303354,0.15393475
303356,0.13936414
303362,0.26724866
303377,0.37104586
303386,0.4146836
303393,0.1582143
303397,0.35359034
303403,0.55161625
303413,0.1327793
303416,0.54252505
303428,0.4161181
303429,0.5574935
303432,0.32789806
303446,0.6755335
303455,0.72793895
303464,0.25777
303465,0.106470175
303473,0.46141523
303476,0.51428366
303479,0.59460133
303482,0.28433535
303484,0.3764401
303492,0.52424794
303493,0.66691524
303497,0.500479
303498,0.39971033
303499,0.33708054
303509,0.19291995
303513,0.3443801
303524,0.15048596
303525,0.76599133
303540,0.31162545
303544,0.22062646
303548,0.314005
303551,0.33604658
303569,0.38026148
303584,0.43348208
303592,0.67730117
303602,0.61917603
303607,0.50098974
303619,0.51845664
303630,0.3321369
303643,0.78709364
303644,0.5686867
303670,0.41129112
303671,0.3218862
303678,0.22749157
303689,0.22375569
303698,0.5392001
303702,0.29579508
303704,0.3392532
303711,0.22608624
303727,0.3527712
303728,0.11820095
303741,0.72162074
303752,0.33660662
303755,0.2545524
303777,0.2027845
303790,0.6770637
303798,0.24972071
303804,0.8539277
303812,0.37455943
303814,0.59720516
303817,0.662155
303818,0.5836306
303848,0.383077
303850,0.16019787
303854,0.2557254
303857,0.221461
303860,0.1631314
303870,0.48748365
303877,0.2121522
303884,0.5814824
303893,0.08949082
303899,0.34200123
303900,0.7225817
303902,0.3491061
303906,0.4424263
303920,0.6093178
303937,0.23189816
303939,0.16109593
303941,0.1485338
303962,0.37747955
303963,0.42479518
303971,0.25146243
303978,0.3739943
303980,0.65711576
303986,0.53327554
304018,0.5791107
304025,0.21564361
304027,0.22854543
304028,0.5780118
304029,0.40697026
304030,0.14862639
304035,0.41801116
304040,0.46202037
304058,0.638485
304083,0.24667835
304089,0.7323766
304092,0.4991395
304093,0.21699037
304100,0.1552653
304121,0.43643323
304142,0.3336381
304154,0.4119948
304158,0.6941573
304164,0.44791597
304173,0.73878133
304175,0.36336908
304182,0.33772272
304194,0.24555412
304201,0.6064492
304202,0.3254722
304206,0.37720352
304210,0.3280527
304226,0.06855401
304237,0.29330704
304256,0.57988256
304257,0.23428859
304265,0.31562826
304271,0.60418606
304274,0.34692258
304286,0.42613876
304292,0.5406261
304299,0.36497897
304350,0.44862303
304352,0.23005445
304355,0.26387966
304360,0.28318816
304361,0.7239504
304363,0.60661924
304375,0.71904665
304378,0.26601183
304382,0.69092613
304385,0.716835
304386,0.5107782
304387,0.53568465
304388,0.39659655
304391,0.5240423
304398,0.38239774
304406,0.14608799
304420,0.3455745
304431,0.27827913
304436,0.87633985
304438,0.16261335
304440,0.32406184
304441,0.16255352
304450,0.29314995
304451,0.8030543
304454,0.49914238
304462,0.70303255
304466,0.4153135
304469,0.8103245
304472,0.33790383
304475,0.7764808
304481,0.18740776
304483,0.31812096
304485,0.60771734
304486,0.22048528
304504,0.5275902
304505,0.29404002
304512,0.2983706
304516,0.53959596
304517,0.16220121
304528,0.26389697
304530,0.39702132
304536,0.1755546
304549,0.11629124
304552,0.74039227
304554,0.676281
304581,0.34077638
304593,0.25782493
304596,0.7172292
304604,0.29113296
304610,0.56440896
304614,0.378148
304628,0.73214346
304629,0.29121578
304637,0.34446424
304644,0.10222969
304654,0.41295475
304664,0.7673408
304676,0.25204277
304680,0.5221777
304687,0.17590924
304696,0.42082086
304698,0.57246745
304700,0.46060082
304703,0.6915458
304704,0.1679233
304710,0.45783937
304717,0.44534618
304729,0.7386844
304732,0.31629482
304736,0.1289711
304738,0.4050767
304756,0.26746976
304771,0.16916683
304773,0.19159575
304776,0.43445998
304778,0.21567209
304779,0.6719667
304780,0.08683348
304790,0.6893758
304793,0.12373886
304805,0.7375035
304811,0.22202799
304825,0.26618758
304828,0.47860038
304829,0.49497846
304842,0.65198225
304851,0.38331318
304857,0.27785075
304884,0.5449534
304891,0.32783657
304897,0.7938617
304898,0.50920767
304905,0.42004088
304907,0.5955645
304917,0.21549481
304931,0.2385839
304935,0.14022939
304942,0.42937005
304954,0.67504996
304959,0.13728356
304968,0.4259244
304971,0.2868842
304977,0.6278454
304982,0.37150115
304985,0.25265092
304991,0.294734
304992,0.51004905
304997,0.6033549
305004,0.19478202
305008,0.22849856
305019,0.2254115
305020,0.74738556
305025,0.2651245
305037,0.18369673
305046,0.66786945
305056,0.23411259
305062,0.27232742
305064,0.77551347
305065,0.27277318
305076,0.5387
305108,0.34300497
305110,0.24287553
305115,0.6188493
305121,0.6917553
305125,0.3022954
305141,0.15385404
305151,0.14479499
305159,0.19682741
305162,0.3620816
305165,0.3465173
305174,0.38776082
305178,0.5359978
305180,0.5692389
305182,0.48506245
305183,0.298007
305194,0.28235397
305199,0.6049939
305210,0.35451812
305214,0.7676341
305215,0.32490188
305218,0.43918842
305225,0.1605494
305229,0.25651303
305231,0.024623755
305233,0.27612707
305237,0.21438836
305260,0.29336163
305261,0.49014303
305278,0.48095036
305286,0.601594
305293,0.18400761
305300,0.11214858
305301,0.65175396
305326,0.65518415
305334,0.46027756
305340,0.51951027
305348,0.28553075
305352,0.28488734
305359,0.24971429
305360,0.110596895
305362,0.34638652
305383,0.094142586
305406,0.3709992
305408,0.6359828
305412,0.6323891
305413,0.4586501
305414,0.78662807
305417,0.23673804
305421,0.2817957
305422,0.28550553
305447,0.24348979
305448,0.55319816
305450,0.25199586
305452,0.32742754
305459,0.26619467
305460,0.39794567
305474,0.26324353
305475,0.19456477
305481,0.64692134
305494,0.48736912
305503,0.5618028
305507,0.20614445
305508,0.5953535
305513,0.383229
305518,0.4214057
305523,0.56240946
305526,0.6020904
305529,0.28339309
305532,0.5486078
305543,0.6451271
305555,0.23214799
305562,0.22137432
305571,0.20288453
305578,0.7465124
305579,0.07927356
305584,0.33281022
305603,0.26119766
305620,0.67234373
305626,0.25820532
305636,0.335978
305640,0.24946192
305653,0.4216255
305662,0.51556367
305663,0.3452463
305667,0.32106224
305683,0.47345918
305698,0.2303581
305699,0.5854393
305707,0.40337628
305717,0.72244424
305723,0.19422494
305735,0.3389863
305738,0.6600841
305746,0.33361688
305766,0.5065667
305773,0.07120738
305776,0.15007736
305777,0.22739914
305809,0.2308594
305813,0.42298615
305816,0.2911992
305820,0.42309725
305826,0.61340815
305838,0.6624251
305839,0.25674865
305846,0.7192443
305861,0.4557622
305863,0.6438411
305869,0.2167537
305872,0.27087906
305876,0.18936731
305881,0.6391577
305887,0.31775045
305894,0.24926421
305898,0.16871363
305905,0.22885403
305908,0.20737755
305914,0.72345656
305915,0.107191324
305922,0.15111725
305938,0.6755515
305946,0.32105917
305956,0.28069124
305963,0.28243577
305965,0.24764635
305988,0.2874737
305990,0.24185675
305991,0.49836722
305994,0.29376513
305998,0.32390335
306003,0.24396518
306012,0.23910703
306016,0.27536553
306021,0.6334216
306025,0.54068893
306030,0.6914592
306047,0.28902078
306051,0.26655686
306063,0.59015405
306066,0.35636225
306069,0.3042986
306074,0.51697606
306091,0.32863975
306094,0.5779154
306095,0.2704737
306114,0.40666068
306116,0.11994069
306121,0.27530283
306127,0.72341716
306128,0.56651443
306133,0.535573
306142,0.33323297
306144,0.4627331
306150,0.2531487
306153,0.16966738
306156,0.61816674
306159,0.6948985
306161,0.23283729
306173,0.30867276
306175,0.35338888
306193,0.36433598
306194,0.38339734
306198,0.48715872
306203,0.61329925
306209,0.69005114
306212,0.1535207
306216,0.65154225
306233,0.15710647
306247,0.4309968
306264,0.4272543
306267,0.39400938
306293,0.30971926
306302,0.8863489
306305,0.1978218
306311,0.27383938
306345,0.33784375
306357,0.22915974
306368,0.13734171
306372,0.82513165
306378,0.73148674
306389,0.27100697
306398,0.28689975
306414,0.575593
306419,0.4181736
306437,0.34769386
306438,0.63638973
306441,0.6864911
306443,0.49236497
306450,0.52744335
306464,0.4616524
306468,0.6419901
306469,0.1885093
306484,0.47660118
306527,0.28861138
306538,0.43166456
306547,0.7223706
306554,0.5796923
306557,0.68999267
306560,0.27993298
306561,0.369549
306565,0.095197015
306569,0.27119327
306576,0.42862552
306587,0.48418334
306604,0.44110042
306624,0.33734658
306625,0.7574952
306628,0.52677083
306647,0.5589011
306651,0.51564294
306658,0.22672038
306660,0.767235
306664,0.3049417
306670,0.73007375
306699,0.45494613
306701,0.33501935
306712,0.3329969
306716,0.3914777
306727,0.25456002
306729,0.4278042
306735,0.19964568
306739,0.30671784
306756,0.6846424
306757,0.45566952
306767,0.43504724
306775,0.34630778
306795,0.3825151
306799,0.61497915
306800,0.29799598
306805,0.38803667
306812,0.20102073
306820,0.6544401
306840,0.5975381
306845,0.49821752
306848,0.12147676
306856,0.5630596
306862,0.37681574
306863,0.26488042
306868,0.7621839
306873,0.49279737
306876,0.534822
306893,0.20505749
306896,0.612235
306899,0.19235365
306907,0.61230975
306908,0.3022957
306917,0.5709491
306927,0.38050732
306930,0.057368126
306935,0.2951886
306942,0.4383328
306951,0.19557843
306961,0.51145995
306970,0.8321091
306972,0.7350302
306973,0.27866107
306976,0.18305457
306978,0.49110088
306990,0.5187148
306992,0.69359845
306995,0.19145279
307001,0.82310075
307004,0.82515365
307005,0.5276881
307006,0.22233349
307010,0.23508528
307011,0.40591434
307014,0.14849068
307016,0.2671443
307022,0.09312853
307027,0.7537415
307052,0.35967407
307061,0.49404237
307072,0.8737631
307078,0.15245114
307111,0.16397077
307112,0.16169319
307134,0.65718013
307143,0.42228657
307147,0.3239115
307148,0.39142606
307162,0.44080588
307166,0.1898937
307168,0.36824837
307174,0.14907229
307177,0.10596979
307197,0.38237268
307198,0.43442717
307199,0.4403134
307205,0.440674
307207,0.29835072
307210,0.150499
307212,0.1650324
307223,0.21077947
307224,0.29347152
307236,0.7405521
307241,0.58078015
307242,0.5014142
307259,0.45304263
307271,0.60107785
307274,0.33877295
307281,0.5771888
307288,0.47556418
307294,0.2638374
307302,0.45040622
307308,0.22922274
307313,0.3601954
307344,0.7014103
307350,0.5044462
307366,0.42183974
307372,0.25876352
307373,0.39326662
307374,0.23963848
307378,0.38555017
307384,0.48933938
307398,0.4185674
307406,0.4407218
307416,0.28310737
307420,0.47803146
307424,0.20802353
307427,0.4369847
307429,0.34152347
307436,0.29834643
307456,0.42573905
307491,0.3610345
307494,0.1677884
307496,0.12965
307500,0.17900603
307504,0.43719098
307509,0.687094
307511,0.72658813
307520,0.23957299
307527,0.22737971
307537,0.5812939
307539,0.31167623
307558,0.6689348
307561,0.32654348
307575,0.7167114
307577,0.34132215
307588,0.4332421
307636,0.44938344
307639,0.7852704
307641,0.20198701
307646,0.5015854
307653,0.5204968
307661,0.7248555
307669,0.7244146
307674,0.21895492
307678,0.26649582
307691,0.27514502
307697,0.3944701
307699,0.2034492
307702,0.1423025
307708,0.36062998
307712,0.56648445
307716,0.21981202
307729,0.1555088
307753,0.52390903
307765,0.8317769
307781,0.69184196
307787,0.47893763
307788,0.31304485
307798,0.44473767
307799,0.53978026
307800,0.46227252
307801,0.57567143
307804,0.13809119
307816,0.25716525
307820,0.13725847
307824,0.39582953
307828,0.10851596
307832,0.5901787
307836,0.42266068
307842,0.51367736
307851,0.85571843
307856,0.12293946
307861,0.37399378
307879,0.42346087
307904,0.52806145
307911,0.38195282
307912,0.12448255
307913,0.7504924
307922,0.13240126
307924,0.50741476
307925,0.4617148
307929,0.46568358
307933,0.8365374
307945,0.24596567
307948,0.19524361
307961,0.62946254
307962,0.40951225
307963,0.408399
307971,0.3286548
307983,0.6169055
307984,0.5859119
307988,0.543195
307993,0.41171902
307994,0.4091316
308007,0.61159056
308008,0.30491883
308018,0.52393234
308023,0.1147548
308026,0.30090272
308028,0.40552306
308030,0.40540612
308034,0.5132819
308053,0.15338571
308065,0.5837952
308095,0.12754685
308096,0.4040838
308100,0.19712113
308114,0.40739727
308116,0.7179612
308120,0.30111995
308128,0.4518064
308132,0.4289064
308134,0.48646092
308140,0.53050876
308142,0.54469264
308164,0.30231413
308168,0.7424939
308169,0.6167985
308171,0.60410124
308176,0.19952421
308177,0.34632432
308179,0.1466655
308180,0.8706514
308184,0.27181953
308188,0.5397635
308189,0.08506274
308190,0.3130234
308200,0.60450995
308210,0.3871139
308211,0.5451715
308218,0.4983345
308220,0.16727568
308228,0.2779964
308231,0.33899218
308236,0.28379828
308247,0.3949546
308251,0.3725734
308260,0.34158283
308266,0.3839343
308267,0.16431512
308280,0.8156328
308298,0.2414908
308301,0.12320159
308309,0.27718085
308312,0.68692034
308325,0.36981526
308334,0.7057314
308339,0.44687614
308346,0.60136217
308359,0.39177307
308360,0.37494808
308380,0.51782006
308391,0.529121
308403,0.14880954
308408,0.430827
308410,0.8241569
308415,0.6557602
308420,0.31205332
308427,0.446071
308442,0.26138666
308447,0.87838966
308462,0.2932394
308464,0.4404818
308465,0.30126083
308467,0.73809713
308468,0.3234714
308476,0.37700453
308488,0.5368894
308498,0.37587526
308504,0.23386587
308507,0.12409875
308509,0.14944124
308521,0.33118153
308536,0.5395545
308537,0.27488545
308543,0.17770009
308547,0.22311205
308559,0.44401798
308565,0.55940306
308569,0.45473188
308584,0.17047937
308591,0.5789638
308608,0.21068756
308610,0.2790361
308613,0.12554213
308618,0.4939816
308623,0.32388487
308632,0.20919593
308636,0.46874216
308641,0.24968384
308643,0.37473118
308664,0.5350247
308678,0.16962807
308679,0.5196968
308691,0.346344
308692,0.44643736
308701,0.20446062
308709,0.54900527
308711,0.65749776
308719,0.55433315
308723,0.37939608
308727,0.4884711
308732,0.33114174
308738,0.058651835
308747,0.06952598
308749,0.2577386
308755,0.4129298
308756,0.76948106
308761,0.12200834
308779,0.34938875
308780,0.58285654
308784,0.34573182
308789,0.61955225
308807,0.3154809
308818,0.78321457
308819,0.5305617
308822,0.8249497
308827,0.26778606
308831,0.43305403
308833,0.29160014
308842,0.3197549
308868,0.17926775
308871,0.23964538
308881,0.1437266
308889,0.15458398
308892,0.37004188
308900,0.2533627
308903,0.18776365
308912,0.6179856
308916,0.3592788
308919,0.6044778
308920,0.48346606
308921,0.2272006
308928,0.23240067
308929,0.75864094
308934,0.6244944
308940,0.43421584
308941,0.18966345
308946,0.19037998
308956,0.4886018
308958,0.2148934
308963,0.12471788
308965,0.21316953
308971,0.3598396
308977,0.2556893
308985,0.17888497
308987,0.4945628
308995,0.5157211
309005,0.38535076
309007,0.67018944
309015,0.16817969
309016,0.47497895
309018,0.23016463
309019,0.33798882
309035,0.34601194
309042,0.5694614
309044,0.16113089
309052,0.5633206
309061,0.27151465
309064,0.4747107
309072,0.509429
309075,0.42817658
309083,0.16305035
309099,0.70106834
309124,0.190592
309125,0.54405403
309146,0.23245043
309159,0.13811137
309161,0.1518458
309168,0.69985867
309180,0.25712767
309185,0.5478034
309195,0.41545632
309198,0.20491797
309200,0.5104164
309202,0.55667263
309204,0.4192426
309213,0.6649394
309227,0.67146486
309234,0.2477703
309241,0.3277188
309242,0.4122684
309244,0.45438185
309246,0.5046528
309250,0.34415874
309251,0.6959502
309274,0.6370478
309276,0.54335034
309280,0.64424163
309298,0.7821145
309301,0.6120012
309302,0.2699972
309326,0.19249813
309335,0.37913224
309341,0.37745002
309343,0.42380252
309344,0.4263904
309354,0.3040184
309362,0.37662542
309399,0.45451683
309406,0.57081693
309409,0.3562079
309411,0.60818595
309418,0.73112154
309421,0.3220604
309435,0.27838314
309443,0.72872317
309455,0.6122896
309462,0.54402906
309473,0.5878508
309476,0.7816899
309478,0.153391
309493,0.13153909
309502,0.47833562
309508,0.69880784
309526,0.61092067
309536,0.134921
309544,0.11764088
309547,0.29553485
309555,0.091998994
309562,0.16926491
309569,0.56251764
309574,0.6330255
309577,0.237935
309578,0.5128054
309579,0.48398578
309585,0.20105103
309588,0.26369128
309603,0.434112
309604,0.26114312
309617,0.56945187
309620,0.19707261
309623,0.2671899
309648,0.76893526
309665,0.51750416
309682,0.28047454
309694,0.38453013
309702,0.30377734
309711,0.218862
309713,0.53433394
309729,0.22043774
309735,0.27683952
309744,0.2383195
309749,0.64262134
309750,0.2341574
309759,0.48017317
309761,0.4516171
309770,0.59956163
309776,0.30279067
309777,0.23127082
309789,0.1789036
309790,0.11026381
309800,0.3667494
309813,0.24037229
309814,0.40334046
309815,0.8046812
309825,0.39511758
309826,0.2718832
309829,0.11760977
309831,0.16400856
309837,0.14108062
309846,0.45174488
309849,0.62528354
309855,0.2571009
309860,0.5872655
309879,0.21897948
309882,0.83447945
309887,0.40230092
309892,0.4171685
309895,0.41312942
309902,0.2309769
309915,0.37375534
309923,0.21515107
309941,0.7670967
309942,0.64600277
309945,0.27687317
309950,0.6055095
309955,0.4531409
309963,0.26984218
309964,0.2532008
309967,0.7059485
309969,0.38107482
309971,0.17984965
309978,0.6143606
309987,0.706034
309990,0.74118143
309992,0.44783774
309993,0.41783535
310010,0.36243898
310012,0.18127185
310017,0.15928423
310018,0.30830094
310022,0.5108153
310031,0.29029167
310033,0.2933227
310034,0.5971863
310038,0.68275666
310044,0.7246769
310062,0.33995816
310071,0.24703805
310075,0.27218556
310082,0.49902037
310093,0.62921494
310101,0.12325197
310106,0.19240616
310118,0.7411773
310123,0.25147697
310126,0.19267209
310130,0.36435875
310141,0.35644755
310145,0.5971088
310148,0.52551585
310150,0.39862937
310159,0.6650923
310162,0.28831846
310163,0.40693703
310166,0.07330088
310167,0.20016818
310170,0.47285908
310181,0.1675101
310187,0.48944467
310191,0.13295007
310192,0.32904172
310197,0.5054483
310200,0.2377462
310201,0.5395717
310203,0.12419839
310204,0.10786393
310213,0.3875036
310215,0.5096316
310218,0.72943324
310236,0.5990812
310238,0.18386218
310241,0.29844406
310245,0.7170815
310252,0.44369763
310259,0.36089662
310260,0.72200155
310261,0.1784181
310262,0.2420662
310274,0.350636
310294,0.7718779
310296,0.721158
310298,0.34544736
310306,0.30096212
310307,0.5428839
310316,0.15016559
310329,0.47037122
310338,0.5871291
310342,0.4266224
310343,0.65354323
310360,0.39337134
310362,0.91863143
310378,0.28627494
310379,0.17335887
310383,0.34988466
310385,0.34862143
310387,0.4861434
310388,0.30444837
310400,0.28262624
310408,0.6746973
310414,0.489432
310423,0.17089242
310424,0.5072191
310428,0.6868562
310432,0.51804346
310456,0.20635144
310463,0.72222656
310475,0.5234427
310476,0.4404745
310482,0.43798986
310485,0.236146
310490,0.24306157
310496,0.2748503
310505,0.63993007
310519,0.22131732
310546,0.49282935
310547,0.30957332
310553,0.42033362
310555,0.14321646
310556,0.8767063
310568,0.120863564
310573,0.5293373
310574,0.17151168
310577,0.49972537
310580,0.34577188
310581,0.27750498
310583,0.49757233
310586,0.2678522
310591,0.36775485
310598,0.1981548
310606,0.5388305
310628,0.16091895
310634,0.5708444
310638,0.5102598
310646,0.11249722
310648,0.6749569
310654,0.27644816
310659,0.6811539
310663,0.4140972
310669,0.3048046
310670,0.5537042
310674,0.28116003
310691,0.57421714
310693,0.47876722
310702,0.16936336
310706,0.35538504
310709,0.2720355
310711,0.55765474
310720,0.6795651
310739,0.7233242
310742,0.67231286
310743,0.35892084
310752,0.41842985
310753,0.6450366
310757,0.7471847
310763,0.31715953
310764,0.3064325
310769,0.118497945
310771,0.6619598
310775,0.12757319
310779,0.54420286
310781,0.54557765
310784,0.26955947
310793,0.60751057
310794,0.20827828
310816,0.6540886
310823,0.4848302
310837,0.23641525
310856,0.27636537
310865,0.31684566
310866,0.5761876
310872,0.4753445
310877,0.80440927
310879,0.3627251
310883,0.32968107
310884,0.77777445
310908,0.16286594
310928,0.13657525
310935,0.14835726
310954,0.40273586
310964,0.7336379
310971,0.34807795
310972,0.5762989
310983,0.5123049
310988,0.12698513
310994,0.26879674
311003,0.23627806
311020,0.3594407
311024,0.4721843
311037,0.39630932
311064,0.37856486
311070,0.28732517
311086,0.71856093
311087,0.52685726
311108,0.11224123
311110,0.29382965
311115,0.35582384
311116,0.8425621
311117,0.22650228
311128,0.62427825
311136,0.5285732
311146,0.1591256
311155,0.40254557
311157,0.2472273
311159,0.51860195
311170,0.5385642
311184,0.3411668
311199,0.08824685
311208,0.516013
311209,0.32447276
311220,0.7782088
311230,0.361038
311233,0.1570488
311241,0.66052914
311261,0.14568023
311262,0.12666982
311268,0.24891105
311277,0.6431627
311296,0.39894384
311298,0.15123425
311310,0.77434975
311313,0.8194065
311316,0.6311272
311324,0.23113295
311327,0.4191448
311331,0.41087443
311335,0.22174954
311343,0.35503063
311346,0.3469075
311357,0.6649684
311358,0.1503604
311365,0.20642544
311370,0.30296028
311376,0.2531617
311380,0.61914116
311393,0.21703377
311399,0.35086563
311404,0.28050458
311409,0.16178092
311425,0.30933568
311436,0.4419944
311455,0.23921348
311459,0.5173412
311475,0.52542144
311499,0.7141962
311509,0.14284927
311518,0.092546456
311535,0.37103352
311536,0.23448624
311540,0.6432835
311542,0.6942722
311552,0.8654913
311562,0.8324729
311580,0.074280635
311583,0.459321
311588,0.69513416
311595,0.36936545
311601,0.4950189
311605,0.32314596
311609,0.7070998
311612,0.6980599
311621,0.49594527
311623,0.12515114
311625,0.5675606
311636,0.31340408
311637,0.2248888
311646,0.5555908
311648,0.15784068
311654,0.29963407
311663,0.58252394
311676,0.5304752
311679,0.27013722
311683,0.5199309
311685,0.13986813
311691,0.25896358
311695,0.28538802
311700,0.21185553
311710,0.3380389
311714,0.2685096
311716,0.6848115
311725,0.3614589
311727,0.6306574
311728,0.19793417
311737,0.6124876
311738,0.35321546
311743,0.56746083
311746,0.2092723
311747,0.65138227
311761,0.75808364
311765,0.1319582
311773,0.32452607
311776,0.24776924
311786,0.7411002
311801,0.32252717
311820,0.35780683
311822,0.8221086
311829,0.3068519
311835,0.364735
311846,0.3302143
311851,0.63899857
311854,0.24415076
311872,0.28565526
311875,0.12063252
311888,0.3092181
311916,0.52698094
311928,0.36258104
311931,0.29570085
311933,0.7069139
311934,0.24568257
311948,0.23841584
311949,0.6387752
311950,0.46902552
311952,0.3224087
311954,0.5801386
311962,0.56490535
311965,0.3893646
311968,0.68229043
311976,0.58286506
311977,0.25417626
311983,0.44123468
311989,0.122940734
311996,0.58804476
311999,0.30618244
312007,0.72974056
312022,0.3940233
312023,0.3521391
312034,0.42286652
312042,0.30631068
312049,0.25728992
312077,0.42930245
312088,0.5836499
312091,0.5951671
312114,0.34970224
312115,0.3712874
312117,0.7103628
312119,0.738452
312126,0.89292157
312127,0.16033809
312134,0.5881662
312164,0.22104304
312176,0.38130784
312178,0.20946635
312184,0.1892535
312185,0.6171139
312186,0.39584056
312191,0.32989
312197,0.2605261
312213,0.811541
312223,0.60082155
312224,0.73599553
312225,0.34223437
312226,0.53573465
312231,0.13298915
312239,0.5823282
312251,0.34358716
312271,0.16004047
312278,0.18911205
312281,0.06897462
312289,0.25321132
312291,0.3630012
312301,0.31035066
312302,0.11665704
312316,0.5565212
312324,0.4146263
312338,0.090334
312361,0.1242352
312363,0.6885218
312368,0.1894977
312382,0.1744927
312384,0.46588925
312390,0.27410114
312395,0.49451435
312396,0.65194845
312400,0.57105064
312406,0.5082485
312412,0.11458026
312414,0.61005527
312417,0.26001945
312425,0.58075476
312428,0.19922733
312431,0.4755106
312437,0.5900906
312442,0.21722789
312451,0.5981704
312460,0.35106367
312464,0.49279124
312466,0.07806871
312470,0.40898308
312473,0.68113077
312490,0.2922915
312493,0.76866066
312503,0.17528546
312509,0.6842183
312520,0.2832195
312528,0.09362982
312543,0.35170332
312544,0.40500164
312553,0.2483915
312558,0.34026855
312565,0.60752493
312568,0.7119328
312579,0.249109
312581,0.6294871
312582,0.42596552
312596,0.48546186
312597,0.2352832
312598,0.30768758
312617,0.7113996
312627,0.49003607
312635,0.18434285
312637,0.5574814
312639,0.19659485
312640,0.6652059
312642,0.8128904
312651,0.51136494
312663,0.41822448
312668,0.33182532
312685,0.40276423
312691,0.3484572
312693,0.4179382
312710,0.3901233
312711,0.3503987
312712,0.09107521
312720,0.38819113
312746,0.7891789
312763,0.1833501
312770,0.5244936
312791,0.7122792
312795,0.4773795
312796,0.35605744
312797,0.5480333
312804,0.33887166
312812,0.27598062
312813,0.294912
312825,0.20723341
312827,0.6589752
312841,0.4095374
312842,0.7773714
312845,0.30455348
312856,0.2081214
312866,0.19971347
312870,0.839159
312879,0.54866946
312895,0.2334485
312901,0.30153403
312909,0.27538714
312910,0.26404074
312916,0.17392069
312926,0.5349066
312942,0.49594125
312946,0.52995527
312950,0.35384887
312952,0.5200349
312963,0.28715336
312968,0.76117665
312976,0.2678849
312980,0.53653836
312984,0.3630877
312987,0.58529454
312994,0.13797593
312996,0.4998178
312997,0.50908786
313019,0.24123418
313020,0.1564663
313028,0.41944388
313041,0.6580631
313045,0.09622066
313048,0.5895686
313052,0.5128666
313062,0.44322267
313063,0.48835313
313066,0.276916
313071,0.4229727
313085,0.37428296
313099,0.80364674
313109,0.7120987
313131,0.13287275
313139,0.42752188
313141,0.30265173
313142,0.63760376
313145,0.61638194
313153,0.5312512
313157,0.21423045
313161,0.566266
313165,0.45015502
313179,0.5929107
313208,0.5937598
313228,0.7270532
313236,0.3308288
313243,0.24806935
313245,0.24647202
313249,0.30475685
313275,0.24540843
313276,0.5317033
313280,0.35425878
313284,0.77104187
313285,0.31728432
313292,0.12613064
313297,0.44110805
313304,0.29221198
313322,0.21048428
313323,0.5585188
313325,0.038923904
313326,0.31147578
313334,0.21159343
313336,0.25043276
313337,0.60427576
313339,0.21767353
313340,0.44209242
313341,0.7445972
313343,0.56264144
313346,0.75803363
313348,0.83183974
313359,0.31482092
313365,0.25572538
313375,0.764276
313381,0.30741316
313382,0.15819743
313389,0.22635433
313390,0.1463112
313391,0.7156697
313410,0.7017609
313416,0.30577576
313417,0.43451926
313426,0.49879175
313429,0.29967555
313469,0.24733126
313479,0.23468855
313485,0.7999768
313494,0.094594054
313496,0.33799618
313501,0.22060344
313506,0.35568038
313521,0.20260084
313524,0.5152485
313538,0.5126044
313550,0.5211529
313557,0.46580172
313573,0.20727436
313583,0.20083271
313592,0.454032
313602,0.31813145
313604,0.5037841
313606,0.7346131
313617,0.5541479
313622,0.2793372
313625,0.5353014
313638,0.17331773
313639,0.26022497
313645,0.6172375
313655,0.32860574
313656,0.89858747
313663,0.38048765
313669,0.41645393
313670,0.2947912
313676,0.57646716
313689,0.8450185
313699,0.36451846
313711,0.20150709
313720,0.48934075
313731,0.8137444
313736,0.7878651
313741,0.27416652
313744,0.44043523
313749,0.82069796
313750,0.22933078
313753,0.5278448
313763,0.31170243
313765,0.7610359
313776,0.20215629
313778,0.6610389
313781,0.31782854
313786,0.84166896
313787,0.1769261
313795,0.3332721
313809,0.412176
313810,0.288693
313811,0.78404975
313818,0.86060053
313825,0.4643924
313830,0.24094483
313831,0.27298722
313834,0.31550884
313837,0.7141254
313841,0.26908007
313859,0.15949085
313882,0.18911023
313887,0.84928346
313900,0.30096406
313902,0.31589636
313906,0.21551996
313930,0.16868745
313932,0.36445746
313943,0.600368
313944,0.14472298
313957,0.25086844
313970,0.5726748
313980,0.25942948
313982,0.20637546
313999,0.62698185
314000,0.52787435
314003,0.581453
314004,0.3194836
314005,0.76320636
314007,0.28990462
314010,0.8110073
314011,0.24496028
314016,0.75708115
314023,0.46656612
314024,0.29555878
314031,0.28948703
314038,0.6048849
314041,0.36914432
314061,0.28550124
314073,0.28246588
314091,0.6933797
314097,0.70616746
314099,0.37444222
314107,0.5079095
314124,0.63193345
314127,0.3421758
314131,0.11883866
314132,0.19538572
314137,0.7357633
314139,0.058358822
314143,0.283571
314149,0.20789121
314153,0.25699714
314154,0.7432962
314160,0.23205484
314167,0.26714355
314171,0.2113433
314182,0.50852764
314190,0.16820756
314194,0.2585357
314198,0.41276142
314211,0.3477054
314220,0.7517128
314245,0.1281637
314247,0.20425215
314256,0.23250301
314259,0.34126854
314267,0.34532678
314271,0.2806951
314278,0.47628057
314282,0.23451911
314283,0.5004556
314294,0.6412551
314298,0.28479755
314299,0.6897292
314306,0.24144086
314307,0.33128798
314308,0.2908219
314309,0.09857259
314317,0.54489666
314323,0.47434375
314332,0.20830213
314334,0.32692558
314335,0.5112003
314337,0.2790509
314343,0.4620316
314344,0.12332613
314346,0.23033412
314351,0.24174629
314354,0.26886085
314355,0.26097217
314359,0.29420757
314364,0.36832216
314366,0.30388638
314367,0.6563862
314374,0.32696497
314376,0.23317908
314387,0.5333529
314405,0.5760372
314412,0.16971728
314418,0.71655566
314429,0.43720847
314438,0.78942245
314442,0.2841191
314477,0.43942568
314480,0.2507178
314486,0.416465
314487,0.7348194
314488,0.46697524
314490,0.17000368
314523,0.1254716
314528,0.70921737
314535,0.23847899
314542,0.6015466
314560,0.41058475
314585,0.6995906
314594,0.4416658
314596,0.5959008
314601,0.42201343
314603,0.17997894
314612,0.68578196
314615,0.81764543
314619,0.13670202
314621,0.6406701
314627,0.619613
314629,0.58559126
314635,0.8747681
314639,0.20372392
314646,0.3722643
314650,0.7878203
314661,0.27611297
314690,0.14614756
314699,0.26910245
314705,0.6236449
314709,0.18987541
314710,0.109070875
314711,0.29966322
314714,0.34461588
314719,0.40902328
314722,0.45022923
314723,0.52688473
314729,0.38807982
314732,0.6617732
314734,0.6106882
314746,0.28116983
314761,0.862159
314769,0.4270608
314773,0.5708149
314774,0.4671911
314776,0.3769163
314780,0.20667548
314785,0.41371435
314789,0.72708493
314796,0.57011724
314810,0.3933276
314812,0.24381052
314817,0.18129593
314822,0.5212335
314840,0.60533595
314843,0.1670443
314853,0.34467426
314856,0.17425342
314862,0.5314458
314864,0.11576334
314878,0.46058738
314894,0.2248483
314906,0.8968018
314912,0.14948559
314914,0.13627754
314933,0.6537357
314941,0.10871936
314949,0.33410147
314950,0.36170608
314952,0.4688105
314961,0.4930995
314970,0.57720613
314972,0.65258706
314975,0.67721903
314985,0.44302574
314986,0.27806938
314991,0.5268914
314995,0.3897801
314997,0.1985074
315003,0.0739574
315035,0.4541597
315038,0.6872646
315040,0.28979018
315046,0.284686
315053,0.15896624
315054,0.55285984
315060,0.34662572
315061,0.15518142
315067,0.84799016
315076,0.5345772
315079,0.2942692
315083,0.28925654
315084,0.35711813
315092,0.5695476
315095,0.633012
315112,0.7497072
315122,0.33133468
315123,0.13164964
315125,0.48970184
315136,0.8024115
315143,0.65435326
315145,0.45928493
315153,0.29598248
315164,0.6486782
315169,0.1833605
315178,0.5845065
315179,0.6664234
315189,0.16495125
315192,0.60581267
315194,0.57586175
315198,0.35210875
315210,0.44912964
315211,0.33358645
315221,0.873988
315222,0.38897038
315228,0.60705227
315231,0.70070916
315233,0.3791291
315235,0.53956217
315240,0.36265507
315244,0.40133446
315257,0.49018726
315261,0.49259135
315271,0.47575536
315278,0.19880003
315282,0.77150625
315287,0.37891725
315288,0.5208996
315291,0.58140266
315306,0.11176344
315309,0.18702671
315312,0.12842831
315330,0.41264522
315335,0.6315908
315337,0.46446523
315343,0.6279531
315344,0.7997081
315366,0.10943158
315389,0.6632163
315403,0.2785313
315414,0.5756059
315425,0.046477057
315430,0.36607322
315432,0.5393268
315436,0.33646366
315437,0.34979543
315445,0.34244248
315451,0.26760486
315460,0.15008564
315462,0.2215559
315476,0.66084296
315480,0.5680893
315489,0.30868807
315494,0.18695489
315499,0.060689665
315503,0.29071254
315507,0.7530961
315540,0.0731965
315541,0.45261905
315546,0.5309811
315553,0.5921273
315569,0.801692
315571,0.2189974
315574,0.43879074
315580,0.28393766
315587,0.2709041
315609,0.3682291
315610,0.28908774
315617,0.51132613
315623,0.18514144
315629,0.2431126
315635,0.4395479
315637,0.23316965
315641,0.28919134
315644,0.3200185
315654,0.6874308
315662,0.2301446
315663,0.58257496
315673,0.4025537
315677,0.29820037
315679,0.47275814
315680,0.7528078
315681,0.18049204
315682,0.5242796
315684,0.4534751
315693,0.37318373
315701,0.30197424
315705,0.62510806
315706,0.27757415
315711,0.5480155
315714,0.5759714
315725,0.57685214
315738,0.455972
315740,0.47118804
315749,0.71299857
315753,0.19053453
315757,0.2956028
315778,0.47975278
315781,0.34436086
315793,0.28273016
315813,0.39719954
315822,0.2288766
315827,0.44603723
315831,0.17353131
315843,0.64584994
315857,0.59803176
315864,0.5863474
315869,0.43927354
315870,0.26826566
315878,0.65511996
315891,0.63621527
315894,0.629583
315895,0.5501259
315903,0.27372614
315917,0.36091498
315920,0.14992641
315937,0.412653
315938,0.28202856
315947,0.5498132
315970,0.6910992
315971,0.19860579
315974,0.2680757
315984,0.4633178
315985,0.5446044
315988,0.14330362
315993,0.5545717
315995,0.73769486
315997,0.12927683
316000,0.21966621
316009,0.3310895
316011,0.5118314
316014,0.25701728
316021,0.26234323
316022,0.36303416
316023,0.38838035
316060,0.2815273
316063,0.3162762
316065,0.7498439
316066,0.33178627
316077,0.65801
316083,0.0975193
316093,0.31914136
316100,0.11100596
316110,0.10851863
316118,0.2175984
316135,0.12628123
316139,0.69427484
316154,0.5863311
316156,0.11480264
316171,0.46684265
316173,0.21261442
316186,0.29335916
316188,0.2029212
316190,0.59077775
316195,0.5678777
316205,0.32619208
316214,0.37101594
316216,0.4395609
316220,0.3422266
316222,0.27500144
316224,0.49012172
316226,0.10605586
316230,0.3025648
316248,0.67568916
316258,0.64676976
316269,0.51478434
316270,0.26865667
316279,0.44860315
316286,0.33106247
316295,0.45686257
316297,0.13366364
316305,0.20056501
316312,0.25669655
316313,0.14031224
316314,0.56609446
316320,0.43381223
316321,0.27386695
316328,0.40437347
316329,0.28663132
316334,0.26124546
316364,0.14916044
316372,0.14579661
316382,0.15283726
316407,0.14232893
316411,0.7872529
316433,0.60563755
316435,0.32902429
316441,0.6439359
316456,0.13470554
316457,0.48223296
316462,0.465179
316465,0.15015078
316466,0.44327748
316468,0.27617496
316469,0.29257256
316479,0.48142216
316481,0.27438444
316484,0.3071057
316502,0.55116004
316517,0.43212685
316525,0.4272696
316531,0.101766385
316546,0.25410005
316549,0.4361252
316557,0.1065131
316561,0.60232633
316564,0.4847126
316565,0.46620017
316594,0.65854055
316595,0.5570052
316600,0.17758982
316625,0.16419873
316645,0.53375506
316647,0.5760248
316659,0.50864774
316683,0.58040327
316694,0.503596
316697,0.09716664
316701,0.20758167
316702,0.14453654
316703,0.25338167
316718,0.6030164
316723,0.45357183
316748,0.6428621
316756,0.24737407
316758,0.45983347
316763,0.36989373
316764,0.68852335
316768,0.31218776
316769,0.23077671
316772,0.31882954
316777,0.61661834
316781,0.12610097
316785,0.6735316
316786,0.25860378
316815,0.81480974
316816,0.5843422
316828,0.3031229
316831,0.15387973
316837,0.086852945
316843,0.5427604
316849,0.3968296
316854,0.24283722
316862,0.24487402
316867,0.16269572
316902,0.30706492
316903,0.16984122
316906,0.3564791
316914,0.28877848
316915,0.21532696
316923,0.23142008
316928,0.4740519
316930,0.43545607
316932,0.8337741
316940,0.19824035
316947,0.22719885
316948,0.22055963
316977,0.51902753
316983,0.5354798
316987,0.5706187
317003,0.49953315
317005,0.23873898
317035,0.2745291
317036,0.1363893
317043,0.3719611
317048,0.2701636
317056,0.26422644
317065,0.21534742
317079,0.26241305
317080,0.23114133
317083,0.4087246
317087,0.28260925
317103,0.24643558
317117,0.74059665
317119,0.37152076
317125,0.40567282
317126,0.49867487
317134,0.56805295
317138,0.2214549
317142,0.2499736
317150,0.1546556
317184,0.6128952
317190,0.38216817
317196,0.26736796
317197,0.42090014
317206,0.353641
317210,0.25411877
317221,0.39415565
317226,0.49977088
317227,0.5266332
317236,0.21674852
317237,0.61932325
317241,0.12170628
317249,0.37221938
317256,0.23325557
317282,0.34195927
317294,0.3362035
317298,0.4406289
317300,0.2190425
317307,0.38656902
317311,0.19260484
317318,0.20292695
317322,0.27459198
317323,0.69197726
317332,0.26068708
317338,0.24020983
317346,0.24561733
317347,0.21823351
317349,0.52927196
317354,0.8106946
317369,0.6830594
317386,0.37351912
317389,0.21916658
317410,0.49043638
317411,0.5132877
317422,0.30842724
317434,0.24082607
317446,0.3013212
317449,0.44746038
317455,0.54212224
317469,0.05185128
317475,0.23817204
317476,0.22719912
317487,0.44823697
317488,0.3613768
317499,0.4585396
317500,0.2476657
317506,0.28747928
317515,0.31897622
317518,0.39216542
317520,0.7579113
317546,0.5297262
317549,0.6515469
317554,0.26787698
317565,0.27474433
317579,0.47808525
317591,0.24515526
317592,0.65851915
317593,0.5112876
317594,0.35423222
317601,0.6235612
317603,0.59873235
317606,0.5769727
317608,0.3886333
317611,0.39286548
317618,0.3887517
317628,0.41336584
317629,0.5342272
317642,0.39524928
317644,0.20971277
317648,0.5839595
317650,0.29264742
317665,0.40896878
317675,0.32403758
317695,0.7131338
317696,0.39857903
317704,0.5252713
317713,0.16572046
317730,0.59797597
317735,0.5882012
317736,0.39194083
317738,0.7227474
317747,0.5126523
317764,0.43136734
317765,0.6826852
317772,0.7608741
317774,0.24106838
317786,0.21827693
317788,0.2453618
317806,0.6452867
317809,0.7010058
317811,0.14641754
317814,0.45966533
317815,0.6781402
317830,0.51544505
317835,0.47967783
317843,0.62038493
317856,0.6134202
317863,0.7254265
317876,0.7736564
317889,0.4192582
317902,0.65851307
317910,0.14697841
317914,0.42866123
317933,0.32117698
317936,0.58585125
317940,0.32641542
317944,0.42587793
317952,0.40484685
317955,0.54200315
317958,0.13656454
317965,0.29746664
317966,0.6053288
317978,0.30890238
318000,0.20725113
318007,0.65036714
318008,0.57728153
318012,0.24644467
318016,0.19019485
318019,0.5332161
318020,0.29860467
318021,0.2237203
318025,0.49023688
318036,0.3198287
318044,0.2992045
318055,0.12310269
318056,0.642272
318057,0.66374785
318065,0.62609017
318075,0.29077372
318081,0.83306515
318094,0.13593465
318096,0.12625687
318104,0.4199486
318105,0.25478002
318109,0.6542188
318113,0.24994434
318121,0.62788033
318122,0.61896205
318126,0.4077431
318127,0.37828958
318131,0.5162973
318135,0.49681842
318155,0.17365794
318156,0.21159129
318161,0.22556025
318164,0.56333584
318169,0.5762721
318173,0.61973834
318176,0.69671273
318177,0.45149437
318181,0.28068763
318187,0.36289835
318193,0.4416297
318203,0.3931864
318206,0.23685047
318214,0.35170093
318220,0.25291175
318232,0.512779
318250,0.63598067
318251,0.43283215
318252,0.16436946
318254,0.1968681
318260,0.19883661
318261,0.100107804
318263,0.4928094
318264,0.4815052
318266,0.23916738
318267,0.40370637
318268,0.4202015
318270,0.28992847
318274,0.5021571
318282,0.42970738
318286,0.33476964
318292,0.11803059
318297,0.18489899
318320,0.37717423
318337,0.26389098
318343,0.44042706
318347,0.458182
318351,0.60638493
318357,0.8616166
318360,0.13348211
318384,0.09879199
318385,0.24652764
318387,0.5441777
318390,0.44567636
318391,0.2771758
318393,0.15682529
318406,0.12698942
318408,0.8302464
318410,0.724759
318424,0.5502852
318428,0.5082392
318432,0.42086387
318433,0.6946076
318445,0.61213815
318452,0.7642966
318467,0.4780056
318473,0.60708034
318480,0.5547901
318486,0.61251265
318496,0.1419508
318505,0.7420941
318511,0.6096461
318517,0.21788402
318522,0.37797666
318527,0.33909622
318530,0.24844275
318531,0.5511673
318533,0.13620897
318535,0.16478765
318536,0.4921526
318548,0.48292282
318551,0.24401875
318557,0.6118527
318576,0.20846294
318581,0.7143549
318607,0.5175013
318609,0.48701593
318615,0.78357464
318634,0.6206142
318640,0.7244959
318651,0.7315411
318657,0.6501279
318669,0.46671715
318674,0.3722905
318675,0.31978765
318686,0.2763262
318694,0.19174743
318760,0.44557893
318762,0.12119999
318763,0.07505249
318765,0.34465575
318766,0.3706401
318769,0.7041232
318775,0.3630343
318782,0.23957069
318786,0.7670304
318792,0.071915604
318801,0.5435925
318802,0.26517415
318803,0.30898017
318805,0.46163678
318813,0.6934514
318817,0.4807224
318821,0.34576353
318827,0.595104
318834,0.5780044
318835,0.14816353
318851,0.23134284
318857,0.094684504
318862,0.32735747
318874,0.6336543
318878,0.28905663
318897,0.20938836
318909,0.82763183
318924,0.38782075
318927,0.33645836
318942,0.66888285
318946,0.49825138
318957,0.6755107
318959,0.19686949
318975,0.14796601
318982,0.15281527
318987,0.10938321
318993,0.08892418
318995,0.3086589
318996,0.15497032
318997,0.3881173
318999,0.37629613
319012,0.8491536
319014,0.5189892
319018,0.26826614
319020,0.66503525
319048,0.3668307
319052,0.576759
319067,0.3421202
319083,0.31106403
319088,0.21193051
319089,0.5102199
319090,0.887865
319096,0.32349196
319099,0.36402398
319108,0.23531361
319116,0.4856786
319117,0.43748322
319119,0.3600183
319126,0.6893674
319133,0.6479701
319135,0.4954194
319137,0.229158
319143,0.59545666
319168,0.56159264
319170,0.22053511
319174,0.16871555
319181,0.13018647
319192,0.13006246
319193,0.1962294
319198,0.30183455
319211,0.16786407
319219,0.4246951
319220,0.29115143
319226,0.48106658
319240,0.434356
319248,0.28703272
319257,0.32186398
319261,0.48563543
319264,0.23599847
319268,0.24805187
319289,0.53892255
319292,0.17249747
319295,0.5250244
319302,0.23522224
319308,0.5765021
319310,0.61980104
319313,0.33610156
319322,0.15566848
319329,0.10860199
319331,0.3647295
319334,0.46246743
319346,0.20308003
319352,0.77633494
319358,0.70732224
319363,0.30192554
319365,0.5354998
319370,0.15451755
319371,0.63467103
319372,0.23640612
319385,0.42738193
319387,0.13590336
319393,0.264642
319396,0.43847814
319406,0.29675955
319439,0.16400416
319440,0.5402637
319441,0.88351816
319462,0.35123992
319471,0.31599024
319475,0.13736385
319476,0.4530927
319486,0.4582921
319487,0.45879447
319489,0.5716005
319491,0.44324872
319494,0.31071502
319496,0.63121665
319512,0.26289454
319519,0.1939922
319522,0.20546803
319530,0.40925923
319540,0.12789859
319547,0.33707926
319549,0.31459802
319559,0.28432056
319561,0.20380406
319566,0.2461186
319569,0.37735
319574,0.46087757
319579,0.31306875
319580,0.4572494
319582,0.27400544
319583,0.44913363
319585,0.5286211
319598,0.32303032
319600,0.28598595
319602,0.13132729
319603,0.36711246
319604,0.16347322
319608,0.28619823
319622,0.45363933
319623,0.5888586
319625,0.23872001
319628,0.4991225
319637,0.51087296
319639,0.35420927
319658,0.40578106
319669,0.38634324
319677,0.42776036
319683,0.5831778
319688,0.22876301
319697,0.31469566
319700,0.36196557
319727,0.6310993
319747,0.3632802
319751,0.29564536
319758,0.27565044
319759,0.4669188
319765,0.3112137
319768,0.33988276
319774,0.5329852
319776,0.41471896
319777,0.2649941
319785,0.46295595
319789,0.3007789
319792,0.26098046
319799,0.21706259
319814,0.12059655
319815,0.2613818
319822,0.47257558
319829,0.4330989
319836,0.49994087
319837,0.2553141
319839,0.6168759
319843,0.22464493
319860,0.7099632
319876,0.7444225
319877,0.25588915
319887,0.39306936
319889,0.1748755
319892,0.46415195
319893,0.37820494
319897,0.34707004
319898,0.36319786
319911,0.53543097
319917,0.2965145
319923,0.29704988
319927,0.3158317
319929,0.60578537
319931,0.78912747
319948,0.38708758
319949,0.33842552
319992,0.31904176
319999,0.24212751
320001,0.6168868
320003,0.20821232
320004,0.76147217
320011,0.588426
320012,0.24631025
320021,0.67319995
320026,0.38498256
320034,0.20407796
320041,0.8530475
320042,0.4043048
320046,0.33483458
320056,0.20576073
320062,0.3246419
320093,0.5763134
320094,0.50865144
320101,0.5049175
320114,0.5180438
320126,0.34775844
320128,0.25309673
320137,0.38253006
320149,0.36306813
320165,0.18671669
320172,0.44530663
320173,0.67916363
320175,0.71002734
320179,0.5703474
320181,0.24832714
320191,0.2688619
320192,0.23083194
320195,0.25758767
320199,0.42180228
320202,0.25822708
320203,0.7590563
320205,0.32707673
320224,0.53343487
320227,0.67559826
320228,0.34764364
320248,0.8313606
320252,0.1654277
320254,0.47860143
320259,0.3605517
320267,0.7549232
320276,0.16296944
320287,0.63729566
320291,0.31751868
320295,0.4625341
320297,0.22798379
320305,0.74124897
320321,0.80866367
320331,0.7006367
320336,0.5822689
320341,0.44725466
320344,0.42928085
320356,0.11914236
320362,0.40293178
320369,0.24887645
320379,0.42772895
320387,0.2816145
320397,0.19121194
320412,0.2662475
320421,0.42472804
320428,0.6920704
320429,0.6925795
320430,0.46026558
320434,0.24368384
320453,0.1680454
320462,0.28985262
320469,0.20729475
320475,0.24870008
320478,0.50396967
320484,0.27994952
320494,0.13983306
320499,0.1769505
320541,0.6887356
320550,0.32371598
320561,0.18946049
320562,0.61542976
320564,0.27216277
320566,0.78055334
320568,0.39886135
320593,0.22983657
320609,0.27097282
320614,0.43209422
320621,0.13567513
320639,0.8021322
320640,0.48736906
320656,0.3166049
320657,0.35864344
320670,0.3450938
320672,0.13252185
320691,0.46894085
320693,0.15849431
320698,0.32820746
320699,0.3263557
320704,0.28030336
320709,0.1360206
320711,0.158864
320724,0.6032797
320737,0.3829625
320744,0.28056815
320747,0.2540842
320750,0.7189475
320752,0.3745449
320760,0.59687304
320765,0.725408
320767,0.23550797
320778,0.83919144
320784,0.17100674
320789,0.5194087
320793,0.0757392
320795,0.6705017
320805,0.5465601
320806,0.68588287
320823,0.59710586
320828,0.57515174
320833,0.60222125
320843,0.44054732
320846,0.23018806
320851,0.67595005
320852,0.2437864
320869,0.26327184
320873,0.70805025
320890,0.26776943
320905,0.63168895
320912,0.61297596
320914,0.16808276
320915,0.11556696
320920,0.3633587
320924,0.30175433
320925,0.30713356
320936,0.5915662
320937,0.20335142
320940,0.60325354
320943,0.4580947
320954,0.19701338
320959,0.53878516
320960,0.2224873
320966,0.36974308
320968,0.13969572
320975,0.2933537
320978,0.19369015
320979,0.35817012
320981,0.20066303
320987,0.3800358
320989,0.46205488
321009,0.7942466
321021,0.58574104
321035,0.70039356
321038,0.47790313
321039,0.7136471
321051,0.1529672
321058,0.23548181
321066,0.838603
321075,0.6666903
321092,0.15922669
321098,0.77791345
321107,0.64381343
321116,0.8045894
321118,0.17586896
321124,0.24913634
321131,0.29421073
321134,0.65902436
321140,0.5203144
321143,0.5065712
321145,0.22981395
321150,0.21527193
321151,0.24760368
321153,0.5997458
321154,0.31468254
321156,0.26237825
321160,0.23324496
321176,0.3751559
321183,0.501049
321187,0.43518424
321196,0.20713042
321197,0.5031827
321204,0.6869505
321208,0.41179308
321209,0.37514076
321223,0.34784392
321226,0.11091824
321227,0.18940488
321236,0.55185896
321249,0.61595565
321250,0.33916894
321253,0.25231838
321256,0.33992648
321276,0.6028474
321298,0.46881735
321303,0.12700169
321309,0.43745744
321313,0.5698929
321322,0.7738376
321345,0.34999508
321350,0.36010337
321355,0.38311586
321358,0.44655475
321370,0.5785954
321377,0.7633175
321385,0.74658096
321398,0.49764732
321401,0.16077729
321415,0.30878323
321416,0.8937344
321419,0.20085235
321427,0.22652422
321433,0.11255361
321439,0.63367987
321455,0.37858924
321463,0.6335164
321465,0.41216645
321480,0.14695846
321486,0.24302886
321498,0.521444
321502,0.67977273
321510,0.29038835
321524,0.2674049
321526,0.7092226
321528,0.47956914
321533,0.7639571
321536,0.52643603
321548,0.6247202
321557,0.29292804
321564,0.42502543
321567,0.21923044
321602,0.46724385
321625,0.5714061
321627,0.32897356
321640,0.29635012
321645,0.1744918
321648,0.44902125
321649,0.50740266
321652,0.41367045
321659,0.4506104
321667,0.18716577
321676,0.34797075
321696,0.30644086
321697,0.57592815
321702,0.2600839
321704,0.24067616
321706,0.38398787
321710,0.22456549
321722,0.41565922
321760,0.37786448
321770,0.51077676
321779,0.29987714
321784,0.5322765
321786,0.5865912
321792,0.43955263
321795,0.5385998
321801,0.5313398
321804,0.16161662
321806,0.4108758
321807,0.48754576
321808,0.86141765
321809,0.29521248
321825,0.3709
321828,0.52805233
321843,0.49974263
321848,0.33640757
321854,0.41237417
321869,0.53561616
321870,0.5525601
321887,0.17104222
321896,0.30528426
321898,0.607959
321908,0.28540733
321910,0.25636363
321915,0.54583716
321919,0.5561758
321922,0.24516466
321928,0.6800056
321929,0.37790158
321932,0.59183645
321934,0.74671924
321936,0.76978767
321956,0.23465006
321957,0.58575565
321965,0.10245324
321970,0.29264346
321974,0.24430437
321980,0.3001545
321985,0.14694689
321992,0.2752659
321999,0.3106356
322005,0.10953608
322018,0.3376024
322020,0.19952284
322021,0.6156734
322023,0.18315673
322024,0.35508853
322039,0.111624725
322054,0.53614545
322061,0.2805205
322082,0.14367339
322088,0.68641794
322093,0.42378277
322105,0.5550995
322111,0.25570464
322113,0.6189701
322117,0.2677197
322120,0.21906018
322123,0.44272864
322132,0.47758192
322136,0.69596785
322141,0.4550634
322147,0.67039984
322169,0.477202
322170,0.5856962
322172,0.53886116
322196,0.25926137
322198,0.69195056
322217,0.43156567
322226,0.5879586
322227,0.236019
322229,0.25613713
322242,0.34093165
322244,0.15529293
322249,0.26244798
322250,0.5160029
322253,0.21850635
322254,0.7299725
322267,0.09942065
322269,0.32458165
322274,0.8045375
322285,0.7937719
322309,0.5176628
322320,0.26761895
322327,0.3060986
322331,0.46388844
322332,0.44107804
322334,0.7629572
322339,0.6410668
322348,0.7179998
322350,0.8712399
322354,0.6552044
322356,0.32128578
322367,0.6358667
322369,0.37290856
322372,0.5924455
322374,0.41068307
322383,0.57300043
322388,0.7931171
322393,0.24842177
322395,0.3540469
322407,0.09063156
322413,0.24680562
322416,0.10938205
322419,0.1953418
322424,0.39414796
322432,0.23231846
322442,0.22756188
322447,0.36038297
322448,0.61288315
322460,0.35408625
322461,0.8172017
322468,0.19157052
322472,0.80475926
322473,0.73138076
322488,0.3296397
322490,0.45976967
322491,0.32293054
322497,0.43751234
322503,0.61855775
322521,0.7051777
322525,0.662498
322533,0.49715042
322549,0.55984443
322561,0.36331266
322566,0.36189052
322570,0.8240008
322574,0.31154427
322578,0.08734828
322579,0.49663886
322586,0.28976807
322596,0.41422778
322598,0.48210767
322603,0.6376623
322614,0.32531372
322626,0.15921538
322630,0.43491012
322639,0.71216893
322640,0.289443
322642,0.42087948
322651,0.36395127
322652,0.69810146
322656,0.12505007
322662,0.31952924
322664,0.522
322681,0.8141134
322684,0.24188836
322685,0.5526553
322711,0.6182328
322717,0.4551934
322719,0.49582118
322730,0.47409073
322740,0.16714144
322743,0.58664346
322749,0.06475915
322757,0.3065541
322759,0.52704376
322760,0.31609184
322770,0.11098174
322786,0.50992584
322797,0.5059971
322800,0.52431905
322815,0.16077241
322831,0.32454506
322835,0.5773729
322841,0.2863488
322845,0.22926323
322846,0.18973278
322851,0.6176297
322852,0.19750772
322877,0.30270404
322880,0.41240424
322893,0.60608643
322911,0.3905926
322928,0.78298104
322934,0.62381864
322938,0.7399665
322950,0.3539889
322959,0.24106254
322961,0.47503898
322965,0.6176875
322966,0.27348483
322968,0.19898584
322977,0.27642256
322979,0.46711802
322986,0.57709485
322990,0.45512998
322998,0.42622423
323005,0.31029657
323008,0.25713846
323014,0.39007375
323015,0.16580084
323025,0.42779028
323030,0.40061212
323033,0.27311164
323036,0.40022734
323043,0.4739544
323049,0.24112643
323051,0.8109217
323053,0.32774812
323056,0.51330394
323059,0.52181375
323076,0.3840925
323088,0.48478708
323108,0.7682171
323112,0.2614569
323127,0.19844498
323135,0.4488691
323137,0.38921806
323141,0.42632788
323142,0.3913801
323147,0.69641787
323150,0.71603835
323153,0.53394926
323156,0.5559176
323161,0.33097014
323171,0.16749509
323173,0.4406052
323176,0.19839227
323184,0.47152835
323189,0.53486586
323193,0.29286796
323209,0.5706868
323218,0.73047763
323224,0.82172775
323235,0.55484605
323236,0.38228437
323242,0.22611159
323252,0.27929926
323253,0.74988914
323254,0.09897303
323271,0.23390938
323276,0.5112841
323278,0.38370284
323281,0.1812964
323285,0.32346398
323289,0.5178119
323292,0.21345972
323297,0.604398
323312,0.2439059
323318,0.09337834
323319,0.19173868
323324,0.39572915
323325,0.60717285
323328,0.60004467
323334,0.31398308
323338,0.56297123
323340,0.43860415
323343,0.6397867
323354,0.18531506
323373,0.22587779
323376,0.3243956
323381,0.4966266
323382,0.34579125
323383,0.6479951
323387,0.34768572
323394,0.33569726
323398,0.30452222
323405,0.53262883
323407,0.64366275
323428,0.8925632
323436,0.51547533
323451,0.5354947
323455,0.40331793
323463,0.21149988
323466,0.45087525
323475,0.3562273
323477,0.31952837
323481,0.12106931
323485,0.2747575
323488,0.27602974
323493,0.37291667
323494,0.30891803
323505,0.33481476
323506,0.39888087
323509,0.16042584
323518,0.2581232
323530,0.5438292
323539,0.20896058
323549,0.15195684
323557,0.43915606
323568,0.62500453
323569,0.23716372
323571,0.30556655
323573,0.6134693
323585,0.24221615
323588,0.3646692
323599,0.723521
323615,0.09010843
323617,0.36352676
323620,0.7530587
323636,0.44342276
323665,0.2868512
323670,0.13707156
323675,0.20821668
323688,0.3400784
323693,0.23052213
323694,0.3841886
323696,0.3659561
323710,0.3999344
323716,0.5947643
323718,0.4745042
323719,0.22611925
323720,0.3130591
323722,0.33523983
323729,0.5100447
323738,0.3090987
323740,0.30601457
323787,0.19285098
323795,0.31086844
323801,0.13055435
323810,0.2935575
323822,0.41444013
323825,0.51664513
323833,0.38415492
323860,0.11785176
323871,0.1551445
323879,0.48130435
323888,0.5027728
323891,0.8627169
323894,0.4390456
323909,0.18247303
323911,0.44496122
323920,0.71481425
323923,0.46722734
323930,0.2668288
323935,0.33946216
323937,0.653398
323938,0.35422093
323948,0.56633055
323956,0.4596079
323962,0.6460226
323964,0.19143549
323966,0.23044811
323970,0.1557676
323972,0.20999655
323977,0.33707833
323985,0.60209656
323989,0.28447822
323994,0.28853914
324010,0.34769955
324020,0.47539592
324033,0.42139462
324052,0.5564015
324055,0.17202209
324075,0.11985342
324087,0.6682099
324088,0.13127938
324091,0.36738536
324104,0.43403462
324109,0.5678254
324114,0.21776587
324118,0.3321088
324125,0.5988887
324130,0.6344886
324146,0.3080943
324149,0.39399415
324156,0.16188584
324170,0.33515096
324171,0.4077892
324172,0.26153004
324178,0.8282375
324180,0.4237358
324220,0.10120233
324222,0.23574896
324227,0.5213071
324229,0.60320264
324230,0.40138036
324235,0.33238286
324243,0.33525544
324247,0.84370375
324264,0.70145833
324269,0.53048766
324270,0.26331067
324271,0.51871383
324291,0.7230848
324293,0.24706809
324296,0.57808053
324298,0.60415095
324302,0.6926436
324305,0.1463164
324310,0.22257473
324325,0.27392295
324339,0.22023536
324345,0.35871097
324347,0.47110984
324356,0.15431124
324383,0.40476683
324387,0.39913327
324393,0.49177712
324400,0.3247661
324401,0.21726444
324412,0.36796278
324414,0.17903565
324415,0.6283167
324416,0.33999506
324420,0.68493944
324437,0.12700205
324445,0.83452344
324464,0.6868868
324472,0.38332698
324496,0.5100006
324499,0.27687147
324512,0.33512694
324544,0.57003313
324545,0.38953638
324552,0.41404253
324553,0.4276728
324558,0.726859
324559,0.30264366
324572,0.34392497
324582,0.49295956
324595,0.7405343
324596,0.7195629
324598,0.5570544
324614,0.63863915
324620,0.75010157
324621,0.27652168
324624,0.53003234
324651,0.578182
324655,0.78358245
324669,0.1529339
324674,0.84622806
324677,0.40294078
324681,0.47195157
324689,0.20380555
324708,0.15995239
324714,0.76609313
324716,0.71844596
324719,0.33938682
324731,0.64560765
324733,0.59217227
324741,0.77399725
324745,0.38207826
324747,0.51435065
324748,0.091945134
324764,0.613142
324772,0.45546073
324788,0.5056757
324795,0.23071294
324801,0.20507132
324811,0.3618008
324816,0.823294
324821,0.5787631
324825,0.1706573
324840,0.7416795
324841,0.51405996
324854,0.3194756
324866,0.2730343
324884,0.5532512
324894,0.5869931
324895,0.37737247
324913,0.25833464
324914,0.21793479
324944,0.6259356
324949,0.72059137
324978,0.24703099
324983,0.18894169
324987,0.5536208
324995,0.0962857
325000,0.27785495
325001,0.7264241
325005,0.26332054
325017,0.30517846
325019,0.56698686
325020,0.2027951
325021,0.75101054
325041,0.4272823
325063,0.8606125
325066,0.33772686
325070,0.46121642
325102,0.6588531
325117,0.2347836
325121,0.58749866
325136,0.31659955
325153,0.27338317
325157,0.20345649
325158,0.44721615
325163,0.4528281
325180,0.5294419
325181,0.21962628
325185,0.7922114
325194,0.5704643
325196,0.5154471
325206,0.36303508
325212,0.21031228
325217,0.5808156
325218,0.60781044
325223,0.46428898
325238,0.82052886
325254,0.5929088
325258,0.3819801
325268,0.32717478
325269,0.6492202
325275,0.25803044
325277,0.39379874
325282,0.339066
325284,0.18515112
325289,0.368505
325291,0.7621056
325300,0.4934655
325303,0.43540967
325306,0.11996271
325313,0.2131324
325316,0.35874772
325318,0.15677069
325332,0.39622328
325344,0.57282245
325354,0.39168397
325360,0.12192948
325364,0.19339319
325375,0.7223601
325377,0.16067943
325380,0.13575965
325390,0.68559504
325392,0.15191744
325395,0.4967752
325411,0.25037086
325412,0.51104003
325420,0.35927516
325424,0.15779921
325433,0.42745832
325438,0.1762628
325439,0.14499326
325443,0.50411755
325454,0.37469783
325464,0.4249984
325473,0.23881195
325476,0.17785583
325495,0.5600065
325525,0.2405132
325529,0.27728498
325552,0.22388868
325553,0.61807704
325564,0.30253145
325565,0.6468414
325580,0.3506133
325590,0.83246297
325591,0.24521555
325596,0.44927546
325601,0.22462125
325602,0.53871965
325623,0.1733565
325625,0.41201714
325641,0.8181749
325645,0.4101667
325657,0.5701034
325680,0.23155367
325691,0.38004413
325701,0.5103971
325710,0.514086
325712,0.36015192
325714,0.5963608
325716,0.46016636
325724,0.697078
325744,0.45984185
325751,0.71529156
325757,0.19982718
325765,0.3900777
325767,0.8577907
325770,0.69395524
325778,0.42066976
325784,0.37170774
325791,0.42873052
325809,0.6254657
325814,0.6762813
325817,0.5435557
325820,0.7343366
325822,0.50955
325830,0.37220544
325832,0.75603235
325840,0.53655237
325849,0.27501145
325852,0.35832494
325859,0.22611116
325864,0.44158587
325865,0.6953469
325879,0.36814475
325890,0.20547993
325899,0.15178798
325908,0.28669387
325916,0.37369445
325918,0.3364561
325919,0.19165024
325922,0.3952466
325925,0.2976036
325934,0.26397815
325939,0.1396225
325942,0.16948791
325948,0.7862337
325954,0.4211808
325962,0.33304325
325966,0.5811468
325969,0.2436612
325971,0.16935013
325972,0.086768106
325976,0.39623684
325981,0.202755
325992,0.5097155
326013,0.42534837
326017,0.43989003
326019,0.26571047
326027,0.539295
326028,0.2563331
326033,0.2735188
326041,0.27504277
326043,0.34834063
326049,0.3842448
326054,0.4187149
326057,0.707293
326074,0.13930278
326078,0.48509645
326083,0.38799265
326084,0.09995655
326085,0.5786136
326087,0.1368841
326088,0.6971573
326102,0.8479113
326117,0.2167004
326145,0.63683474
326150,0.42460594
326160,0.5843431
326166,0.3385801
326170,0.19083029
326180,0.297712
326182,0.6989606
326186,0.13908349
326188,0.7105773
326190,0.82552975
326196,0.7703493
326199,0.6258125
326201,0.6525064
326204,0.24233209
326209,0.25796685
326211,0.36183476
326218,0.5210175
326239,0.39359564
326259,0.48392949
326260,0.39882183
326284,0.5058889
326289,0.46813726
326290,0.19773327
326295,0.46259704
326299,0.69206727
326305,0.25010094
326309,0.37914166
326323,0.30159533
326364,0.29993153
326369,0.15718482
326385,0.21329395
326410,0.35518286
326411,0.05876578
326418,0.494311
326428,0.4415755
326435,0.6188867
326437,0.32411486
326438,0.40500504
326451,0.3266479
326464,0.7761438
326471,0.24971452
326472,0.8387236
326475,0.5624694
326477,0.19969895
326480,0.18392222
326486,0.35445875
326502,0.35568875
326506,0.7739669
326513,0.2867448
326516,0.21062298
326528,0.38758335
326530,0.25142306
326531,0.37922558
326532,0.114461415
326538,0.22343268
326551,0.34098795
326559,0.19393855
326576,0.5113064
326577,0.5577845
326602,0.45642224
326606,0.29657957
326618,0.60585517
326620,0.21644567
326624,0.48852396
326639,0.5065288
326647,0.81878406
326652,0.66670996
326661,0.6316469
326667,0.582956
326670,0.4479204
326672,0.41908458
326693,0.623841
326704,0.2926858
326723,0.3592452
326734,0.3305952
326738,0.72072387
326746,0.3293404
326753,0.20240423
326754,0.14249997
326763,0.68899465
326779,0.31084755
326785,0.5672631
326786,0.12921187
326787,0.6359503
326789,0.2739673
326799,0.25324103
326802,0.31962606
326804,0.3200724
326823,0.3733511
326827,0.41725814
326833,0.5210649
326838,0.46071467
326842,0.3212185
326856,0.74810106
326867,0.17047709
326870,0.15822233
326871,0.4981212
326875,0.39434925
326879,0.47235408
326884,0.37557894
326900,0.39328218
326904,0.11091767
326905,0.60839856
326917,0.29798362
326919,0.3394132
326921,0.71306556
326929,0.4052955
326942,0.5538408
326944,0.2680604
326953,0.58116996
326968,0.36352038
326985,0.3554262
326987,0.5235529
326988,0.25343546
326994,0.28977984
327005,0.2581404
327010,0.48923948
327017,0.5357393
327026,0.6510843
327030,0.13554707
327031,0.23235488
327045,0.6422456
327054,0.11175524
327078,0.30484852
327080,0.1870412
327087,0.8684054
327137,0.38616905
327147,0.5732905
327150,0.44113564
327153,0.42722833
327160,0.42553034
327164,0.11172395
327169,0.6455893
327187,0.67338324
327188,0.4184154
327189,0.27144757
327194,0.18517514
327196,0.72246987
327202,0.59245735
327207,0.1611302
327215,0.22798748
327216,0.4698898
327220,0.4887708
327222,0.3150737
327230,0.4274514
327231,0.7532272
327238,0.5090009
327247,0.09815555
327262,0.34270582
327265,0.20347708
327267,0.14093429
327273,0.09235004
327276,0.5500239
327280,0.5372671
327287,0.4800996
327301,0.5528102
327307,0.4740333
327309,0.6869429
327316,0.55607516
327327,0.57953405
327334,0.7154029
327335,0.48982546
327338,0.1604873
327341,0.29870024
327350,0.11615806
327355,0.15698516
327370,0.22312541
327386,0.27433893
327391,0.68654275
327393,0.7285261
327408,0.42024627
327415,0.829669
327431,0.48230314
327445,0.12144003
327449,0.56313044
327457,0.6276744
327488,0.11893991
327489,0.2659939
327523,0.3671392
327537,0.30537713
327550,0.6836442
327556,0.18494637
327562,0.07665565
327567,0.6597593
327587,0.43193394
327594,0.42277008
327602,0.34038436
327604,0.32018813
327609,0.45540366
327618,0.38007396
327620,0.32314566
327626,0.69904286
327628,0.19350044
327629,0.6926014
327631,0.47919548
327633,0.332718
327638,0.09235368
327665,0.10575289
327689,0.28706124
327697,0.3198504
327702,0.40267
327704,0.48547456
327723,0.3790821
327726,0.19317916
327732,0.6367416
327739,0.4691266
327750,0.113591686
327751,0.22393876
327765,0.65715617
327766,0.24687198
327771,0.24355842
327772,0.7838364
327774,0.6590623
327784,0.25327995
327789,0.07507232
327794,0.17314845
327799,0.5464515
327803,0.42636666
327817,0.27569324
327819,0.29193228
327823,0.5160668
327828,0.8978639
327834,0.615279
327835,0.24120438
327866,0.83147365
327871,0.27747893
327886,0.38782096
327900,0.3806759
327901,0.6453432
327904,0.21148127
327906,0.60468364
327908,0.35730013
327909,0.19459485
327914,0.7254684
327917,0.7288802
327928,0.56328213
327947,0.21326882
327949,0.3318656
327952,0.4429622
327954,0.26054865
327962,0.30281615
327964,0.7484163
327985,0.25340122
327996,0.4367438
327997,0.35516277
328013,0.18473129
328017,0.58708906
328027,0.34931958
328029,0.574613
328042,0.624542
328043,0.13692525
328064,0.61551744
328072,0.121559456
328074,0.6938761
328080,0.33446604
328086,0.46123043
328122,0.30770025
328126,0.082807034
328127,0.5311903
328142,0.15950193
328144,0.2821877
328150,0.57268137
328154,0.65439874
328160,0.35796314
328171,0.4359674
328179,0.52540773
328192,0.15100451
328195,0.37201342
328196,0.27177826
328201,0.17500731
328203,0.3286009
328217,0.56801224
328218,0.23388277
328228,0.6505506
328231,0.5596363
328246,0.3973378
328252,0.33626667
328255,0.49048236
328264,0.21927278
328281,0.33780566
328282,0.09605592
328291,0.48785943
328303,0.19150458
328305,0.7092594
328313,0.32696626
328336,0.58493495
328340,0.2114043
328343,0.35429946
328368,0.83737046
328372,0.10973566
328381,0.49959704
328383,0.55657625
328385,0.19149244
328393,0.34406
328395,0.42485735
328409,0.22434305
328424,0.43572557
328427,0.54719996
328456,0.5273725
328463,0.54753655
328489,0.5496593
328491,0.27613476
328509,0.18606426
328516,0.6843521
328524,0.19884561
328535,0.33998555
328536,0.17345785
328539,0.2231075
328542,0.84504247
328545,0.7475606
328549,0.56602186
328554,0.22566257
328558,0.45690423
328571,0.3312301
328576,0.4060151
328578,0.48276767
328588,0.6833035
328601,0.19398706
328604,0.61382586
328624,0.06902552
328629,0.4370109
328632,0.08813247
328634,0.46311033
328636,0.440471
328637,0.34068656
328647,0.34389102
328668,0.13527833
328669,0.35074434
328678,0.31894645
328684,0.34384468
328694,0.42911237
328705,0.2518815
328712,0.32987618
328720,0.48315307
328729,0.74438715
328730,0.26975137
328733,0.27148473
328758,0.65435404
328761,0.3524438
328764,0.26552442
328777,0.509662
328783,0.5602573
328813,0.6381832
328819,0.30203307
328826,0.37701032
328829,0.6655127
328834,0.22424833
328845,0.12559775
328856,0.5378234
328865,0.6532341
328868,0.63775396
328878,0.744253
328896,0.14771086
328899,0.17997546
328909,0.3116051
328914,0.07263939
328926,0.44167602
328934,0.25890633
328935,0.12496828
328949,0.49686807
328954,0.3944685
328957,0.39021254
328968,0.56875074
328974,0.18239851
328984,0.11417193
328991,0.171783
328997,0.2798523
329000,0.43077672
329005,0.28910664
329007,0.34038886
329018,0.3142811
329034,0.51823205
329051,0.8394527
329052,0.40057203
329055,0.6701199
329062,0.7415601
329064,0.569286
329070,0.8313499
329075,0.26382887
329078,0.4482136
329081,0.1410082
329086,0.7425547
329101,0.26615572
329105,0.55491525
329113,0.7496124
329119,0.7897419
329133,0.44727877
329135,0.31885967
329138,0.24933201
329143,0.298844
329157,0.3810936
329165,0.6269348
329170,0.3262174
329176,0.7032322
329177,0.4937618
329179,0.33992088
329196,0.5488077
329209,0.33258307
329219,0.7282491
329241,0.2885126
329245,0.6050863
329248,0.30983472
329249,0.22011834
329251,0.21993552
329252,0.26289597
329256,0.33285576
329261,0.26253968
329264,0.7901839
329297,0.62069577
329310,0.39780152
329320,0.2795032
329328,0.17688869
329340,0.73565984
329347,0.3285228
329351,0.4160934
329356,0.18203361
329360,0.8232432
329364,0.26842913
329365,0.26773107
329381,0.3928717
329383,0.57940954
329385,0.3163839
329388,0.48147002
329390,0.39468175
329393,0.38803068
329403,0.49000904
329409,0.24274537
329418,0.83559185
329428,0.16804698
329433,0.3102646
329439,0.35054964
329459,0.30171332
329463,0.5354834
329475,0.38211524
329479,0.34634852
329494,0.631099
329500,0.7323173
329503,0.08621227
329512,0.13587661
329514,0.677962
329521,0.46856046
329526,0.70220464
329531,0.06605521
329534,0.64463437
329545,0.4556398
329553,0.10706465
329569,0.37762356
329571,0.5478602
329580,0.22263096
329585,0.5148729
329588,0.64737743
329603,0.30147216
329605,0.19939661
329611,0.4135803
329613,0.40748355
329615,0.5441451
329618,0.45502096
329623,0.26319185
329626,0.3728481
329678,0.09349501
329690,0.35487843
329693,0.6366133
329698,0.67363375
329700,0.08675885
329706,0.18871255
329709,0.31564513
329713,0.6808347
329716,0.3037776
329717,0.39101416
329719,0.37998423
329720,0.35536078
329737,0.24293993
329741,0.35487357
329742,0.27563387
329749,0.30081472
329765,0.3147135
329771,0.4115191
329775,0.3830848
329779,0.26399857
329781,0.31511915
329788,0.40669715
329798,0.4687703
329799,0.09455987
329810,0.62552977
329811,0.18822435
329812,0.21823737
329819,0.3779415
329822,0.47794414
329826,0.24639067
329843,0.3510195
329846,0.16358997
329856,0.6281582
329871,0.46022037
329882,0.30578047
329885,0.29445177
329893,0.418638
329898,0.30815753
329903,0.37201297
329916,0.39843526
329918,0.089106396
329934,0.22831716
329942,0.4366218
329949,0.28853706
329958,0.7594194
329965,0.42867362
329969,0.14276208
329972,0.2877839
329981,0.73428947
329988,0.22078858
329989,0.45267513
330004,0.717796
330006,0.85600406
330014,0.5834477
330025,0.71161497
330040,0.26257172
330047,0.7630364
330070,0.33280095
330074,0.21140185
330075,0.2512406
330085,0.32296044
330095,0.3700771
330106,0.4146176
330119,0.290083
330122,0.30801058
330129,0.54550385
330145,0.74557436
330148,0.21663822
330154,0.4877834
330156,0.3335649
330162,0.38175708
330164,0.4662748
330187,0.36441916
330188,0.4494286
330189,0.29082826
330192,0.2551121
330193,0.22098102
330200,0.5124113
330205,0.4295082
330207,0.5481245
330220,0.233578
330228,0.85044265
330243,0.30781913
330245,0.4149017
330270,0.2516522
330272,0.29902235
330279,0.20589752
330288,0.8286554
330289,0.28612363
330299,0.30221134
330308,0.4008769
330314,0.42374894
330317,0.39119956
330322,0.29782218
330332,0.3654919
330356,0.6450389
330358,0.46536097
330360,0.14553034
330363,0.4130544
330364,0.40470523
330368,0.45483178
330376,0.15046757
330378,0.55061734
330381,0.34312698
330386,0.6080476
330387,0.17370048
330395,0.5072895
330396,0.26292306
330406,0.3495748
330423,0.33770347
330430,0.4349918
330467,0.30556715
330469,0.33094853
330473,0.47728845
330479,0.5397843
330486,0.628745
330523,0.66405106
330524,0.6066718
330540,0.26860273
330564,0.5041814
330565,0.31405845
330567,0.58687574
330568,0.26126304
330602,0.32527873
330616,0.26658806
330617,0.06198161
330625,0.6983589
330635,0.28403202
330636,0.6122923
330639,0.41417715
330661,0.3601571
330666,0.21543284
330670,0.11311267
330682,0.3398931
330690,0.22277008
330708,0.5564661
330726,0.2534251
330730,0.18843038
330765,0.1604274
330776,0.18812653
330789,0.16533414
330791,0.0897033
330803,0.4230792
330805,0.13374688
330807,0.22915517
330821,0.21800329
330822,0.3323994
330836,0.35334066
330837,0.32143718
330839,0.36852702
330840,0.12791887
330861,0.42699444
330878,0.48890895
330881,0.121237434
330888,0.20086971
330890,0.70896864
330903,0.70768195
330904,0.27706328
330905,0.32900155
330907,0.48002335
330915,0.18070102
330921,0.6329638
330922,0.35129616
330925,0.10592596
330942,0.5249483
330945,0.4586135
330957,0.6496235
330965,0.52711725
330973,0.47251874
330979,0.21650243
330981,0.3245394
331005,0.41744038
331018,0.5453407
331026,0.25805977
331032,0.093114205
331033,0.52989495
331036,0.13537166
331037,0.22318499
331048,0.32906017
331054,0.6405896
331058,0.3970159
331063,0.39757597
331077,0.50665987
331079,0.10840275
331081,0.6891962
331082,0.17135258
331090,0.23437957
331110,0.20243046
331127,0.70132977
331141,0.35823974
331153,0.5455076
331165,0.4199434
331171,0.18432795
331179,0.54272777
331191,0.7151513
331193,0.53784734
331197,0.21628276
331204,0.3323762
331207,0.65263414
331212,0.23045337
331220,0.6307976
331242,0.4164354
331244,0.6178667
331273,0.23608357
331281,0.28889894
331289,0.15657148
331293,0.36087668
331294,0.36848143
331299,0.16147713
331300,0.25722668
331302,0.2955914
331322,0.28195682
331334,0.3180759
331347,0.21374904
331353,0.35763732
331361,0.23636188
331370,0.2669608
331379,0.37687793
331382,0.59488434
331388,0.8501536
331390,0.21264715
331400,0.52514064
331411,0.2763611
331431,0.114398256
331451,0.40765545
331455,0.40453157
331456,0.077966444
331461,0.28917104
331468,0.43781668
331480,0.566919
331491,0.19142048
331505,0.6875764
331508,0.21577294
331517,0.27406722
331519,0.66838616
331526,0.114178345
331530,0.20488432
331533,0.38085628
331554,0.46981302
331579,0.24146973
331590,0.13829318
331599,0.28578153
331604,0.5115261
331605,0.46013263
331611,0.20670332
331616,0.7517792
331620,0.15308523
331623,0.6302219
331641,0.29234865
331645,0.48193607
331657,0.5019346
331662,0.25071406
331678,0.1304875
331684,0.43595013
331686,0.68093985
331691,0.46051133
331697,0.6280936
331707,0.6474282
331709,0.055705227
331716,0.28397876
331719,0.30976456
331729,0.07666105
331735,0.27844465
331743,0.28162727
331761,0.5789873
331772,0.1496123
331777,0.21271925
331794,0.5203421
331813,0.6809281
331818,0.6985129
331834,0.4158813
331848,0.29015583
331849,0.45441478
331868,0.20945822
331875,0.31464756
331879,0.3063433
331886,0.13610744
331888,0.4839737
331891,0.29534224
331903,0.24438645
331905,0.1926356
331913,0.47579584
331914,0.1767836
331937,0.14456716
331938,0.3325064
331939,0.595261
331944,0.2731529
331948,0.52433014
331968,0.2300213
331976,0.8889535
331977,0.75197446
332007,0.37025502
332014,0.28163415
332017,0.1804567
332027,0.450847
332033,0.3263746
332041,0.21676597
332042,0.65403384
332047,0.1747794
332050,0.61417544
332056,0.13467489
332071,0.170393
332075,0.66658
332076,0.16266192
332077,0.30197003
332083,0.47805277
332093,0.8378314
332111,0.2871447
332119,0.32601115
332121,0.70847666
332135,0.3114929
332144,0.5777148
332147,0.41601616
332155,0.27948093
332156,0.27721018
332164,0.32323435
332166,0.11537851
332170,0.5850737
332180,0.7284246
332181,0.46033007
332184,0.4436274
332192,0.5507543
332204,0.2841022
332225,0.4133803
332234,0.27933368
332243,0.61770266
332253,0.5063324
332261,0.38612652
332266,0.15469116
332270,0.56174093
332285,0.80927986
332290,0.072731875
332296,0.22937495
332298,0.52698195
332302,0.38585946
332303,0.2876759
332317,0.35373902
332318,0.35270035
332327,0.45662993
332337,0.5238041
332351,0.63425374
332373,0.18070947
332377,0.22789244
332384,0.5148429
332398,0.3215388
332404,0.28501734
332405,0.2442618
332454,0.15403077
332456,0.51922077
332464,0.5990365
332468,0.42326176
332476,0.3408842
332482,0.19689275
332483,0.2763433
332508,0.54184085
332519,0.82612324
332529,0.73860484
332537,0.6585393
332545,0.6441802
332551,0.32555354
332552,0.5209802
332570,0.3985876
332574,0.4667881
332579,0.46394652
332607,0.16747026
332618,0.61281556
332626,0.65902716
332628,0.26882514
332645,0.322404
332652,0.74961805
332666,0.2739312
332694,0.18351911
332697,0.32578343
332698,0.1747474
332700,0.52353877
332708,0.73039854
332714,0.4104713
332722,0.2791182
332724,0.3067713
332730,0.3019111
332741,0.20858845
332746,0.080880135
332754,0.31744355
332756,0.56992304
332759,0.1626742
332764,0.9107232
332786,0.45826405
332790,0.16102056
332816,0.11755036
332821,0.26198313
332827,0.15836148
332829,0.13270086
332831,0.0985877
332833,0.769437
332834,0.5350621
332837,0.15986787
332846,0.44314438
332860,0.6147668
332861,0.3102786
332865,0.30208492
332882,0.4192679
332897,0.6509284
332901,0.3053181
332904,0.22784877
332910,0.8933927
332911,0.20432152
332912,0.8123873
332939,0.45216307
332940,0.12044194
332952,0.21233217
332956,0.20120518
332957,0.57126546
332958,0.22944434
332961,0.7253139
332967,0.6127244
332974,0.43559852
332993,0.17313777
333007,0.40568545
333012,0.6870968
333020,0.39291853
333021,0.45400625
333035,0.2902692
333040,0.6935132
333061,0.11440179
333073,0.13175388
333078,0.2902255
333085,0.28249875
333086,0.547924
333096,0.8382395
333100,0.37427422
333112,0.49532533
333114,0.13291296
333120,0.70554423
333142,0.1632303
333152,0.13288018
333159,0.66109973
333178,0.26935384
333179,0.18165576
333187,0.42572266
333191,0.3849218
333192,0.40911797
333199,0.27971643
333211,0.46140927
333224,0.34252107
333237,0.7532343
333238,0.1520232
333262,0.075399786
333268,0.5216068
333275,0.58227026
333289,0.7345679
333292,0.83587897
333303,0.48547816
333305,0.4061107
333312,0.13463709
333316,0.40991673
333335,0.35526758
333354,0.3418883
333356,0.07434948
333358,0.18520284
333376,0.23924017
333378,0.32777384
333380,0.3654631
333381,0.7180927
333388,0.4161217
333392,0.11420881
333406,0.81693596
333410,0.36066154
333411,0.45782328
333412,0.4703556
333428,0.2773595
333432,0.1243363
333435,0.3495075
333442,0.3420881
333452,0.4717566
333455,0.7532128
333456,0.48076814
333459,0.61924297
333464,0.82183695
333466,0.6878758
333469,0.4007402
333475,0.2317757
333476,0.09461974
333477,0.4414935
333487,0.2284253
333490,0.25701615
333497,0.80256647
333499,0.17339139
333500,0.6191209
333501,0.41376185
333503,0.19532038
333513,0.57818323
333518,0.23569769
333544,0.33748624
333546,0.6873014
333563,0.77193666
333566,0.52825224
333568,0.6671221
333570,0.3798995
333573,0.09267528
333574,0.15482016
333584,0.2700051
333589,0.31633064
333594,0.4685866
333596,0.15579475
333597,0.36239564
333615,0.26592022
333621,0.39590344
333622,0.2653537
333629,0.36329004
333651,0.49821445
333653,0.58567923
333664,0.21512182
333680,0.13284844
333687,0.6645551
333688,0.39179236
333689,0.7154582
333693,0.47736776
333695,0.19069128
333706,0.17455561
333709,0.50140685
333713,0.5574218
333734,0.32213342
333745,0.5900555
333752,0.40332007
333764,0.23711929
333780,0.3960936
333789,0.592212
333791,0.21349178
333795,0.50940126
333799,0.5634106
333801,0.5679396
333802,0.7353499
333803,0.4371879
333810,0.4654001
333837,0.2833454
333842,0.66625726
333843,0.22436675
333845,0.20745634
333852,0.83046925
333859,0.25824618
333885,0.72155315
333896,0.5516907
333904,0.43523628
333908,0.23231103
333913,0.34556526
333927,0.47978395
333930,0.39017138
333935,0.12862375
333952,0.3005259
333953,0.5692906
333966,0.4116803
333968,0.15199438
333988,0.3867518
334013,0.1739323
334027,0.6509939
334030,0.25652465
334032,0.75354654
334033,0.26272956
334042,0.23617917
334045,0.60881144
334053,0.18485358
334055,0.16800827
334058,0.19306758
334063,0.5793355
334070,0.32676145
334074,0.18022819
334080,0.5722322
334086,0.3813052
334092,0.46487448
334099,0.47496104
334101,0.16567676
334103,0.3890479
334104,0.78196967
334109,0.77342457
334125,0.46629086
334130,0.7128437
334138,0.7238827
334161,0.43196827
334164,0.5431888
334169,0.36157283
334171,0.15505739
334185,0.3955888
334186,0.2510032
334209,0.55052847
334211,0.39620814
334230,0.16446467
334231,0.62568337
334237,0.6996117
334241,0.70994043
334244,0.7869902
334247,0.1500341
334250,0.3040762
334252,0.2458301
334273,0.15175843
334282,0.2436027
334285,0.5119657
334286,0.35558906
334292,0.39809862
334296,0.23972295
334299,0.43368834
334300,0.26345018
334305,0.25982556
334307,0.74531287
334311,0.2596501
334315,0.4460106
334343,0.55366737
334344,0.16521448
334345,0.6248591
334350,0.5873073
334353,0.1686246
334365,0.44323298
334372,0.32679003
334374,0.28543186
334375,0.45218095
334382,0.68389446
334387,0.093436
334391,0.68531734
334397,0.19398761
334407,0.25087425
334415,0.20715328
334417,0.25045013
334419,0.5617237
334431,0.22896995
334435,0.81043404
334446,0.869529
334447,0.5477081
334457,0.25231242
334459,0.66117287
334471,0.17617168
334474,0.3305574
334481,0.16266431
334483,0.1549966
334486,0.5208862
334490,0.7794239
334492,0.625346
334494,0.3750335
334512,0.41867447
334522,0.17196386
334527,0.15944827
334534,0.09721974
334537,0.19768582
334539,0.4290345
334552,0.39868096
334555,0.53918034
334565,0.608763
334580,0.25744233
334585,0.4588963
334589,0.5064503
334594,0.48503217
334600,0.2301964
334603,0.1730955
334613,0.29921183
334621,0.31157073
334628,0.35308194
334631,0.5357825
334634,0.33857396
334635,0.515469
334659,0.14624992
334660,0.12178012
334664,0.3091921
334671,0.32266045
334693,0.40749162
334695,0.48865816
334703,0.6397014
334718,0.59099734
334728,0.8461759
334732,0.55932033
334733,0.7131092
334735,0.22471242
334748,0.25793973
334756,0.6170803
334764,0.33611575
334766,0.49245104
334787,0.1991456
334803,0.18277837
334806,0.59942687
334817,0.7105124
334825,0.25731453
334831,0.61163443
334836,0.39426908
334845,0.2981644
334857,0.23113868
334868,0.30960304
334871,0.3219979
334873,0.46821478
334881,0.51178914
334886,0.27328143
334898,0.47576487
334899,0.35679835
334901,0.23428188
334916,0.5262144
334923,0.5500785
334933,0.5438238
334938,0.7942676
334955,0.53802186
334963,0.8562095
334974,0.37519586
334986,0.31528327
334994,0.23455688
334995,0.6165686
335001,0.31343627
335005,0.5099595
335009,0.354139
335014,0.35938433
335015,0.19954821
335017,0.63977516
335025,0.6170028
335027,0.63176316
335055,0.4097844
335058,0.44790623
335072,0.525504
335073,0.08590004
335081,0.29380468
335091,0.13997777
335096,0.12036226
335097,0.2365546
335099,0.17441212
335113,0.14207761
335136,0.35583305
335140,0.3144367
335141,0.07454299
335143,0.7176339
335155,0.4184893
335170,0.32841736
335176,0.30088952
335181,0.49729106
335183,0.54515535
335192,0.16033486
335196,0.794027
335198,0.26024064
335203,0.45966592
335204,0.71554595
335218,0.260067
335222,0.28275505
335223,0.72451985
335229,0.60003436
335231,0.60085785
335236,0.65379965
335253,0.6489111
335257,0.3945612
335262,0.28589788
335263,0.5157595
335273,0.48001292
335276,0.5876611
335278,0.2091736
335295,0.33924
335301,0.23225448
335303,0.078940585
335305,0.78394353
335310,0.44959825
335313,0.11375349
335314,0.28100416
335319,0.1725388
335321,0.4109436
335331,0.31766063
335332,0.33350447
335333,0.46597537
335337,0.48036587
335342,0.49197376
335347,0.39154434
335351,0.5880961
335356,0.1671903
335366,0.5457761
335369,0.16944033
335377,0.5705107
335388,0.67723525
335395,0.74474925
335397,0.1679816
335411,0.4788319
335419,0.21616074
335425,0.429736
335427,0.4154845
335443,0.19173682
335446,0.1494768
335448,0.26722154
335451,0.7713431
335458,0.23868658
335459,0.44146037
335460,0.58718234
335463,0.40203083
335471,0.3163419
335477,0.11365984
335478,0.62726927
335484,0.16116066
335490,0.7446528
335495,0.49343517
335506,0.585737
335507,0.5498081
335518,0.3582102
335533,0.23037662
335537,0.55550444
335538,0.43558547
335549,0.51200795
335553,0.5826376
335561,0.512118
335564,0.2903177
335573,0.30781132
335577,0.2515209
335579,0.16529417
335585,0.47958165
335590,0.44794932
335594,0.2211676
335598,0.20932707
335601,0.27837822
335608,0.32921773
335616,0.62408143
335640,0.31220615
335645,0.38455835
335653,0.28663397
335683,0.25414312
335692,0.32721904
335713,0.22984423
335726,0.17047364
335727,0.75923586
335728,0.34992015
335732,0.28712422
335736,0.42695907
335747,0.22908911
335754,0.44197482
335755,0.16212696
335761,0.5292306
335775,0.2684525
335778,0.7109261
335779,0.19564065
335787,0.08975837
335805,0.13031067
335807,0.36152738
335808,0.35481635
335815,0.33768618
335818,0.19490142
335835,0.5052338
335849,0.34518716
335850,0.4154184
335851,0.50535977
335852,0.21178882
335856,0.33234596
335857,0.46366733
335863,0.6027196
335871,0.2378052
335879,0.27119195
335885,0.38557768
335887,0.7360038
335893,0.80862546
335906,0.23561212
335912,0.3554386
335921,0.4150696
335944,0.50049174
335952,0.533326
335955,0.11930108
335956,0.13928717
335957,0.60473955
335958,0.47006485
335962,0.27517933
335963,0.32519957
335964,0.112059385
335971,0.19530806
335973,0.33833778
335975,0.603918
335981,0.31643173
335983,0.5218442
336016,0.44990537
336038,0.5190898
336039,0.240503
336041,0.36875102
336061,0.250846
336063,0.31384763
336067,0.2681279
336071,0.21665178
336089,0.6648553
336095,0.32753617
336096,0.6658692
336101,0.27742955
336117,0.35780758
336118,0.3116199
336120,0.64768654
336137,0.1263165
336155,0.28224432
336156,0.77330035
336159,0.1944817
336178,0.7094675
336183,0.69126534
336194,0.13505542
336195,0.62172365
336199,0.28758702
336209,0.31358567
336213,0.34311357
336214,0.34129524
336215,0.06528375
336220,0.18559185
336253,0.14908469
336260,0.80138195
336263,0.25450873
336265,0.49830505
336273,0.21688978
336277,0.3002634
336280,0.32129475
336295,0.5994186
336308,0.16663669
336309,0.2852616
336316,0.48491725
336319,0.4337983
336321,0.1575268
336322,0.71831584
336323,0.3088376
336340,0.50525296
336344,0.59480506
336352,0.3908887
336361,0.5463632
336367,0.33225188
336382,0.4891805
336383,0.5557149
336393,0.29464692
336407,0.41735175
336413,0.22742192
336418,0.59745216
336426,0.20906188
336427,0.26926792
336436,0.28257766
336443,0.2923488
336445,0.3237158
336447,0.11322228
336451,0.45548266
336464,0.28939408
336484,0.51373386
336491,0.3467198
336492,0.3406151
336493,0.3914485
336494,0.47329715
336499,0.16013408
336524,0.054739732
336527,0.7037308
336534,0.7241147
336544,0.18120466
336553,0.6425008
336558,0.24808635
336565,0.1434064
336569,0.63604
336580,0.4080557
336586,0.08458811
336592,0.53513485
336604,0.3625827
336610,0.28412136
336623,0.6008357
336634,0.43035036
336635,0.37673363
336641,0.2596536
336660,0.20304342
336673,0.41455522
336686,0.30266285
336693,0.15088294
336701,0.29164347
336704,0.5412984
336711,0.33899847
336715,0.4651107
336717,0.11270186
336722,0.285686
336724,0.2984047
336741,0.6465641
336745,0.11425695
336757,0.5720604
336764,0.68565595
336767,0.40512058
336783,0.30343282
336786,0.4877954
336791,0.13237059
336792,0.7888521
336813,0.4810882
336822,0.7723859
336823,0.43717977
336832,0.277732
336843,0.3890074
336858,0.47737357
336870,0.5199078
336876,0.1722439
336885,0.29343393
336887,0.39606598
336891,0.2505888
336903,0.14251684
336916,0.5087974
336917,0.21030152
336922,0.1617825
336925,0.18318787
336931,0.7856143
336938,0.19782862
336950,0.82298315
336955,0.39808607
336956,0.5050305
336959,0.5304974
336966,0.8094688
336971,0.40632093
336978,0.31206375
336983,0.19263928
336986,0.07496495
336996,0.6749772
337003,0.8514927
337007,0.2301369
337029,0.53758657
337034,0.4270835
337039,0.22732882
337057,0.6235762
337058,0.2875145
337062,0.51466846
337080,0.23727739
337087,0.10520556
337105,0.19048013
337108,0.32566833
337120,0.38502672
337125,0.55781645
337142,0.30667678
337159,0.5161646
337160,0.1898342
337168,0.41999102
337170,0.17101485
337171,0.19463697
337178,0.5203033
337188,0.27018443
337191,0.4734354
337200,0.18945467
337207,0.16187246
337210,0.24932745
337218,0.196391
337221,0.22482497
337237,0.24787147
337241,0.7181907
337244,0.59845376
337273,0.41324487
337294,0.20946103
337295,0.17039472
337298,0.30559915
337310,0.12200919
337326,0.10845141
337338,0.7897079
337343,0.57817334
337360,0.3678904
337369,0.69046414
337375,0.6060907
337386,0.47966117
337388,0.77464145
337405,0.42710087
337408,0.418116
337412,0.12048659
337416,0.22782779
337418,0.6226562
337442,0.7824757
337449,0.2902668
337457,0.13662267
337460,0.29553682
337474,0.2891809
337499,0.48788875
337506,0.39973906
337512,0.57652044
337527,0.3089971
337528,0.21860148
337530,0.23816921
337539,0.5020321
337546,0.16128317
337551,0.49350286
337569,0.19574551
337576,0.22633523
337582,0.26354128
337590,0.5516625
337599,0.42047027
337600,0.73305136
337601,0.8410913
337608,0.30280688
337614,0.75262034
337619,0.5998969
337625,0.7348779
337629,0.75495994
337635,0.4684958
337642,0.42250803
337663,0.7592377
337665,0.719883
337668,0.12021364
337700,0.44257888
337746,0.18085015
337761,0.12318772
337779,0.574234
337788,0.38323843
337790,0.4931003
337793,0.40369976
337802,0.5241313
337807,0.342821
337821,0.6592143
337840,0.24412626
337846,0.7740364
337848,0.84060997
337864,0.4945439
337866,0.54999
337868,0.22143601
337878,0.12745786
337890,0.6558892
337896,0.5058031
337901,0.4259103
337905,0.5314603
337914,0.32647166
337953,0.40734276
337969,0.16905989
337984,0.2586377
337995,0.2687887
338009,0.33197436
338018,0.47087443
338022,0.30399853
338028,0.52957815
338029,0.518905
338044,0.072464764
338050,0.42401615
338052,0.23466197
338073,0.63966036
338076,0.14846496
338084,0.12158714
338086,0.13951774
338094,0.19689251
338097,0.5288321
338099,0.50403374
338126,0.22796999
338127,0.7780882
338137,0.6710113
338146,0.06731881
338161,0.41248724
338164,0.5319789
338174,0.12078633
338179,0.85541564
338181,0.56781876
338188,0.27753377
338189,0.4788835
338193,0.14129882
338199,0.16292861
338202,0.6512175
338204,0.52658576
338210,0.3360313
338229,0.25949404
338240,0.24285163
338250,0.3618223
338253,0.78114605
338254,0.19758749
338268,0.52457845
338290,0.36801186
338293,0.32061467
338297,0.41018003
338301,0.279553
338306,0.34369972
338314,0.306165
338318,0.23886919
338325,0.21456383
338340,0.5997903
338341,0.5366969
338351,0.27159035
338352,0.68378246
338368,0.2229903
338381,0.15574905
338404,0.24931909
338409,0.55768573
338417,0.182548
338418,0.26224235
338426,0.13567789
338431,0.53229666
338435,0.23893707
338463,0.5683348
338465,0.23113407
338467,0.30808002
338479,0.67787564
338495,0.36114046
338510,0.4449766
338526,0.23939271
338528,0.40537056
338530,0.36388856
338539,0.11270639
338543,0.36080244
338554,0.101413496
338557,0.48652452
338581,0.7530924
338589,0.27953237
338595,0.5763827
338597,0.2829431
338604,0.52180886
338607,0.15367219
338613,0.08094107
338615,0.20018712
338628,0.52493036
338636,0.516981
338642,0.071598835
338669,0.23917283
338671,0.5521962
338675,0.39439964
338676,0.74529606
338690,0.2916734
338696,0.6167481
338702,0.82697517
338703,0.15598197
338709,0.52813673
338719,0.4489376
338725,0.5032242
338727,0.31852245
338732,0.20405175
338749,0.24246663
338773,0.20068471
338774,0.20426661
338784,0.70353156
338789,0.2253757
338792,0.5532546
338804,0.6371785
338808,0.6394925
338822,0.20095874
338824,0.12808423
338833,0.26148283
338836,0.4815416
338840,0.43126246
338842,0.45312935
338843,0.4778924
338847,0.29076153
338849,0.5822679
338857,0.54647964
338860,0.8236109
338872,0.49156517
338874,0.32328135
338878,0.64499456
338895,0.32945976
338896,0.46973097
338904,0.65901136
338920,0.49319234
338931,0.32619768
338938,0.22334415
338955,0.35070816
338962,0.21546878
338969,0.6378779
338976,0.45628843
338994,0.21638107
339011,0.28593406
339014,0.48609537
339017,0.17443554
339018,0.8848244
339030,0.27944306
339038,0.1295101
339060,0.13993734
339079,0.6187537
339082,0.11818051
339099,0.2774798
339103,0.4292053
339105,0.2703058
339107,0.08394361
339121,0.690418
339148,0.26692128
339152,0.22437309
339154,0.46725705
339170,0.712042
339186,0.3146169
339187,0.31143445
339193,0.22715835
339196,0.28649315
339199,0.27323684
339203,0.76634175
339216,0.5428535
339228,0.42336157
339232,0.5183348
339237,0.25613603
339240,0.53715014
339242,0.15967454
339245,0.2932728
339252,0.3433081
339256,0.16585392
339258,0.4922866
339260,0.31782916
339263,0.5315596
339268,0.43588302
339269,0.570008
339286,0.6197318
339304,0.27483597
339307,0.31463167
339317,0.44652224
339330,0.73702633
339346,0.7934289
339380,0.17683227
339381,0.2977884
339382,0.61202466
339391,0.20479108
339396,0.35222635
339406,0.32796392
339407,0.29975894
339409,0.48220357
339410,0.5023403
339425,0.35636887
339427,0.55002856
339433,0.65187377
339443,0.20614228
339449,0.41131064
339452,0.2485464
339453,0.406412
339455,0.45147637
339457,0.46485448
339477,0.36696774
339483,0.3370981
339487,0.52590066
339490,0.1661011
339518,0.49204826
339523,0.4651731
339529,0.22453727
339541,0.5518339
339544,0.6714216
339546,0.6834096
339559,0.6386835
339563,0.13956723
339573,0.42927593
339591,0.3201229
339593,0.40662295
339599,0.25144106
339604,0.6299882
339615,0.2856124
339621,0.07847246
339625,0.7791068
339642,0.45366156
339647,0.7238997
339650,0.5972658
339656,0.3029031
339659,0.22607103
339681,0.4933224
339683,0.38419944
339684,0.42534974
339689,0.4592603
339694,0.17403916
339699,0.46405393
339718,0.7087234
339727,0.6889339
339735,0.36798435
339736,0.19243604
339745,0.28304088
339755,0.35230502
339758,0.26770744
339770,0.1704068
339772,0.23690449
339778,0.15768908
339786,0.32318553
339787,0.809189
339788,0.5900632
339799,0.30773664
339814,0.29904464
339837,0.23007086
339842,0.38700846
339845,0.33893055
339852,0.4316354
339857,0.76139414
339864,0.4935348
339872,0.37572125
339873,0.1015497
339874,0.32880858
339875,0.4258129
339879,0.64518887
339884,0.2505908
339888,0.36938608
339891,0.6230125
339905,0.49703497
339920,0.46559328
339934,0.32612708
339938,0.6045552
339948,0.25979504
339949,0.22194038
339953,0.2817959
339954,0.35788772
339957,0.24182837
339958,0.6445082
339971,0.29075217
339975,0.2509895
339978,0.1697293
339984,0.29757738
339993,0.19039035
340009,0.44604245
340012,0.30867618
340019,0.2413429
340031,0.26923615
340041,0.74628395
340045,0.30493945
340046,0.6546117
340067,0.20085312
340079,0.42828652
340081,0.5407261
340082,0.17042907
340090,0.17835669
340091,0.49295288
340099,0.30822465
340104,0.35033596
340109,0.29175162
340123,0.6786734
340146,0.24227838
340162,0.30119672
340167,0.57115287
340181,0.30419883
340194,0.2809714
340195,0.18507347
340198,0.6899309
340202,0.8041282
340203,0.8658239
340219,0.3577908
340221,0.3246937
340224,0.32963645
340239,0.3006141
340248,0.50259244
340262,0.41208908
340264,0.5227573
340277,0.86042726
340285,0.13498847
340292,0.31746557
340356,0.51573795
340365,0.4547395
340375,0.53298604
340377,0.20841506
340378,0.8063343
340385,0.55192155
340387,0.1570268
340388,0.35199824
340405,0.3880078
340407,0.32658798
340408,0.18699037
340416,0.23014645
340420,0.2630549
340421,0.815632
340425,0.2613036
340430,0.41281393
340448,0.53810245
340451,0.54256725
340456,0.309377
340457,0.33673832
340459,0.41030124
340460,0.5099703
340463,0.18863547
340464,0.41894397
340486,0.15402927
340503,0.5392961
340504,0.4092779
340505,0.2818082
340507,0.3985398
340509,0.2839266
340511,0.67553157
340513,0.34555736
340516,0.71072257
340529,0.18146649
340535,0.17328957
340542,0.78689194
340545,0.37920693
340546,0.8119859
340556,0.6190672
340567,0.16960463
340576,0.557075
340577,0.211294
340586,0.17112419
340587,0.6336951
340594,0.43920133
340610,0.8563563
340611,0.47531703
340614,0.5397349
340625,0.16177945
340630,0.79566526
340640,0.3835977
340667,0.49334177
340674,0.18273525
340679,0.59350437
340683,0.46121106
340686,0.67968124
340698,0.22929974
340708,0.18734959
340717,0.5567899
340718,0.13281073
340720,0.09706066
340726,0.14450732
340746,0.46259037
340747,0.16391876
340768,0.23664352
340769,0.41199476
340772,0.7713788
340774,0.70483416
340778,0.14049262
340806,0.56379294
340816,0.3714158
340823,0.36809936
340826,0.27211678
340838,0.81831574
340840,0.4942072
340842,0.34915954
340844,0.32736817
340845,0.26709083
340853,0.5860435
340855,0.7941413
340857,0.5777791
340858,0.3719329
340864,0.6668442
340899,0.41241968
340901,0.34036872
340909,0.5342492
340921,0.17938465
340925,0.6287626
340953,0.31619176
340954,0.4103432
340961,0.39434123
340963,0.6996689
340975,0.5806841
340977,0.4249139
340996,0.27115333
341009,0.56206113
341013,0.3870966
341020,0.2498414
341024,0.46210465
341031,0.29349267
341038,0.69833624
341042,0.26853102
341050,0.4867225
341063,0.7304182
341066,0.16748028
341067,0.12093026
341070,0.68058914
341075,0.40031946
341089,0.18978973
341091,0.20601088
341122,0.52349955
341132,0.4338709
341135,0.6423777
341150,0.73321337
341168,0.44672656
341172,0.5404157
341182,0.41029662
341183,0.09731751
341187,0.42067966
341192,0.5929685
341194,0.24079578
341201,0.31146726
341226,0.1927159
341228,0.3059194
341231,0.5044725
341235,0.42130986
341237,0.25026312
341251,0.48794279
341278,0.4718843
341284,0.20571885
341285,0.60843647
341294,0.21272108
341296,0.4017835
341297,0.4724796
341298,0.24880415
341302,0.25061113
341304,0.32492304
341307,0.61585295
341314,0.55857223
341324,0.32633653
341332,0.75204265
341342,0.47628978
341347,0.46313
341356,0.4146787
341358,0.52200896
341365,0.33978033
341368,0.41302553
341372,0.49824855
341374,0.26929867
341380,0.3825187
341381,0.6993722
341390,0.51840556
341398,0.55953157
341401,0.57721835
341406,0.2282005
341413,0.36900052
341419,0.15343769
341421,0.389519
341427,0.19807746
341429,0.47190818
341434,0.21086866
341437,0.16344471
341444,0.64944124
341447,0.29515108
341452,0.23354772
341458,0.79677474
341475,0.5252066
341478,0.3231149
341495,0.24769476
341503,0.3484288
341520,0.37805155
341525,0.29789343
341544,0.25988424
341545,0.26028785
341548,0.14365341
341551,0.16178752
341552,0.4387513
341562,0.5421061
341574,0.46192247
341577,0.22035463
341585,0.6064682
341616,0.49154526
341630,0.36068636
341631,0.3487747
341640,0.6658992
341651,0.30418622
341653,0.40688333
341655,0.7759506
341659,0.21323672
341696,0.66425604
341705,0.77975553
341717,0.23890997
341720,0.2807092
341728,0.5174021
341729,0.18152073
341737,0.20948267
341758,0.13156703
341765,0.36618736
341780,0.6195293
341785,0.48762527
341787,0.40645048
341790,0.4772199
341796,0.24082778
341805,0.26350775
341811,0.30856922
341823,0.17079829
341828,0.8803884
341841,0.14403899
341865,0.53053033
341873,0.3411624
341891,0.25865924
341899,0.20305473
341906,0.23664577
341917,0.16963702
341926,0.44489476
341931,0.31363532
341934,0.2815358
341939,0.6599322
341943,0.61246836
341962,0.24758963
341967,0.35850292
341971,0.5388545
341990,0.16046007
341997,0.2986259
342001,0.23849306
342010,0.22361702
342042,0.34182817
342052,0.59596026
342084,0.67046124
342089,0.15508996
342091,0.19246855
342099,0.23639391
342109,0.24171913
342111,0.57695186
342119,0.13124767
342120,0.62463766
342125,0.13892001
342127,0.79957116
342128,0.47633743
342135,0.38275146
342136,0.4967252
342138,0.25904718
342148,0.59395045
342153,0.57846445
342154,0.70112085
342157,0.21582241
342163,0.33866075
342168,0.27949512
342173,0.75346667
342182,0.5058061
342185,0.17735863
342194,0.42183957
342198,0.49122107
342210,0.31753212
342214,0.36905596
342220,0.3420206
342222,0.08234637
342223,0.46876094
342230,0.31684598
342239,0.3253921
342247,0.45274085
342248,0.7933556
342252,0.25808227
342257,0.60452425
342271,0.732979
342272,0.13664564
342290,0.46090594
342295,0.32526594
342297,0.27903724
342298,0.3028101
342301,0.36615083
342305,0.51982987
342308,0.13825394
342314,0.44330016
342322,0.49431986
342340,0.58510756
342350,0.21785328
342353,0.36139706
342358,0.31703514
342377,0.17720331
342378,0.14484851
342382,0.6156064
342390,0.16603686
342396,0.4698961
342439,0.46804908
342442,0.2908609
342447,0.33894855
342449,0.12802984
342450,0.6681597
342451,0.49493426
342454,0.59573525
342455,0.72482955
342467,0.24698603
342476,0.82159144
342481,0.48090827
342498,0.15370218
342503,0.18098632
342510,0.18787298
342513,0.4226424
342523,0.34849256
342527,0.6649417
342555,0.5618961
342566,0.5867113
342584,0.10951003
342593,0.19151129
342600,0.15870635
342611,0.4029119
342614,0.42602658
342637,0.45508453
342639,0.12008581
342656,0.7268683
342669,0.19842121
342684,0.73841476
342686,0.6787204
342690,0.816779
342693,0.14856686
342701,0.8219737
342702,0.7538198
342703,0.35656416
342706,0.22294787
342711,0.53046757
342730,0.36898395
342744,0.4919363
342753,0.77700245
342769,0.22574265
342779,0.6800063
342788,0.4244637
342792,0.35523412
342794,0.6539856
342795,0.33457866
342799,0.17454073
342802,0.8326485
342803,0.75671166
342812,0.44066253
342820,0.60440904
342824,0.18657152
342835,0.44668508
342836,0.23416074
342851,0.52208245
342860,0.4576487
342862,0.7366703
342870,0.49062362
342873,0.5153477
342894,0.09088972
342916,0.14090511
342950,0.61441016
342970,0.48378524
342971,0.696562
342980,0.19862667
342981,0.24567105
343004,0.64579874
343044,0.105043724
343045,0.66762507
343072,0.19016533
343078,0.46883592
343080,0.77207315
343085,0.387749
343126,0.39095926
343137,0.48268452
343139,0.4081903
343144,0.4118645
343155,0.3016207
343163,0.2578505
343165,0.24360546
343190,0.28637636
343205,0.21601301
343221,0.3528278
343226,0.097369395
343233,0.459073
343236,0.5223597
343241,0.583196
343245,0.6053428
343256,0.5594294
343260,0.38101432
343276,0.19237682
343298,0.32538208
343299,0.30040103
343310,0.6810639
343312,0.43790784
343317,0.2953946
343319,0.15236492
343324,0.2531052
343345,0.24141563
343348,0.45833078
343354,0.70103484
343363,0.2294291
343365,0.640778
343376,0.18362999
343380,0.69756126
343401,0.42964906
343412,0.28698787
343414,0.23860285
343415,0.5728019
343418,0.48619172
343419,0.5424091
343421,0.45305163
343423,0.2605202
343432,0.12365111
343436,0.31576368
343440,0.7981742
343458,0.2567886
343470,0.42952344
343471,0.27652606
343480,0.18761483
343484,0.3163474
343492,0.6508761
343500,0.34439394
343503,0.27288985
343522,0.6802549
343525,0.26109257
343562,0.7054083
343577,0.5756868
343580,0.5831185
343591,0.20376414
343594,0.3064523
343602,0.3897259
343611,0.20361383
343615,0.6562394
343639,0.20419265
343643,0.24492675
343645,0.22526662
343647,0.16243042
343669,0.14686468
343683,0.35719723
343702,0.86002606
343703,0.33687395
343704,0.2630865
343710,0.15501791
343724,0.6078015
343730,0.5658397
343742,0.6583951
343743,0.34183463
343745,0.25358564
343775,0.5722216
343783,0.44117907
343794,0.55807126
343795,0.24089894
343816,0.17929557
343820,0.28334936
343823,0.6490642
343836,0.23916055
343845,0.49069434
343888,0.77128255
343893,0.16922274
343898,0.554163
343914,0.16965692
343918,0.17162561
343920,0.31455788
343928,0.26834595
343931,0.37009546
343968,0.4498713
343990,0.6523465
343991,0.37106365
343996,0.46148798
344002,0.69994587
344004,0.5150636
344008,0.6580453
344011,0.27931067
344013,0.4246863
344014,0.6792239
344015,0.4865941
344016,0.33922082
344019,0.37439054
344026,0.10669644
344027,0.45604607
344029,0.3799598
344039,0.6496776
344041,0.7142809
344042,0.25298446
344047,0.67105156
344053,0.73688126
344055,0.33671334
344060,0.25210547
344064,0.16840507
344067,0.58434254
344080,0.22140251
344083,0.46071705
344088,0.16850555
344090,0.39671907
344093,0.4574912
344099,0.21842815
344113,0.38774136
344114,0.403498
344119,0.23645239
344121,0.27586788
344135,0.53257424
344138,0.26279834
344159,0.4591684
344172,0.256008
344176,0.44548556
344192,0.22658113
344202,0.49004117
344219,0.3213974
344225,0.2550392
344229,0.793985
344240,0.18019356
344241,0.3367273
344249,0.17975862
344252,0.80805653
344256,0.5561301
344260,0.23727575
344264,0.14509383
344267,0.22944768
344275,0.30683258
344283,0.2153654
344292,0.4923404
344296,0.40391
344297,0.13684812
344299,0.23610966
344303,0.362306
344313,0.31480008
344315,0.3442012
344317,0.43496698
344323,0.5133987
344328,0.5641002
344339,0.52363
344343,0.3879709
344345,0.16931099
344356,0.4430986
344358,0.19579044
344359,0.4734772
344366,0.70712686
344370,0.4042391
344382,0.18153465
344383,0.23098588
344386,0.5222839
344388,0.77450585
344393,0.19089231
344395,0.41633967
344401,0.5984133
344402,0.68557256
344404,0.5360803
344422,0.08773354
344427,0.18666458
344433,0.15270098
344444,0.50368494
344454,0.4105154
344460,0.43478802
344480,0.13046202
344483,0.14337431
344488,0.54086053
344496,0.7831187
344504,0.6552404
344516,0.41370174
344524,0.520726
344540,0.6576354
344542,0.26309526
344550,0.24246046
344558,0.121197745
344561,0.24979258
344568,0.82713443
344571,0.4913143
344621,0.28704986
344633,0.7261493
344635,0.64732295
344660,0.4812591
344662,0.5559297
344681,0.09259421
344683,0.79297066
344685,0.36283305
344716,0.80062747
344726,0.47333565
344749,0.36463383
344750,0.8153211
344752,0.36126027
344760,0.25448614
344762,0.6261774
344768,0.46271014
344770,0.7460663
344772,0.6961391
344778,0.36219385
344783,0.44586217
344793,0.2300427
344814,0.30600974
344815,0.17491746
344818,0.15189779
344819,0.41039005
344826,0.6670768
344828,0.8185292
344835,0.23076986
344864,0.28366542
344869,0.44622862
344875,0.7144358
344883,0.2121751
344885,0.20456775
344887,0.41810718
344889,0.6594066
344892,0.83136433
344895,0.47526413
344913,0.22345029
344934,0.14542195
344939,0.71697307
344947,0.6548001
344964,0.69117755
344969,0.28355986
344973,0.30208912
344977,0.52062535
344978,0.5927465
344991,0.5016084
345010,0.5180204
345011,0.3402316
345012,0.6323176
345020,0.26715025
345021,0.11564709
345042,0.17442802
345046,0.20108542
345070,0.33575517
345078,0.61261594
345085,0.6156927
345087,0.6343982
345093,0.26050735
345094,0.73892134
345097,0.5833069
345107,0.12243332
345109,0.44981292
345117,0.3662082
345118,0.3056631
345126,0.74679196
345142,0.2343087
345143,0.15678968
345149,0.22025158
345150,0.24264011
345154,0.88197803
345174,0.2508673
345184,0.46214
345193,0.34727466
345196,0.44218063
345202,0.23903543
345207,0.49607643
345209,0.7696055
345211,0.29863605
345212,0.4713667
345213,0.534565
345218,0.31555519
345228,0.29606724
345234,0.14463358
345251,0.2256225
345252,0.38266775
345260,0.40618148
345269,0.10360439
345275,0.6295786
345300,0.14651541
345305,0.2816335
345306,0.7234329
345310,0.21068414
345315,0.82539016
345324,0.3111477
345329,0.40670735
345359,0.70281947
345360,0.6631963
345364,0.1742553
345385,0.49833828
345387,0.17329736
345390,0.2874472
345402,0.72883296
345404,0.3856711
345405,0.2130215
345416,0.48417294
345425,0.6497962
345432,0.46674532
345437,0.8273986
345442,0.31152135
345450,0.31160644
345458,0.29672897
345467,0.64705014
345468,0.73118275
345470,0.37547216
345478,0.3387311
345479,0.5252648
345482,0.37420675
345489,0.45316803
345492,0.22757027
345499,0.5058647
345502,0.17042537
345515,0.4572159
345538,0.1809376
345542,0.34589013
345548,0.16116974
345550,0.4649688
345552,0.29622895
345557,0.23337832
345560,0.15662171
345563,0.24622291
345564,0.71066284
345580,0.22214854
345582,0.37458542
345583,0.15247378
345604,0.5460962
345622,0.39533657
345630,0.35785764
345634,0.45456392
345643,0.28399894
345646,0.16438225
345685,0.558304
345687,0.165512
345694,0.29185134
345717,0.3649406
345718,0.5857789
345726,0.4561218
345733,0.42368376
345738,0.38324767
345754,0.33867672
345761,0.45647624
345771,0.5819361
345778,0.2810639
345780,0.8285208
345788,0.48324764
345796,0.70131385
345800,0.850593
345808,0.5184016
345812,0.13991037
345821,0.4852033
345822,0.524621
345843,0.74215347
345853,0.5422133
345854,0.19799775
345857,0.123462364
345858,0.50224465
345867,0.18302031
345884,0.45735148
345892,0.26767847
345893,0.2806397
345896,0.26647112
345902,0.19370012
345906,0.467839
345913,0.25755298
345916,0.53299165
345922,0.40036994
345923,0.46587506
345924,0.1802625
345935,0.4092424
345941,0.22330962
345948,0.5638444
345953,0.26666677
345958,0.34456775
345962,0.15151285
345966,0.58027065
345973,0.23544215
345976,0.5553025
345989,0.335914
345999,0.35289413
346003,0.2455706
346014,0.54911846
346027,0.28631234
346036,0.63536924
346048,0.27057657
346052,0.19127323
346057,0.4666884
346058,0.4552776
346064,0.6896304
346076,0.7441393
346079,0.2234089
346081,0.4773962
346091,0.2646557
346099,0.39691764
346104,0.15627377
346111,0.24289691
346117,0.7949353
346118,0.42770356
346126,0.534044
346135,0.40728018
346141,0.44863126
346150,0.5239657
346153,0.64235204
346155,0.29828477
346164,0.37866583
346166,0.6797331
346173,0.31330645
346179,0.19744703
346184,0.28767225
346188,0.2124353
346201,0.5728148
346207,0.51504403
346213,0.4754968
346219,0.090480104
346245,0.21877386
346271,0.16704325
346273,0.6617241
346290,0.33574685
346300,0.5671216
346314,0.36596802
346328,0.14953381
346329,0.5119903
346338,0.20234253
346340,0.45132175
346341,0.22059053
346347,0.3006341
346358,0.84012926
346362,0.43846577
346373,0.12512937
346377,0.5807946
346379,0.9050316
346384,0.5178816
346387,0.3311026
346392,0.27498004
346396,0.34245244
346402,0.6285687
346405,0.36168113
346407,0.33740225
346409,0.41155195
346414,0.46284002
346423,0.44387597
346424,0.23574159
346428,0.13897216
346443,0.49148592
346444,0.1589442
346446,0.64968115
346449,0.4946945
346456,0.17522417
346476,0.19493152
346477,0.29332605
346480,0.28914958
346492,0.5116099
346526,0.2612386
346536,0.41722724
346539,0.1496492
346543,0.5989374
346544,0.16002522
346546,0.16940694
346591,0.70720154
346598,0.42162758
346599,0.37738353
346618,0.290057
346620,0.21651056
346623,0.33553725
346631,0.22067639
346639,0.14619808
346657,0.22024521
346661,0.7655756
346671,0.51293266
346672,0.40829417
346694,0.1558814
346712,0.67635804
346714,0.29854682
346723,0.32379377
346727,0.48559797
346729,0.2367837
346747,0.15759896
346765,0.5310297
346775,0.47984818
346784,0.68866354
346797,0.34906113
346799,0.5327211
346802,0.20885077
346807,0.18420996
346822,0.4263347
346828,0.46967134
346836,0.56490284
346838,0.24814731
346841,0.56510514
346843,0.47015342
346848,0.5489122
346850,0.27457133
346851,0.335353
346855,0.5681796
346856,0.31200144
346860,0.2591652
346870,0.5295993
346881,0.746705
346884,0.41538003
346887,0.19613734
346890,0.07419953
346904,0.3737987
346912,0.14452852
346914,0.71275276
346923,0.12053681
346924,0.35715815
346926,0.35082212
346934,0.34108606
346936,0.08849526
346951,0.37383366
346952,0.25710955
346970,0.09551191
346982,0.5150955
346993,0.1113491
347013,0.50505453
347018,0.38870764
347021,0.4678265
347031,0.48822048
347033,0.85045826
347039,0.5466562
347045,0.4920156
347046,0.52186483
347058,0.16457893
347071,0.6120124
347078,0.67422944
347079,0.39254403
347097,0.2894399
347101,0.50823873
347120,0.37473482
347121,0.4011598
347133,0.153218
347161,0.5130804
347163,0.26868686
347173,0.14839321
347175,0.3109973
347181,0.1315542
347193,0.80056304
347196,0.74471754
347204,0.5823602
347205,0.52374476
347217,0.59414595
347229,0.2671034
347255,0.244097
347261,0.3925102
347266,0.5990962
347283,0.40554094
347286,0.47149855
347302,0.17490414
347304,0.32997158
347321,0.36682403
347323,0.31695276
347331,0.6729405
347340,0.30700386
347350,0.52521765
347374,0.0705427
347379,0.59532225
347404,0.6615442
347415,0.59618294
347438,0.80247426
347439,0.40535176
347443,0.5623791
347450,0.74299926
347456,0.108897105
347458,0.80566424
347463,0.44918063
347471,0.23342751
347476,0.35723555
347482,0.5877122
347483,0.2975719
347492,0.2550988
347498,0.4205974
347499,0.34104595
347501,0.36336944
347521,0.47966346
347527,0.1430541
347531,0.23288888
347540,0.26648006
347556,0.25019532
347575,0.29389384
347579,0.14711785
347581,0.3774995
347583,0.39477846
347611,0.38726375
347614,0.48016238
347621,0.56373554
347629,0.7295571
347639,0.6183053
347642,0.43456444
347650,0.51328903
347665,0.2235032
347674,0.20426661
347678,0.7202362
347689,0.48495573
347690,0.15399164
347708,0.5218525
347712,0.79096264
347722,0.80138904
347728,0.30017766
347734,0.35872355
347736,0.80520463
347747,0.530639
347748,0.20563143
347753,0.6808945
347755,0.8113863
347756,0.45730343
347757,0.25798768
347763,0.6650788
347770,0.5323428
347771,0.6326178
347784,0.16418584
347792,0.35479406
347793,0.5606396
347801,0.35715914
347808,0.7322703
347821,0.3588789
347824,0.60626006
347829,0.5403147
347841,0.8115066
347845,0.24416833
347846,0.77373403
347853,0.71493727
347854,0.3546423
347858,0.461788
347859,0.21911553
347864,0.11592629
347869,0.25480193
347876,0.40309605
347880,0.42420503
347884,0.1568205
347888,0.1365112
347893,0.22057715
347900,0.38775408
347902,0.23793074
347910,0.35947746
347912,0.12285442
347915,0.41996974
347916,0.38905025
347919,0.15507968
347923,0.5833404
347952,0.8690475
348002,0.7164826
348003,0.2118594
348008,0.57453865
348014,0.28560486
348027,0.6849634
348031,0.2365039
348051,0.33800352
348060,0.39929584
348064,0.44748434
348066,0.3507295
348069,0.59313226
348077,0.5909974
348081,0.11200374
348087,0.51304656
348088,0.18280944
348094,0.75883895
348100,0.25205505
348119,0.42249238
348122,0.46331823
348141,0.73279285
348145,0.22185159
348154,0.26920205
348158,0.3346375
348163,0.7640541
348176,0.8020955
348177,0.1085556
348181,0.72968966
348190,0.53914154
348195,0.62237185
348197,0.5891622
348200,0.16953734
348209,0.48925275
348216,0.18142368
348217,0.48137477
348223,0.6717932
348228,0.22603248
348230,0.5835849
348249,0.25150463
348251,0.5644175
348261,0.57942057
348264,0.26778752
348271,0.20058553
348273,0.5968239
348280,0.61515707
348283,0.40833429
348285,0.6257603
348306,0.52700734
348312,0.49553436
348327,0.24209665
348328,0.6178513
348344,0.23677103
348358,0.7156407
348361,0.4547518
348362,0.6515077
348364,0.16116412
348370,0.25679326
348380,0.44772378
348400,0.29765037
348420,0.6763791
348428,0.51752865
348430,0.23983558
348445,0.3876002
348460,0.692096
348462,0.34111005
348465,0.59567726
348481,0.28858104
348482,0.3496639
348485,0.18270917
348491,0.54307526
348492,0.6279827
348522,0.7464408
348531,0.38787964
348536,0.22337532
348546,0.7448955
348547,0.34165886
348548,0.5381019
348551,0.22394818
348554,0.37906566
348564,0.38188052
348571,0.586427
348577,0.64509654
348593,0.61828536
348595,0.7360331
348606,0.30228463
348621,0.114840224
348630,0.47692847
348633,0.82407516
348644,0.52686685
348646,0.25466016
348680,0.23839237
348692,0.3176648
348698,0.5255256
348703,0.6736984
348712,0.38549215
348726,0.8148873
348727,0.18308872
348731,0.23959993
348733,0.37487185
348747,0.4241145
348753,0.16249478
348756,0.2458489
348760,0.43649492
348771,0.37671694
348785,0.14834459
348789,0.56751585
348793,0.127819
348797,0.10880235
348799,0.17224051
348811,0.4115767
348812,0.25335306
348818,0.18564218
348822,0.48982668
348833,0.50491875
348849,0.32940355
348875,0.39232582
348878,0.21615115
348879,0.2869728
348884,0.82171047
348887,0.16872245
348890,0.55667365
348901,0.23800895
348911,0.3076947
348936,0.16250502
348941,0.17622168
348949,0.19458534
348950,0.18040119
348952,0.104555465
348954,0.29150495
348971,0.45281374
348979,0.62153774
348985,0.5456046
348989,0.49807587
348999,0.41538817
349006,0.4397918
349013,0.7062369
349015,0.2566892
349024,0.2656417
349033,0.29734805
349047,0.24207632
349060,0.17799152
349065,0.4261166
349071,0.8266676
349081,0.5468686
349088,0.5109805
349093,0.23044345
349101,0.3210123
349107,0.5090648
349113,0.32331964
349123,0.4620764
349125,0.2986589
349129,0.40879622
349131,0.5136838
349132,0.25470766
349163,0.26070943
349168,0.35955065
349172,0.26036707
349187,0.104376696
349192,0.71447074
349193,0.31259647
349203,0.23329078
349227,0.44309935
349234,0.6156083
349248,0.32989424
349249,0.27228522
349254,0.24661677
349259,0.5353142
349265,0.6332947
349276,0.32224128
349281,0.21928772
349283,0.5758349
349288,0.5477522
349297,0.6440246
349299,0.51485926
349304,0.19641939
349306,0.25387996
349310,0.611925
349314,0.21783268
349320,0.46327594
349326,0.5864002
349329,0.2974339
349337,0.45871985
349357,0.23896973
349363,0.07434824
349374,0.15888086
349375,0.29373577
349394,0.33621332
349399,0.30309948
349404,0.21568201
349419,0.28325215
349422,0.7821832
349425,0.7585834
349432,0.31232733
349433,0.767332
349436,0.08516653
349437,0.34096152
349439,0.418636
349484,0.27863985
349488,0.35081393
349490,0.38799366
349538,0.6346253
349541,0.21424696
349543,0.27232698
349552,0.34069297
349560,0.52894324
349565,0.5586418
349570,0.45303157
349586,0.38551623
349589,0.37862676
349592,0.5219909
349596,0.47085154
349598,0.17853524
349601,0.29195103
349608,0.8218501
349615,0.72490436
349645,0.3615336
349654,0.62165564
349671,0.36310536
349679,0.48079064
349693,0.56458515
349706,0.7221966
349707,0.40200245
349708,0.37514332
349719,0.44847804
349727,0.7387052
349730,0.29237655
349735,0.5865523
349744,0.7066326
349745,0.34087032
349760,0.7165968
349765,0.37962538
349778,0.53118604
349787,0.34975314
349802,0.3882173
349812,0.80142504
349815,0.21661083
349847,0.4983201
349854,0.37414548
349855,0.49964952
349872,0.18568727
349873,0.5289915
349874,0.37011966
349886,0.18005554
349887,0.72811824
349911,0.3715161
349916,0.23007333
349920,0.66745776
349921,0.15234344
349929,0.4796627
349931,0.3411718
349935,0.22135651
349939,0.2641679
349960,0.3901784
349967,0.5126831
349969,0.7016885
349971,0.42715064
349977,0.23688507
349979,0.38008115
349981,0.4342962
349982,0.687328
349992,0.2031367
349994,0.34749055
350005,0.099712856
350006,0.14461866
350009,0.55911756
350017,0.23856181
350021,0.6265658
350023,0.43957856
350032,0.5319775
350033,0.5507852
350036,0.59111464
350037,0.3484016
350048,0.82537323
350052,0.52823657
350063,0.29173872
350077,0.5121257
350078,0.72191775
350086,0.64265054
350087,0.24305467
350107,0.12996091
350110,0.356075
350114,0.19585852
350119,0.73073995
350139,0.1848908
350154,0.3711334
350174,0.5380932
350177,0.51248497
350190,0.7764408
350193,0.46968043
350203,0.077661656
350206,0.6268838
350210,0.5676995
350225,0.5350578
350242,0.14849488
350264,0.33441818
350273,0.12696287
350277,0.43579376
350283,0.18156353
350286,0.35754707
350288,0.297336
350290,0.467882
350293,0.36323956
350310,0.7301024
350327,0.7689679
350330,0.30744776
350334,0.7842375
350340,0.28068653
350342,0.6138327
350344,0.6054703
350370,0.22186056
350372,0.6218625
350376,0.62193847
350387,0.32383078
350389,0.5291629
350395,0.8172255
350397,0.70455384
350433,0.38821176
350436,0.6632577
350442,0.13010968
350445,0.22162338
350446,0.72410667
350457,0.6715115
350480,0.22544649
350481,0.18953435
350484,0.5629841
350494,0.25243694
350511,0.2635269
350529,0.1607411
350531,0.12251248
350535,0.26527423
350539,0.17544988
350543,0.42636415
350544,0.35232487
350550,0.27982223
350558,0.44632742
350569,0.62347716
350571,0.69806653
350577,0.4804738
350582,0.44496635
350585,0.31909543
350596,0.17945985
350598,0.38663986
350599,0.6197299
350602,0.36886463
350612,0.21454889
350621,0.661938
350626,0.3192866
350628,0.19981335
350638,0.42214394
350646,0.59150505
350652,0.26107737
350665,0.24394798
350671,0.3601621
350677,0.44290787
350694,0.6441804
350697,0.48196587
350699,0.70568585
350703,0.59982187
350705,0.7804909
350708,0.1288999
350724,0.4196827
350731,0.25032562
350740,0.24209937
350745,0.52074486
350749,0.24337956
350754,0.6403872
350757,0.10952423
350764,0.38674718
350766,0.5363536
350779,0.57910895
350794,0.5498981
350805,0.2714676
350810,0.40953538
350817,0.36738527
350825,0.24181455
350829,0.2887834
350832,0.10253561
350841,0.07643595
350855,0.14114437
350862,0.20187409
350867,0.43176445
350871,0.1184705
350874,0.470527
350891,0.14692187
350895,0.4368974
350898,0.62272984
350899,0.12840594
350902,0.23918897
350913,0.54262733
350916,0.14647724
350933,0.25455493
350944,0.16613866
350954,0.7192743
350959,0.1534776
350965,0.14807735
350969,0.39639524
350984,0.35336673
350997,0.20688076
350999,0.6163329
351002,0.668838
351008,0.32727826
351014,0.394778
351025,0.5493924
351026,0.39070332
351046,0.59485626
351048,0.18202205
351070,0.2701452
351073,0.36752275
351079,0.27910998
351085,0.5714745
351091,0.3801906
351094,0.3373144
351115,0.20391949
351117,0.31671363
351126,0.403339
351142,0.1718481
351151,0.15110615
351171,0.31972054
351178,0.19833109
351186,0.11896027
351194,0.6837919
351201,0.1477291
351223,0.71505547
351225,0.690976
351226,0.3840027
351227,0.6028572
351240,0.69858044
351243,0.106431365
351244,0.66383123
351245,0.3664326
351248,0.2792446
351252,0.4481097
351259,0.6547669
351265,0.4449223
351291,0.5555839
351292,0.37691727
351294,0.4211525
351298,0.16737148
351303,0.6594523
351311,0.13692825
351326,0.3254184
351331,0.6150219
351338,0.35633636
351339,0.24831362
351364,0.38435304
351380,0.33463028
351383,0.5030662
351385,0.17557316
351386,0.15255825
351389,0.52412575
351392,0.6018151
351393,0.28379682
351407,0.8230304
351419,0.19813517
351422,0.26523808
351423,0.6390599
351430,0.40095255
351446,0.19770983
351454,0.40485832
351458,0.2660539
351461,0.18470882
351489,0.13596937
351495,0.24352202
351520,0.640117
351526,0.5677469
351535,0.23128988
351541,0.23491827
351567,0.2501423
351580,0.48188025
351581,0.8311229
351584,0.1794518
351587,0.34709203
351589,0.426023
351593,0.7259186
351616,0.47235388
351619,0.35230795
351625,0.40893412
351626,0.13187203
351635,0.1468817
351641,0.29596156
351655,0.27856076
351658,0.55108255
351669,0.68417716
351670,0.4203084
351671,0.39806753
351680,0.1642787
351687,0.16509183
351699,0.18878055
351722,0.39365178
351725,0.59725463
351740,0.5082628
351747,0.37271184
351758,0.37037164
351771,0.24349451
351780,0.39650705
351786,0.17874815
351789,0.42957315
351796,0.5523466
351801,0.46553648
351814,0.18725677
351817,0.5060331
351819,0.71413094
351825,0.6914242
351830,0.6373853
351831,0.49212983
351834,0.3219913
351836,0.47817457
351837,0.4546072
351838,0.47186106
351839,0.577635
351846,0.85382277
351863,0.49468213
351864,0.27918863
351880,0.37678862
351887,0.5903118
351891,0.4773325
351892,0.60214347
351898,0.58424383
351907,0.46980485
351916,0.3496037
351936,0.33048835
351937,0.37916258
351945,0.5221525
351957,0.2599131
351958,0.20884128
351962,0.3646222
351967,0.5345091
351970,0.5379342
351973,0.4874155
351978,0.2279024
351984,0.26733145
351989,0.66528404
351992,0.56060123
352015,0.25763202
352036,0.1544367
352043,0.18271405
352049,0.31332242
352053,0.38306305
352056,0.11214966
352058,0.3497042
352064,0.1873214
352065,0.19789785
352075,0.19362357
352092,0.41949525
352096,0.23127396
352097,0.15700084
352102,0.17723633
352103,0.09312356
352117,0.34941396
352119,0.15272982
352139,0.55925477
352145,0.15343463
352158,0.35727036
352198,0.5293192
352199,0.30237785
352200,0.6504582
352205,0.596984
352241,0.22793342
352244,0.72307205
352258,0.4881007
352260,0.2663007
352266,0.30479616
352273,0.3674943
352283,0.18072549
352303,0.59331095
352304,0.7114777
352351,0.4666961
352353,0.38600278
352379,0.2387619
352389,0.7527496
352390,0.29940626
352391,0.5544705
352403,0.35032833
352407,0.23416403
352409,0.7562468
352421,0.15760759
352425,0.3558095
352447,0.12193643
352450,0.48866573
352451,0.6497104
352457,0.21785092
352468,0.7131747
352482,0.23580669
352495,0.16155232
352501,0.603728
352506,0.9020701
352508,0.5220306
352522,0.5267847
352528,0.6371786
352539,0.5990932
352540,0.16195698
352551,0.4234124
352560,0.14939333
352561,0.7685763
352565,0.48342058
352566,0.26529315
352584,0.6063734
352592,0.22215673
352626,0.6223681
352650,0.14546065
352655,0.16292986
352668,0.7504527
352670,0.15304466
352685,0.69411117
352690,0.59056723
352692,0.27205592
352694,0.3632314
352700,0.23816755
352701,0.3421092
352708,0.42686975
352711,0.78669256
352734,0.37868893
352738,0.4292652
352742,0.2900808
352745,0.66736376
352746,0.28720957
352751,0.52842057
352762,0.64780957
352767,0.1533553
352768,0.3487525
352785,0.27210146
352788,0.33878577
352795,0.3536826
352814,0.43658492
352825,0.34517616
352827,0.282892
352828,0.18940099
352830,0.4269353
352850,0.34014654
352890,0.14623466
352901,0.14506389
352907,0.36333138
352909,0.6527614
352913,0.27706867
352925,0.30542168
352927,0.28784633
352928,0.53699046
352938,0.5883552
352942,0.49976313
352943,0.831558
352952,0.2377938
352958,0.3614801
352962,0.41098282
352967,0.37558886
352972,0.36055124
352988,0.029195702
352991,0.28327385
353002,0.3835073
353008,0.4968077
353011,0.24506952
353014,0.5132108
353018,0.046095632
353023,0.117086105
353029,0.21968259
353031,0.41324386
353035,0.76785755
353037,0.6391438
353042,0.36168468
353054,0.4060138
353078,0.37877744
353122,0.45550394
353123,0.27121148
353140,0.2635569
353145,0.46120292
353167,0.55033976
353177,0.5357688
353179,0.79315585
353185,0.23327717
353194,0.64776856
353195,0.4619017
353208,0.6663544
353210,0.28245702
353214,0.6674845
353215,0.5020069
353240,0.59712154
353241,0.6532901
353247,0.26241556
353259,0.547103
353262,0.58776397
353264,0.54962003
353278,0.43650302
353279,0.52627164
353280,0.5401251
353287,0.70766556
353288,0.30983597
353290,0.3487984
353299,0.27910978
353314,0.62771153
353328,0.51931584
353340,0.29377645
353350,0.2700856
353352,0.13508205
353364,0.43246502
353371,0.27346125
353373,0.24823982
353374,0.65047103
353389,0.1968849
353395,0.5922614
353419,0.8658269
353427,0.1886876
353441,0.4322484
353454,0.156228
353469,0.6229536
353475,0.6925969
353481,0.13722484
353483,0.49456555
353484,0.48512518
353488,0.6178383
353496,0.123332836
353504,0.3330935
353505,0.34436503
353509,0.24999541
353527,0.30293044
353574,0.55761915
353585,0.36404982
353595,0.47400892
353598,0.16240928
353602,0.5484163
353610,0.5590734
353618,0.34809753
353625,0.20995058
353626,0.7267314
353631,0.15091771
353635,0.30266628
353654,0.350889
353682,0.7000354
353688,0.61790276
353695,0.44033754
353711,0.098666355
353724,0.6192249
353729,0.3388527
353732,0.18920007
353749,0.62405246
353750,0.19854578
353752,0.4953744
353761,0.24977963
353782,0.15090759
353784,0.48331296
353801,0.15029092
353809,0.51084095
353812,0.58835816
353814,0.3394242
353821,0.29250193
353832,0.4674587
353845,0.41855782
353860,0.38214526
353863,0.25456792
353867,0.48041803
353876,0.49244663
353905,0.34810507
353923,0.1926831
353934,0.15957548
353943,0.33108246
353945,0.3447922
353973,0.1678819
353995,0.12699158
354001,0.52317643
354003,0.45469588
354011,0.073252216
354020,0.47779012
354024,0.65547186
354027,0.2950903
354031,0.3215594
354036,0.26230392
354037,0.30344
354039,0.2214306
354044,0.388045
354058,0.19092868
354071,0.31564146
354080,0.54668975
354084,0.25295666
354085,0.2688892
354089,0.17233941
354099,0.25169486
354100,0.30981076
354104,0.25003496
354106,0.4452308
354107,0.6909071
354111,0.17663845
354114,0.7536917
354115,0.70831853
354122,0.6792235
354130,0.44858772
354139,0.61686486
354140,0.28808606
354145,0.31201056
354149,0.09876
354167,0.2410183
354173,0.8884929
354176,0.27426824
354178,0.33183083
354182,0.28340226
354184,0.17170598
354186,0.40628803
354192,0.16131106
354209,0.34150288
354214,0.22985601
354218,0.7103619
354230,0.8768893
354251,0.17098902
354257,0.63894975
354264,0.7416236
354265,0.25853372
354267,0.41030225
354272,0.3051715
354273,0.4060496
354285,0.5629316
354298,0.5719949
354309,0.30368608
354312,0.47823995
354320,0.18848394
354322,0.4721202
354327,0.28481445
354333,0.66444653
354335,0.5754541
354344,0.6128255
354355,0.35130382
354358,0.28007814
354365,0.27418044
354368,0.52811223
354377,0.27517354
354386,0.3174691
354390,0.2604594
354394,0.12364793
354398,0.1612017
354402,0.40603098
354403,0.11074181
354406,0.72489876
354414,0.47146484
354421,0.2585644
354430,0.43730444
354445,0.51554626
354470,0.15320504
354479,0.30040833
354481,0.09782779
354483,0.58263755
354497,0.4106699
354511,0.36371058
354533,0.30157188
354549,0.77772653
354561,0.75417095
354570,0.4292064
354571,0.44682586
354577,0.54188377
354586,0.47501612
354598,0.7067233
354601,0.41101366
354602,0.24658695
354603,0.2778764
354606,0.3759948
354612,0.21066289
354613,0.21942613
354616,0.6418696
354624,0.41377696
354625,0.8708786
354636,0.24546468
354639,0.6078115
354640,0.2514275
354644,0.3416965
354650,0.2786677
354666,0.580217
354673,0.45122236
354674,0.23963852
354677,0.43789083
354684,0.56903213
354694,0.72310984
354698,0.22455694
354708,0.3572717
354709,0.3145742
354720,0.28649777
354738,0.38310206
354740,0.35649928
354757,0.29421058
354768,0.32594475
354775,0.7451721
354776,0.44960058
354792,0.46413505
354803,0.52096385
354809,0.37438512
354817,0.19409616
354818,0.12220149
354830,0.2155516
354832,0.58489907
354838,0.5411499
354839,0.22238062
354851,0.27931172
354861,0.40453503
354865,0.51332283
354890,0.48273918
354893,0.53514296
354898,0.39605275
354900,0.45282537
354910,0.78023976
354913,0.34122574
354937,0.22483672
354942,0.19235125
354953,0.16029514
354956,0.38100904
354958,0.4040163
354960,0.6015404
354984,0.5667262
354993,0.35077792
355017,0.72179
355025,0.46806675
355026,0.36811644
355041,0.599435
355043,0.1641955
355048,0.23621713
355057,0.3252239
355071,0.4056313
355075,0.4002339
355081,0.28666252
355083,0.6572085
355090,0.2701507
355105,0.6569073
355107,0.18062262
355108,0.7365286
355109,0.53781
355114,0.24990277
355117,0.5084811
355127,0.17282194
355148,0.23784359
355174,0.5629047
355180,0.4242587
355181,0.38105628
355184,0.59806114
355201,0.17190765
355207,0.3076661
355209,0.4189796
355217,0.27453312
355218,0.1994033
355237,0.30745247
355239,0.30743337
355241,0.5756246
355243,0.75095224
355250,0.61046803
355275,0.1489113
355282,0.22391628
355284,0.20038323
355287,0.61578673
355293,0.67043597
355296,0.32490346
355305,0.61737126
355312,0.5634727
355320,0.58958405
355327,0.29267326
355328,0.17305304
355333,0.24869773
355335,0.27665314
355336,0.54260033
355337,0.7205075
355338,0.5986639
355341,0.3224106
355355,0.6492924
355358,0.6153986
355360,0.75757515
355372,0.44788355
355382,0.22490759
355385,0.39761388
355393,0.82110953
355404,0.24162513
355408,0.48762405
355417,0.094495445
355418,0.29566804
355431,0.17393401
355434,0.19021636
355445,0.55287254
355502,0.24944073
355503,0.70188415
355511,0.4099656
355517,0.7138269
355519,0.5660687
355524,0.5562472
355536,0.24987125
355549,0.084903486
355550,0.47601822
355560,0.47170117
355569,0.073788
355571,0.13791965
355572,0.2066696
355575,0.30568132
355578,0.51400805
355584,0.64231914
355588,0.55781037
355592,0.6919076
355604,0.20971067
355638,0.3472758
355646,0.32508072
355649,0.33296558
355656,0.13927811
355657,0.255409
355666,0.32606885
355681,0.6554601
355697,0.23869263
355700,0.30429947
355701,0.47692406
355703,0.6194244
355704,0.62821937
355708,0.25988516
355736,0.4479188
355743,0.6119799
355769,0.305176
355773,0.5849091
355781,0.39029285
355785,0.49206454
355786,0.8024203
355798,0.21456334
355817,0.578926
355819,0.37402773
355826,0.31974402
355842,0.5404872
355846,0.3197329
355855,0.3323063
355870,0.3675807
355873,0.15330374
355874,0.83332765
355876,0.70591563
355877,0.1855706
355880,0.2516498
355920,0.34700334
355922,0.16711041
355930,0.171569
355935,0.1876246
355942,0.6017261
355963,0.34273326
355971,0.48967257
355973,0.1574214
355980,0.45721263
355981,0.40980712
355984,0.5426327
355987,0.7172856
355996,0.6524418
355997,0.12216979
356013,0.36368018
356016,0.2509117
356025,0.4943717
356027,0.2333016
356035,0.23281321
356036,0.5457158
356038,0.4265626
356041,0.2676241
356057,0.3117681
356063,0.26029783
356077,0.23666725
356080,0.6452218
356086,0.19451723
356102,0.35877043
356106,0.46464995
356118,0.3358124
356140,0.4051913
356150,0.7507781
356153,0.35437328
356159,0.34202227
356163,0.5586416
356164,0.2303079
356168,0.7211064
356169,0.32100892
356170,0.27881074
356199,0.30802765
356211,0.17960477
356220,0.40379483
356246,0.22835198
356249,0.37759507
356255,0.6075436
356258,0.54010147
356262,0.62505776
356273,0.078800336
356279,0.7165479
356281,0.16127515
356308,0.6981068
356324,0.6953967
356327,0.44210684
356328,0.076615125
356331,0.2531409
356336,0.36488572
356345,0.28725392
356382,0.1998128
356395,0.41174185
356399,0.5639637
356400,0.36703625
356413,0.36922616
356414,0.53826135
356418,0.39135748
356427,0.20421022
356433,0.22598058
356439,0.1796267
356444,0.35685804
356475,0.4549113
356480,0.55568016
356482,0.7632626
356497,0.06697534
356512,0.32967827
356517,0.76526916
356536,0.38573322
356539,0.3264966
356551,0.37456775
356556,0.66585904
356558,0.7149858
356559,0.22367606
356563,0.19511679
356578,0.5026979
356583,0.7409864
356584,0.64641386
356592,0.21651696
356594,0.289932
356596,0.3094164
356597,0.10103833
356598,0.4537158
356602,0.31839564
356609,0.51505786
356624,0.47190088
356626,0.4016287
356627,0.18225877
356641,0.21272172
356648,0.5763575
356649,0.39758343
356650,0.44140685
356651,0.12843974
356659,0.19633771
356676,0.40332308
356687,0.68414783
356689,0.4473267
356698,0.36410525
356726,0.25148967
356732,0.3206801
356741,0.8263953
356742,0.17139198
356746,0.22053504
356750,0.54460156
356754,0.5504812
356760,0.2555475
356762,0.11830437
356763,0.3375869
356777,0.5763169
356784,0.4096052
356795,0.49424157
356801,0.20774205
356802,0.3444713
356808,0.38862288
356813,0.4619889
356816,0.5323926
356818,0.77489823
356825,0.5351997
356828,0.27982113
356836,0.37218514
356854,0.4960055
356857,0.38636598
356865,0.27212605
356873,0.2532734
356879,0.15706147
356880,0.30740425
356885,0.6765495
356889,0.2079151
356903,0.27255356
356905,0.23166735
356913,0.5271425
356916,0.14822602
356939,0.5123012
356944,0.5407071
356952,0.7053991
356958,0.52940625
356963,0.31557366
356967,0.08757018
356970,0.34749982
356977,0.14527068
356980,0.41578695
356981,0.18583947
356983,0.49030015
356998,0.828779
357005,0.2468791
357022,0.38583347
357032,0.42201576
357033,0.5124613
357035,0.26219177
357047,0.34470186
357054,0.16333665
357057,0.6925206
357069,0.50650334
357096,0.5022411
357102,0.62907225
357118,0.26328012
357124,0.3208008
357137,0.44337958
357138,0.449781
357149,0.26737103
357151,0.20559378
357157,0.33031482
357158,0.6482105
357162,0.1552394
357163,0.29648787
357171,0.19216236
357175,0.13791676
357192,0.18372719
357200,0.460902
357204,0.33615342
357206,0.32370493
357215,0.5139993
357221,0.23709711
357228,0.2060853
357247,0.42386836
357249,0.30139863
357268,0.39646736
357270,0.21750723
357279,0.62044936
357287,0.19278397
357293,0.23039266
357306,0.34497097
357308,0.77281064
357321,0.33972007
357326,0.8095581
357340,0.1062786
357342,0.6420841
357352,0.31942788
357361,0.44148964
357368,0.39841798
357370,0.30805975
357377,0.3326846
357382,0.11371668
357383,0.24207188
357384,0.40042618
357398,0.45443115
357415,0.17611922
357420,0.5507508
357439,0.33740544
357440,0.10040635
357458,0.135421
357464,0.5812943
357467,0.26002568
357469,0.62127906
357472,0.5419656
357489,0.65490955
357504,0.7378221
357522,0.36740485
357527,0.27145365
357547,0.5329566
357550,0.26177722
357558,0.27909797
357559,0.5720046
357562,0.22378042
357572,0.3188639
357583,0.7111766
357585,0.6771588
357598,0.3193233
357607,0.2643709
357613,0.23127197
357627,0.37541056
357630,0.26092216
357631,0.805684
357680,0.1234972
357694,0.2186832
357698,0.6067589
357699,0.3804735
357707,0.23061252
357732,0.22559007
357748,0.69211286
357755,0.6899953
357767,0.6121304
357786,0.13800062
357791,0.3506269
357799,0.14394423
357824,0.13326941
357830,0.072923236
357832,0.3288471
357840,0.5424193
357863,0.6066499
357865,0.20504433
357868,0.7185735
357869,0.080909654
357878,0.3872921
357886,0.56917375
357891,0.1881383
357897,0.13730925
357915,0.7044351
357927,0.36253124
357947,0.16385272
357958,0.32185477
357959,0.19967732
357976,0.31387302
357992,0.70104873
357995,0.27925536
357996,0.3259986
358020,0.6189553
358022,0.7547752
358023,0.2357753
358029,0.18757708
358040,0.57472676
358059,0.230245
358071,0.21214944
358076,0.29350603
358095,0.28615052
358096,0.24742343
358104,0.27251953
358110,0.43421587
358122,0.55721545
358137,0.3037617
358147,0.54143304
358149,0.3334467
358155,0.5624521
358161,0.5390339
358163,0.46453312
358172,0.45092013
358178,0.45652676
358183,0.7024483
358186,0.19888397
358189,0.40840733
358198,0.2995949
358211,0.48220444
358219,0.4171662
358220,0.35582578
358225,0.74932617
358231,0.21151939
358233,0.13093746
358247,0.68094414
358258,0.51785356
358264,0.55885124
358271,0.81057394
358273,0.40025818
358275,0.31487083
358278,0.45017302
358287,0.59395635
358309,0.32614896
358327,0.42881343
358342,0.27849358
358348,0.55282575
358352,0.11689466
358373,0.53464365
358384,0.2845918
358394,0.30970544
358405,0.72145206
358409,0.12259926
358412,0.68695873
358424,0.5056605
358427,0.12856247
358434,0.58639127
358444,0.64152396
358448,0.20977528
358449,0.40512848
358458,0.11656385
358472,0.4405149
358483,0.43571866
358490,0.34649903
358503,0.17315646
358504,0.2570778
358505,0.16659343
358512,0.791873
358513,0.29710972
358528,0.33505556
358532,0.3264282
358536,0.49964738
358538,0.32250068
358559,0.33359602
358590,0.6616978
358601,0.63848865
358627,0.344436
358631,0.58618516
358632,0.2688755
358640,0.4859163
358649,0.55479276
358650,0.18263307
358653,0.16122505
358676,0.1751942
358679,0.36392966
358695,0.6241269
358703,0.3928701
358705,0.13277344
358710,0.11647899
358730,0.16944122
358731,0.39730716
358735,0.6433771
358744,0.53171915
358748,0.6051435
358750,0.20387623
358752,0.113417074
358764,0.5507719
358777,0.29188743
358786,0.63295573
358789,0.37392253
358805,0.46184948
358809,0.19772196
358810,0.25811207
358824,0.2772513
358829,0.5456538
358838,0.5349925
358840,0.47382867
358841,0.4462809
358854,0.51486003
358873,0.91798407
358879,0.5076145
358884,0.6238465
358885,0.16203137
358886,0.15187587
358892,0.42966816
358895,0.44074592
358906,0.14272293
358910,0.30563998
358911,0.2263705
358924,0.7303118
358929,0.37870705
358937,0.71271
358949,0.5592277
358955,0.27745533
358956,0.6984918
358959,0.24540561
358960,0.39192042
358969,0.22383231
358983,0.11290971
358990,0.58082664
358992,0.1441131
358994,0.27245235
359004,0.19203766
359015,0.33683953
359023,0.5190014
359030,0.23925321
359032,0.2280159
359038,0.4920553
359044,0.6313341
359049,0.42640737
359050,0.27955022
359064,0.25872573
359095,0.4516217
359100,0.63237464
359105,0.22134276
359116,0.6465339
359134,0.42540497
359136,0.6410945
359143,0.27758667
359147,0.25883326
359175,0.2514397
359182,0.36644545
359188,0.14697519
359196,0.20913468
359198,0.4658494
359202,0.26086494
359212,0.31166545
359229,0.5005465
359232,0.5759942
359247,0.19900253
359258,0.52465516
359260,0.6051559
359261,0.6682154
359262,0.78967005
359268,0.35001254
359285,0.14811176
359293,0.3608782
359294,0.09145884
359297,0.3628012
359299,0.27121782
359311,0.09196988
359319,0.43434268
359320,0.16187106
359322,0.60842144
359353,0.27716663
359355,0.49095577
359360,0.5433985
359367,0.3372867
359369,0.2403828
359372,0.15316646
359377,0.40242103
359381,0.1414453
359382,0.41643474
359387,0.5201576
359389,0.18103497
359392,0.598114
359437,0.633245
359438,0.25099692
359440,0.40246427
359442,0.2825759
359455,0.19906859
359474,0.695052
359475,0.48042744
359480,0.8548787
359485,0.50655293
359493,0.12184804
359497,0.30128783
359505,0.2163955
359506,0.26196474
359516,0.24771588
359518,0.19388844
359523,0.4066533
359547,0.7187556
359548,0.3218337
359556,0.47064748
359577,0.38388836
359580,0.79145783
359588,0.4023506
359590,0.16549028
359592,0.4099503
359599,0.38926008
359609,0.58826864
359611,0.33785003
359619,0.21819346
359623,0.5427223
359654,0.38867408
359666,0.12229764
359669,0.5863501
359672,0.17596462
359673,0.8679563
359677,0.14067805
359685,0.28906628
359690,0.38814235
359697,0.2632415
359702,0.2365174
359707,0.3713418
359711,0.4806703
359719,0.37181297
359722,0.49733788
359726,0.723892
359730,0.3353073
359731,0.5116255
359741,0.78358746
359743,0.7218388
359748,0.13121311
359753,0.18975708
359758,0.84888595
359773,0.31087103
359780,0.36995062
359785,0.2923081
359800,0.18108635
359806,0.57046825
359809,0.42427838
359822,0.24488932
359828,0.71421987
359847,0.42862973
359855,0.27080223
359858,0.44032925
359864,0.20702904
359884,0.4751618
359886,0.23292574
359898,0.6339786
359908,0.545174
359921,0.7668251
359945,0.34664208
359958,0.05880059
359964,0.43832144
359980,0.31111538
359992,0.22033314
359994,0.5746247
360001,0.305648
360004,0.25362775
360009,0.6380592
360020,0.4007023
360049,0.8179915
360058,0.19676065
360063,0.29252568
360064,0.2158656
360074,0.23381399
360095,0.42599395
360098,0.21827787
360099,0.085431926
360100,0.4707279
360103,0.32381275
360106,0.27942154
360107,0.64974093
360124,0.42745012
360126,0.16432789
360138,0.4616876
360140,0.36600074
360141,0.08942522
360149,0.74552643
360152,0.7064245
360165,0.21841075
360171,0.19774236
360176,0.77436876
360183,0.45627657
360186,0.09280964
360189,0.68692833
360191,0.6484767
360199,0.8058911
360204,0.2469017
360205,0.314627
360217,0.59282
360225,0.534431
360231,0.3724624
360238,0.2667007
360248,0.85237026
360249,0.15398932
360254,0.6912295
360256,0.5751747
360257,0.30185336
360258,0.5918686
360277,0.6126518
360279,0.7088874
360280,0.73279905
360281,0.59612787
360283,0.3699947
360290,0.39697188
360312,0.34617788
360316,0.22184211
360320,0.13100775
360324,0.57940865
360333,0.40914866
360339,0.35748917
360347,0.25320733
360359,0.74229115
360360,0.77538735
360367,0.36321938
360372,0.17396441
360382,0.47395483
360386,0.5739481
360400,0.22254562
360411,0.37928113
360412,0.48188174
360415,0.3281438
360419,0.3753815
360421,0.20071384
360427,0.15029643
360429,0.49150303
360438,0.19611286
360439,0.20947686
360445,0.56603414
360454,0.5838586
360458,0.335479
360467,0.15592645
360469,0.23211232
360471,0.2850547
360472,0.27168888
360475,0.34070107
360478,0.6331568
360479,0.30984706
360480,0.4104346
360484,0.3124944
360496,0.14584194
360504,0.43907183
360517,0.3494143
360518,0.6360905
360526,0.36199766
360530,0.47959813
360535,0.55759346
360538,0.37060857
360539,0.42225844
360545,0.14372241
360569,0.30896586
360579,0.5075177
360580,0.41065973
360611,0.18832518
360612,0.27036694
360626,0.18456131
360628,0.18109941
360631,0.41156006
360633,0.21194929
360640,0.22471882
360643,0.70258284
360645,0.35561863
360663,0.09063608
360666,0.35574406
360678,0.18987712
360683,0.38187304
360707,0.55658346
360715,0.54640675
360723,0.59676206
360727,0.094163276
360733,0.52445126
360746,0.10479618
360759,0.18013023
360767,0.44744825
360769,0.27599645
360770,0.09484078
360779,0.4068827
360791,0.5222886
360792,0.21072088
360801,0.6018278
360812,0.54389083
360814,0.11740174
360828,0.30824515
360830,0.7047127
360837,0.31823283
360838,0.47836822
360844,0.37590486
360860,0.23148277
360864,0.34159115
360871,0.2813599
360872,0.6335666
360877,0.5879664
360880,0.37817484
360881,0.19611438
360882,0.3115269
360884,0.16440207
360885,0.3651388
360889,0.57940644
360893,0.4631719
360898,0.36064586
360933,0.84722006
360941,0.53902215
360942,0.45875296
360943,0.12980162
360960,0.31524464
360973,0.5425554
360979,0.49838448
360987,0.303285
360988,0.19203503
360999,0.4490646
361001,0.18691808
361005,0.7116021
361007,0.53726953
361024,0.18843201
361028,0.42167455
361051,0.4271843
361072,0.17965464
361086,0.4055161
361093,0.7301986
361098,0.24758857
361124,0.24432117
361130,0.2792753
361132,0.5623202
361133,0.16209088
361135,0.56625456
361148,0.7359355
361150,0.2045874
361152,0.35858995
361154,0.31470397
361158,0.26513278
361171,0.39895096
361175,0.3960802
361177,0.1023984
361195,0.4936602
361200,0.20679806
361203,0.70436394
361205,0.40002412
361214,0.47625825
361217,0.38044837
361226,0.36744142
361232,0.46100858
361236,0.528953
361249,0.13603994
361251,0.6531213
361252,0.5031942
361284,0.571957
361289,0.45372906
361297,0.16024828
361304,0.550183
361311,0.56347483
361334,0.56468964
361339,0.2471357
361340,0.42722252
361348,0.30716717
361352,0.19087847
361354,0.3928497
361355,0.52968895
361370,0.57403934
361390,0.38095912
361392,0.35420632
361397,0.6359967
361402,0.30059537
361405,0.53330725
361406,0.32420057
361426,0.12386428
361431,0.53787476
361440,0.1276706
361451,0.75184
361469,0.8177329
361473,0.53210956
361497,0.33071974
361511,0.16596958
361515,0.14418992
361525,0.15693265
361540,0.14534262
361557,0.375556
361560,0.3424106
361565,0.23243077
361569,0.34167695
361570,0.35610873
361578,0.11330971
361580,0.5485114
361585,0.3703477
361589,0.28928807
361591,0.1436609
361599,0.39960563
361603,0.2383556
361605,0.3752482
361606,0.76365834
361615,0.7063204
361622,0.25082308
361627,0.13124868
361632,0.54418826
361636,0.20935556
361637,0.45253217
361638,0.51795244
361639,0.2813762
361651,0.387587
361662,0.70497984
361684,0.1962428
361693,0.40577164
361697,0.58831084
361710,0.22684771
361713,0.65736026
361729,0.48363224
361785,0.17701931
361796,0.50076234
361805,0.47752145
361811,0.3272227
361812,0.52263296
361819,0.8067763
361828,0.20580749
361833,0.16958371
361836,0.48061147
361839,0.35682422
361855,0.21804342
361866,0.47251755
361870,0.2085902
361873,0.35773718
361885,0.5615317
361896,0.62143886
361913,0.27359885
361919,0.21366161
361932,0.72782177
361933,0.30412367
361935,0.709916
361939,0.36911
361946,0.1974848
361947,0.29316545
361949,0.46557525
361951,0.68325996
361962,0.5039121
361972,0.2913505
361975,0.3753776
361989,0.22171438
362004,0.44840094
362012,0.13212676
362014,0.30427235
362016,0.14921695
362028,0.35787714
362033,0.2168648
362034,0.6387442
362038,0.23861341
362052,0.40622452
362061,0.21013334
362063,0.5247284
362070,0.38784277
362072,0.25073278
362075,0.27523884
362079,0.40198192
362086,0.11758898
362091,0.7057414
362094,0.44656065
362101,0.1577342
362112,0.31998032
362115,0.8015011
362117,0.4845299
362121,0.7842271
362128,0.5489693
362130,0.38852784
362135,0.47210228
362142,0.26638713
362146,0.42508143
362149,0.27305317
362157,0.4237203
362165,0.14446442
362166,0.24623324
362167,0.28669992
362173,0.3751565
362187,0.42966396
362197,0.48068297
362206,0.5793387
362207,0.22364053
362210,0.20780241
362216,0.4965902
362219,0.72003615
362221,0.48904896
362224,0.26177984
362228,0.43689165
362236,0.27893886
362242,0.34923604
362251,0.41026768
362252,0.40963712
362257,0.40016133
362284,0.29404804
362286,0.31421083
362298,0.48579383
362300,0.51642424
362306,0.32857174
362308,0.8225359
362315,0.26139095
362318,0.36558658
362322,0.29055807
362332,0.3379306
362338,0.3955901
362341,0.71049905
362347,0.7665138
362348,0.4912702
362361,0.7324662
362365,0.41836694
362369,0.6071376
362373,0.14320402
362376,0.54205304
362384,0.30219176
362386,0.37255985
362387,0.19384621
362389,0.26958963
362393,0.37206754
362412,0.19336842
362420,0.48089007
362426,0.5939304
362432,0.24196269
362445,0.8191415
362450,0.23844978
362452,0.5598758
362465,0.33815303
362468,0.64013267
362474,0.53212434
362484,0.2706982
362487,0.6834499
362512,0.32406554
362530,0.27986056
362531,0.4531462
362552,0.31756824
362555,0.48119682
362556,0.34653443
362563,0.5515403
362572,0.2584231
362579,0.30335286
362580,0.6810725
362597,0.49846935
362635,0.21468852
362637,0.44924557
362641,0.565833
362652,0.34597883
362657,0.26960674
362660,0.14952971
362661,0.33911183
362671,0.1479822
362675,0.49631003
362680,0.26404256
362682,0.2724428
362685,0.3035755
362697,0.081525534
362700,0.7769584
362702,0.23983017
362705,0.42206863
362707,0.60394835
362710,0.6103169
362711,0.70574456
362718,0.55270326
362723,0.25037414
362730,0.24944358
362742,0.6554361
362781,0.30671075
362789,0.742775
362790,0.31796217
362795,0.24939534
362799,0.2805552
362800,0.5776447
362803,0.2304753
362808,0.35835978
362814,0.36379203
362820,0.16027689
362826,0.28337118
362831,0.5582568
362833,0.34217113
362839,0.6002477
362852,0.3663202
362872,0.44043964
362882,0.31140387
362885,0.5911444
362889,0.20078535
362890,0.39529288
362891,0.5101154
362900,0.5573794
362907,0.19237491
362908,0.2669304
362953,0.2675724
362967,0.60201865
362982,0.25180793
363015,0.17869166
363027,0.2674009
363035,0.36375007
363039,0.52329105
363045,0.38385257
363048,0.7155003
363057,0.8282029
363059,0.48521575
363063,0.42134625
363080,0.18673992
363082,0.5539539
363090,0.41390502
363094,0.40859312
363106,0.1038274
363114,0.8048863
363118,0.72669524
363121,0.4577749
363128,0.2450186
363136,0.3266895
363141,0.19953638
363142,0.26192454
363147,0.24782053
363151,0.29177216
363153,0.33001214
363158,0.096418746
363171,0.20801497
363174,0.3848535
363180,0.20594695
363187,0.23764199
363191,0.5878327
363192,0.15003411
363196,0.29492062
363199,0.30380994
363209,0.32083225
363210,0.585187
363212,0.4561713
363227,0.48313382
363231,0.37336972
363232,0.23018871
363243,0.28709775
363253,0.34334227
363285,0.25908577
363299,0.26954925
363310,0.29621145
363311,0.25215963
363316,0.6723085
363322,0.82997155
363329,0.24017787
363331,0.5592119
363334,0.3250498
363339,0.1530548
363340,0.7698478
363341,0.088758625
363343,0.83840376
363347,0.33740094
363350,0.29246083
363377,0.69304883
363379,0.46959388
363382,0.3449363
363386,0.36824462
363387,0.17463769
363388,0.13108082
363391,0.095927864
363394,0.36845732
363397,0.32808435
363405,0.55167264
363422,0.08860611
363427,0.56598336
363455,0.3737807
363467,0.522861
363493,0.5756201
363508,0.36197948
363514,0.8321922
363525,0.5043231
363530,0.6355168
363531,0.25946155
363538,0.20552883
363539,0.118654884
363542,0.37573457
363543,0.43112794
363551,0.76020974
363568,0.30982515
363576,0.5685106
363580,0.65064436
363582,0.3560404
363598,0.21937779
363601,0.33581007
363611,0.5192362
363612,0.191599
363618,0.20484361
363623,0.41725326
363624,0.69887793
363642,0.45172095
363645,0.79812527
363651,0.8316607
363657,0.28007302
363663,0.4662039
363667,0.18081182
363687,0.454015
363704,0.19315326
363705,0.5009158
363717,0.34241328
363725,0.26169375
363728,0.08304056
363733,0.41812825
363744,0.4385769
363745,0.2719153
363756,0.46353203
363759,0.44134006
363760,0.42982432
363762,0.10398741
363768,0.38420594
363777,0.5961726
363782,0.14414167
363785,0.16164446
363797,0.3399748
363815,0.17797247
363822,0.25181437
363834,0.5114072
363842,0.65187573
363845,0.8570321
363846,0.48105136
363849,0.39010307
363850,0.43119618
363853,0.29816476
363859,0.3602157
363860,0.3448396
363877,0.28891024
363881,0.33906582
363893,0.148431
363902,0.7274997
363903,0.55049384
363916,0.4881253
363924,0.55613136
363940,0.4933738
363944,0.34586635
363955,0.69995034
363960,0.18031256
363984,0.23803504
363990,0.49860907
364009,0.6260467
364014,0.6772527
364035,0.21064666
364043,0.17788653
364065,0.17086121
364067,0.18013304
364068,0.43594685
364072,0.7357509
364079,0.44950074
364094,0.6476887
364096,0.29993448
364105,0.51824045
364109,0.2477615
364122,0.607092
364141,0.23899256
364146,0.728232
364147,0.31895843
364151,0.6293524
364152,0.08815879
364156,0.19731806
364160,0.46322766
364171,0.14581662
364183,0.08898784
364199,0.20727684
364206,0.3536994
364220,0.45833045
364222,0.15919739
364224,0.7278124
364232,0.31761196
364248,0.4401429
364251,0.355381
364274,0.31629357
364286,0.40953773
364289,0.12324279
364290,0.31488585
364291,0.32278997
364292,0.1371572
364308,0.27279347
364310,0.5354419
364311,0.5722688
364312,0.6795701
364314,0.61368334
364337,0.3738848
364339,0.42041132
364357,0.8602918
364359,0.45659605
364371,0.46856087
364374,0.5326367
364378,0.48845875
364382,0.61717474
364397,0.37633926
364401,0.43222415
364403,0.21389665
364411,0.58655596
364413,0.5176005
364414,0.22360437
364415,0.2689613
364418,0.2132794
364428,0.31216314
364430,0.112996146
364436,0.6174741
364451,0.24975878
364457,0.25325653
364461,0.3579512
364471,0.5578712
364472,0.28791717
364481,0.8421
364482,0.23002286
364484,0.805152
364492,0.52265966
364494,0.418581
364507,0.32558098
364508,0.55487895
364537,0.31831828
364538,0.48478517
364539,0.82035464
364547,0.70314187
364561,0.5736195
364586,0.6080042
364603,0.25138366
364622,0.22761542
364660,0.1688518
364662,0.36714545
364669,0.72829777
364698,0.38300708
364699,0.28227296
364700,0.2464748
364702,0.48116392
364710,0.6926836
364714,0.37054965
364731,0.6297867
364738,0.09142174
364739,0.26519507
364743,0.32233754
364762,0.56754047
364767,0.6163515
364775,0.18611191
364781,0.45221576
364783,0.13877977
364796,0.16572145
364810,0.22822353
364815,0.72905785
364823,0.31676826
364826,0.33159837
364837,0.45683524
364839,0.7637634
364844,0.42030755
364851,0.4897009
364853,0.5347983
364854,0.25911638
364858,0.26834562
364872,0.4753249
364875,0.4733686
364877,0.48478353
364878,0.2789833
364884,0.1382667
364907,0.505943
364911,0.5876341
364916,0.39247718
364920,0.3346572
364927,0.3187246
364944,0.5316515
364948,0.6713706
364950,0.41971925
364953,0.14983396
364955,0.45680252
364959,0.35804474
364966,0.53647995
364971,0.34203
364979,0.6491751
364980,0.13599002
364982,0.6446285
364984,0.44444966
364993,0.20589055
365001,0.19401477
365030,0.28321576
365035,0.47310925
365044,0.21534652
365046,0.30587745
365050,0.2484577
365051,0.61573154
365054,0.6299548
365055,0.32761854
365064,0.46556965
365069,0.7186181
365092,0.33703965
365102,0.56153166
365109,0.19691132
365110,0.45766366
365117,0.22989362
365120,0.46265852
365128,0.5843146
365131,0.42970857
365136,0.38047308
365151,0.5275458
365153,0.57133
365154,0.31847352
365160,0.16092786
365166,0.31017447
365171,0.3358497
365181,0.45596683
365194,0.5890663
365210,0.4413754
365221,0.32334703
365234,0.13291693
365252,0.5953965
365254,0.77223355
365264,0.35577878
365276,0.3080599
365282,0.14286228
365284,0.5018421
365290,0.15326282
365317,0.45306563
365329,0.63529724
365353,0.20577264
365356,0.5606067
365358,0.3902276
365374,0.6484267
365392,0.40769267
365396,0.22606263
365408,0.41525534
365412,0.19087037
365429,0.21878625
365431,0.66752213
365435,0.5185105
365439,0.40079403
365473,0.49447662
365476,0.34371197
365486,0.38984632
365497,0.27975073
365518,0.5956384
365519,0.32493925
365520,0.7245187
365523,0.29236153
365531,0.41385928
365532,0.2038074
365534,0.27684996
365544,0.7494546
365552,0.536425
365564,0.30061093
365569,0.23531175
365570,0.37153724
365575,0.7593261
365576,0.3964829
365585,0.5439868
365595,0.35553488
365612,0.2632521
365613,0.73336893
365624,0.18230547
365631,0.50074786
365634,0.317466
365643,0.31978405
365644,0.52598494
365663,0.4391722
365666,0.42990538
365672,0.34315106
365676,0.7406607
365680,0.18240374
365696,0.4882025
365699,0.6094975
365706,0.2911942
365707,0.28535604
365711,0.2788005
365716,0.31696773
365717,0.19854511
365718,0.15518099
365757,0.42231935
365770,0.42611197
365776,0.38304618
365781,0.67924964
365784,0.115266375
365787,0.365643
365805,0.57097477
365820,0.13812602
365831,0.3733179
365836,0.5238853
365837,0.60247946
365859,0.9464514
365861,0.2509816
365863,0.54195076
365872,0.39517054
365877,0.21867976
365882,0.5581922
365893,0.5813263
365894,0.5375243
365900,0.41269058
365910,0.2891195
365913,0.19758278
365916,0.4567864
365923,0.61032784
365946,0.7614812
365948,0.53100896
365951,0.35211697
365965,0.6268823
365966,0.43961874
365975,0.2524516
365979,0.83515406
365989,0.53190976
365991,0.79468656
365992,0.35051572
366001,0.5980855
366010,0.58644
366013,0.6905121
366028,0.23925583
366036,0.20079827
366038,0.20349264
366044,0.2577828
366048,0.6592153
366060,0.17004502
366067,0.5988661
366071,0.66813755
366078,0.4234969
366081,0.19673663
366082,0.32523495
366093,0.6622486
366099,0.19914025
366103,0.3265773
366105,0.30945206
366111,0.5233839
366112,0.3467737
366125,0.33159637
366144,0.5942177
366147,0.296771
366149,0.82015204
366166,0.2182559
366168,0.73963124
366173,0.3997391
366178,0.2888815
366180,0.63854307
366209,0.18464711
366213,0.5687249
366214,0.64736223
366215,0.3732523
366220,0.1753345
366226,0.33709455
366230,0.79174083
366236,0.73876816
366245,0.3369131
366282,0.70908636
366286,0.37791848
366295,0.27607098
366296,0.4395917
366297,0.65738755
366300,0.26625997
366303,0.31247962
366307,0.7348884
366314,0.57300943
366320,0.26769897
366321,0.16391726
366327,0.23999982
366330,0.33775157
366332,0.7655299
366334,0.23037207
366341,0.3288321
366363,0.21906178
366367,0.5688029
366369,0.6807851
366382,0.26903364
366394,0.57242274
366396,0.26160672
366398,0.4608303
366406,0.5491358
366414,0.22289526
366417,0.40045094
366419,0.43708655
366422,0.29169643
366436,0.09857935
366442,0.76971596
366451,0.6529344
366455,0.50404495
366458,0.3701999
366460,0.31810293
366466,0.43628818
366473,0.6485937
366502,0.33853906
366505,0.8259239
366526,0.6009691
366530,0.6224416
366532,0.15240268
366539,0.15809432
366541,0.5458744
366542,0.27790865
366553,0.22043206
366571,0.26087928
366582,0.15823159
366583,0.5285391
366589,0.75041133
366595,0.6591178
366606,0.26331878
366611,0.2906149
366613,0.68779486
366615,0.45268276
366616,0.49839407
366624,0.5082306
366632,0.2614823
366649,0.16520251
366650,0.6341219
366657,0.27963603
366664,0.5068254
366666,0.27105075
366674,0.65116495
366676,0.32102707
366677,0.24173607
366688,0.3418026
366689,0.6320451
366693,0.2993434
366696,0.38680622
366698,0.50377256
366700,0.1510234
366703,0.7413797
366709,0.4078722
366711,0.22685839
366725,0.3515789
366741,0.2559521
366742,0.12811929
366747,0.1360973
366750,0.19003102
366754,0.47757235
366762,0.3791134
366774,0.5492075
366781,0.14086941
366784,0.2800645
366789,0.22892614
366790,0.43365607
366797,0.18460329
366806,0.18099467
366820,0.12195741
366845,0.6728945
366858,0.5668694
366860,0.25193283
366874,0.3114382
366876,0.63714427
366879,0.16018398
366884,0.41317168
366886,0.397032
366905,0.717371
366908,0.545109
366909,0.7241348
366917,0.36989522
366921,0.6245478
366927,0.18265997
366936,0.35878885
366952,0.41359934
366962,0.66532016
366964,0.73125404
366965,0.40694213
366981,0.2469582
366988,0.35495058
366992,0.24121387
366998,0.5810333
366999,0.24156418
367017,0.19101031
367023,0.43684283
367024,0.35093704
367025,0.68136656
367037,0.24518766
367040,0.61759347
367043,0.31832504
367052,0.23930292
367056,0.21819395
367064,0.65116334
367075,0.43671125
367089,0.3295211
367098,0.34236175
367119,0.39457917
367124,0.37670368
367134,0.78392303
367136,0.35257646
367138,0.2963708
367153,0.34212962
367158,0.43869054
367169,0.48898825
367179,0.5617365
367180,0.2345625
367212,0.2076137
367216,0.656946
367217,0.20829931
367220,0.12036029
367224,0.38484594
367241,0.33904955
367245,0.5572936
367256,0.6861765
367266,0.21197721
367283,0.38073793
367290,0.49615014
367295,0.3559109
367310,0.2384981
367315,0.7506458
367322,0.572029
367332,0.20547509
367338,0.54106975
367347,0.6776134
367381,0.4837194
367383,0.4776912
367386,0.33137557
367392,0.22514954
367399,0.77798915
367411,0.18312101
367414,0.14129995
367436,0.26780763
367439,0.368165
367440,0.6803398
367465,0.6097291
367466,0.8458273
367478,0.66712034
367479,0.48980138
367481,0.30594012
367505,0.40338838
367515,0.23319726
367516,0.31395903
367526,0.5483384
367527,0.4835983
367533,0.680988
367535,0.64718944
367545,0.6776968
367546,0.23752694
367547,0.34726316
367555,0.4762532
367557,0.4641635
367558,0.51793927
367573,0.34754065
367580,0.74521315
367581,0.08878768
367582,0.43264323
367588,0.29251814
367601,0.27712488
367617,0.4413601
367624,0.48559642
367626,0.4512456
367632,0.5089187
367651,0.2653731
367663,0.14141355
367674,0.30240953
367677,0.8031602
367678,0.24955976
367691,0.267848
367698,0.2582904
367710,0.2634832
367712,0.5156486
367727,0.67434424
367739,0.45436218
367740,0.42690894
367746,0.30196702
367759,0.26575905
367770,0.65319335
367780,0.20139417
367783,0.61611944
367787,0.28743717
367791,0.7119784
367797,0.3329871
367799,0.3809019
367811,0.07072442
367817,0.27145058
367827,0.42690715
367829,0.6791513
367830,0.7017579
367837,0.62545633
367843,0.18643653
367847,0.2785264
367849,0.5512659
367854,0.22647513
367855,0.3493825
367862,0.15894686
367863,0.49849096
367868,0.22543272
367873,0.69979936
367879,0.25179893
367889,0.74286205
367890,0.81372964
367892,0.1461586
367893,0.21887337
367895,0.44610563
367896,0.20176533
367898,0.17356859
367903,0.33911848
367906,0.40106195
367919,0.13206087
367927,0.16369894
367931,0.43761432
367935,0.46655622
367945,0.24802294
367947,0.760408
367952,0.44766212
367958,0.4962132
367971,0.22773442
367975,0.78383905
367983,0.6992939
367994,0.378155
367998,0.30207774
367999,0.091998436
368005,0.28411013
368029,0.56240976
368034,0.19404198
368036,0.51752496
368041,0.1260394
368064,0.11042711
368066,0.06431876
368079,0.49638802
368082,0.14551127
368090,0.5872085
368092,0.21773115
368097,0.24479604
368107,0.61386496
368127,0.52538663
368129,0.6793827
368134,0.6206033
368150,0.55759984
368166,0.5413386
368172,0.20185174
368179,0.09050963
368185,0.45456505
368193,0.3540415
368207,0.55020475
368251,0.3571681
368253,0.33270255
368256,0.71008426
368257,0.31721276
368263,0.18529063
368271,0.7058582
368273,0.26084077
368279,0.3394439
368281,0.73405105
368282,0.65959525
368288,0.64208025
368303,0.24169798
368315,0.54345804
368323,0.13006665
368324,0.12855035
368326,0.26795232
368334,0.23844853
368337,0.26218474
368351,0.33333248
368353,0.7628472
368358,0.5833471
368389,0.3312104
368392,0.8065487
368393,0.2982294
368415,0.5999221
368424,0.475497
368436,0.17539111
368448,0.28420904
368456,0.2730486
368457,0.12030129
368465,0.53783274
368484,0.2853098
368485,0.70829856
368487,0.5195671
368489,0.31781223
368493,0.34820545
368509,0.4180264
368513,0.443478
368523,0.6473097
368530,0.17611378
368539,0.4843192
368543,0.826556
368544,0.10965735
368557,0.4480417
368561,0.15965293
368577,0.40057433
368579,0.21200903
368580,0.42952836
368583,0.21477263
368589,0.14488377
368594,0.23978467
368598,0.25638935
368621,0.32429326
368622,0.67611784
368627,0.12789291
368628,0.5034474
368633,0.68016297
368638,0.60485905
368645,0.60019815
368646,0.78190255
368652,0.33497983
368659,0.22054419
368672,0.77922875
368679,0.35704932
368683,0.7465195
368697,0.22417882
368702,0.8008013
368707,0.35825804
368715,0.70650166
368740,0.2332285
368754,0.22633171
368765,0.5913227
368770,0.42183518
368777,0.68791234
368780,0.47944507
368782,0.633951
368784,0.6902611
368790,0.61287415
368792,0.12420346
368793,0.29514498
368811,0.2470752
368816,0.62579614
368819,0.41458926
368843,0.19324389
368853,0.10343745
368857,0.5979788
368858,0.67932147
368887,0.35881615
368898,0.31898367
368909,0.5566297
368919,0.102997445
368930,0.3986629
368944,0.54000795
368949,0.3595624
368953,0.36867982
368956,0.32921773
368959,0.39058912
368968,0.41032007
368971,0.5389848
368974,0.3881225
368975,0.47760975
368983,0.17238672
368991,0.3975284
368994,0.16703834
369001,0.62923753
369004,0.53624487
369016,0.109577954
369030,0.17665267
369047,0.238416
369055,0.5489001
369067,0.35295293
369068,0.6837066
369096,0.5265545
369103,0.31210628
369105,0.5840017
369107,0.75425786
369109,0.51997507
369130,0.2697944
369133,0.16659433
369144,0.24015686
369150,0.21380526
369152,0.34475183
369156,0.23932032
369180,0.4562243
369183,0.46291855
369184,0.8802419
369186,0.5358723
369187,0.29818743
369200,0.15574183
369201,0.3732032
369220,0.43813947
369223,0.15303311
369233,0.2811843
369240,0.6423197
369254,0.252844
369264,0.61507446
369266,0.5190198
369272,0.54531187
369283,0.31358933
369295,0.35499948
369300,0.1277207
369302,0.100235395
369305,0.28815344
369322,0.133318
369334,0.5482167
369350,0.1511913
369355,0.32387343
369361,0.4278531
369367,0.14813282
369371,0.21260169
369373,0.45568892
369375,0.5948208
369385,0.1475806
369394,0.33148032
369398,0.26931012
369408,0.2864355
369413,0.6303985
369419,0.35926592
369424,0.38200402
369439,0.39231768
369466,0.51401645
369482,0.3987725
369494,0.27000663
369504,0.19570604
369512,0.6315109
369528,0.41766942
369531,0.3723375
369540,0.33354503
369547,0.15076265
369565,0.2331236
369569,0.22376888
369581,0.6675274
369583,0.5504562
369593,0.45603353
369601,0.42942396
369608,0.16469428
369612,0.65357167
369615,0.3680161
369621,0.5398358
369636,0.22407399
369648,0.65253454
369649,0.85755396
369651,0.29961285
369659,0.23720777
369666,0.21448
369684,0.4006398
369686,0.6928439
369698,0.65763575
369701,0.28654784
369712,0.22565834
369717,0.25023007
369722,0.17283817
369732,0.80108464
369740,0.85038805
369751,0.3298894
369755,0.27196229
369757,0.5010907
369761,0.6095116
369767,0.45701614
369782,0.36781916
369788,0.30133736
369790,0.4010222
369791,0.1763201
369792,0.28423795
369803,0.32128713
369812,0.25598103
369813,0.7427124
369827,0.3211632
369835,0.49572647
369838,0.27867866
369839,0.35431305
369843,0.3510282
369846,0.28702644
369860,0.22392422
369870,0.6643106
369871,0.88115984
369872,0.32398129
369884,0.68299884
369893,0.518986
369901,0.27353293
369904,0.30290255
369908,0.79619145
369910,0.23547234
369911,0.5513711
369919,0.42890012
369920,0.47084042
369921,0.26179236
369931,0.7626573
369935,0.17514992
369936,0.4767442
369948,0.54109657
369953,0.32932207
369955,0.5326258
369961,0.31107727
369964,0.41930336
369967,0.5780011
369971,0.7023101
369983,0.41573542
369993,0.46002045
369995,0.71847135
370012,0.3302781
370022,0.38437694
370023,0.41958052
370027,0.28284186
370030,0.35000002
370033,0.6966067
370037,0.60538334
370051,0.11480933
370055,0.3387073
370077,0.24149214
370088,0.15442052
370091,0.18613729
370114,0.13701168
370117,0.75733596
370120,0.7819241
370122,0.45158952
370128,0.6199468
370135,0.4134126
370144,0.43560728
370146,0.61324066
370148,0.21820435
370150,0.21216524
370155,0.35275176
370164,0.22891994
370179,0.3630386
370188,0.6130452
370190,0.23970701
370199,0.26246712
370203,0.64977
370213,0.32396212
370216,0.23596777
370219,0.10104201
370220,0.7680785
370224,0.24878629
370230,0.15125917
370254,0.64067054
370255,0.13575359
370265,0.6820402
370273,0.17184654
370288,0.38094333
370295,0.6225294
370297,0.3469989
370319,0.6174119
370323,0.09551737
370329,0.47584075
370330,0.24661578
370333,0.6650966
370346,0.47715402
370354,0.5664835
370355,0.22995143
370358,0.6850699
370362,0.08119275
370373,0.30908313
370376,0.16059943
370379,0.15024266
370380,0.12067147
370386,0.18916349
370392,0.16030024
370411,0.22738257
370416,0.093502775
370432,0.12639411
370439,0.4667717
370440,0.21970621
370445,0.3681975
370446,0.119130775
370455,0.46281832
370473,0.25237572
370474,0.31730014
370475,0.15111096
370482,0.8480367
370489,0.41791505
370512,0.27784124
370518,0.5539446
370522,0.48001057
370533,0.22691691
370538,0.41032633
370551,0.21176757
370552,0.6341591
370556,0.47023422
370566,0.16020913
370568,0.37924486
370573,0.38830402
370575,0.37632108
370578,0.2890437
370582,0.35750076
370596,0.14368322
370597,0.26400587
370599,0.24971655
370602,0.29301673
370609,0.17928721
370632,0.41315952
370634,0.78501344
370646,0.3880407
370666,0.80079234
370670,0.21311763
370672,0.14127639
370675,0.33592334
370676,0.71540964
370682,0.11568794
370685,0.18971248
370697,0.19262703
370699,0.34184098
370701,0.16241713
370711,0.7884227
370719,0.66084284
370728,0.23955086
370731,0.45207524
370735,0.357385
370749,0.521928
370753,0.36441556
370757,0.34224582
370763,0.6687738
370770,0.5271437
370779,0.4790037
370794,0.19988656
370805,0.1859028
370806,0.39243767
370808,0.35485893
370814,0.33640513
370827,0.7684234
370833,0.4275
370844,0.53914267
370845,0.21021913
370850,0.5956279
370853,0.3070398
370856,0.18681993
370858,0.50775796
370862,0.62144446
370866,0.8018135
370874,0.6096397
370876,0.12196456
370878,0.734614
370881,0.41994405
370882,0.5311217
370884,0.49826506
370887,0.2928848
370904,0.61264217
370905,0.371108
370913,0.5223352
370915,0.5533491
370921,0.6760546
370922,0.24478312
370932,0.3690537
370939,0.4922357
370953,0.1551562
370964,0.24311012
370968,0.30106437
370969,0.3635694
370972,0.2172487
370978,0.15352206
371000,0.3394799
371001,0.6617696
371013,0.33672455
371053,0.27279693
371059,0.44612938
371060,0.4590935
371065,0.373123
371069,0.33767763
371073,0.70246404
371084,0.7763434
371085,0.2762951
371088,0.32550126
371099,0.19038452
371115,0.060979262
371118,0.8034488
371127,0.62856
371132,0.43815285
371136,0.44472304
371139,0.6143736
371152,0.5490546
371161,0.2494952
371162,0.53317857
371174,0.4571573
371176,0.4720535
371182,0.22469234
371185,0.38815752
371193,0.36659497
371197,0.2808836
371198,0.2962894
371202,0.42836043
371207,0.66151166
371211,0.7509755
371242,0.22926103
371243,0.582601
371244,0.47335055
371255,0.6137791
371258,0.31652582
371259,0.7039386
371265,0.18460903
371274,0.4470306
371275,0.6050322
371288,0.21987724
371291,0.64076215
371295,0.69936866
371314,0.2523529
371322,0.53799105
371323,0.34462634
371328,0.4938838
371332,0.52692103
371333,0.69138014
371335,0.14543784
371342,0.33835897
371350,0.38048294
371357,0.48270136
371365,0.15576848
371383,0.7345887
371384,0.48672816
371385,0.5904382
371393,0.724175
371394,0.5054292
371397,0.37957716
371417,0.37152797
371431,0.2864049
371433,0.60620904
371437,0.061278366
371439,0.697524
371445,0.31321403
371452,0.62109214
371457,0.57360715
371469,0.23029615
371470,0.40108705
371477,0.41487294
371500,0.11070158
371504,0.59842134
371508,0.51268905
371514,0.1827819
371518,0.5825745
371520,0.36685422
371521,0.45284787
371522,0.35881475
371525,0.17734551
371530,0.3803701
371532,0.1947318
371548,0.5789217
371561,0.22871207
371566,0.80969167
371568,0.5803248
371571,0.34479907
371573,0.35582656
371577,0.4561425
371587,0.718488
371592,0.6612623
371593,0.652762
371595,0.42815134
371603,0.26114047
371614,0.24799614
371616,0.20394114
371619,0.3766365
371627,0.8508512
371641,0.4042787
371657,0.41291663
371664,0.25610095
371693,0.42990336
371698,0.27158278
371700,0.29639158
371707,0.21256489
371710,0.32058406
371715,0.5688866
371722,0.21503669
371731,0.21556897
371741,0.44292116
371744,0.5947457
371753,0.34669933
371755,0.16676521
371760,0.36122584
371773,0.46456462
371797,0.13838622
371807,0.683324
371809,0.206049
371811,0.1865962
371815,0.5054913
371822,0.6217192
371824,0.692542
371828,0.31738955
371835,0.083410546
371837,0.2839732
371840,0.653748
371849,0.2495632
371857,0.12904145
371860,0.65120876
371862,0.14350855
371875,0.29525453
371896,0.680962
371898,0.6181102
371901,0.5709543
371903,0.19351794
371908,0.2892517
371910,0.39130825
371944,0.4154519
371947,0.30561706
371955,0.5203515
371963,0.4593195
371972,0.303487
371973,0.5229827
371978,0.28991723
371980,0.16592589
371988,0.19909284
372020,0.55314106
372043,0.56444716
372060,0.47224388
372070,0.22948803
372082,0.21176684
372085,0.44313854
372090,0.49803495
372091,0.76464266
372112,0.30885097
372115,0.519434
372132,0.329823
372134,0.87663865
372136,0.2555043
372142,0.3504719
372145,0.5875358
372146,0.643219
372159,0.26657534
372172,0.25986624
372179,0.5423261
372183,0.1785661
372184,0.13160641
372192,0.15847993
372234,0.339425
372239,0.6846911
372244,0.1300461
372268,0.434595
372287,0.37064704
372289,0.6385524
372292,0.18320641
372301,0.4103314
372315,0.29445246
372316,0.71887195
372328,0.52907455
372337,0.1361576
372347,0.81148314
372350,0.6329798
372381,0.2350799
372382,0.45417377
372384,0.43417877
372393,0.37756655
372398,0.6771807
372399,0.44884884
372400,0.43081176
372402,0.22441849
372410,0.3218828
372415,0.50901306
372425,0.36588773
372428,0.4529303
372430,0.3275525
372431,0.2891873
372449,0.37307137
372452,0.202092
372453,0.1422488
372460,0.5606162
372463,0.8268654
372471,0.76082426
372484,0.4991844
372486,0.48843452
372489,0.40410486
372506,0.67692715
372513,0.15916212
372527,0.74531144
372568,0.72901005
372596,0.23911981
372606,0.20760399
372617,0.26485136
372618,0.30825755
372622,0.34427962
372624,0.46435842
372633,0.5106491
372637,0.5421652
372643,0.4173142
372644,0.17975476
372656,0.5778082
372662,0.12441112
372664,0.27732196
372666,0.15487395
372672,0.21375386
372674,0.31827837
372693,0.37731123
372704,0.2780308
372719,0.2567828
372727,0.387705
372740,0.42232758
372745,0.20825422
372753,0.3975707
372762,0.2078978
372764,0.5095531
372771,0.46581113
372772,0.58057636
372789,0.47583696
372793,0.6060628
372799,0.2316153
372806,0.78841513
372809,0.49771032
372829,0.63252985
372848,0.19798666
372850,0.41177517
372853,0.507813
372854,0.25952777
372858,0.5061413
372861,0.37282208
372863,0.46086478
372876,0.52360415
372878,0.39159608
372893,0.7924053
372894,0.28792885
372911,0.40498397
372912,0.5222456
372924,0.63290507
372942,0.5249191
372946,0.7554295
372955,0.29869038
372956,0.580152
372957,0.63776964
372984,0.65881485
372993,0.46121278
372995,0.82620597
372997,0.26756564
373014,0.3570577
373018,0.5871417
373022,0.34698007
373023,0.25986353
373029,0.37316436
373063,0.16590002
373071,0.5837457
373075,0.6522049
373088,0.35628456
373089,0.28642783
373098,0.57768536
373101,0.5960281
373112,0.34189793
373114,0.317549
373118,0.6687427
373120,0.7737335
373121,0.2611721
373122,0.27022994
373138,0.7552899
373145,0.28585714
373153,0.37704423
373154,0.6862441
373155,0.31918848
373159,0.73014486
373167,0.3810459
373190,0.21026154
373195,0.56570846
373202,0.35558197
373205,0.40012708
373209,0.23411332
373215,0.61901623
373222,0.6894373
373239,0.21324006
373240,0.56432176
373247,0.49395123
373251,0.37635925
373260,0.1975699
373284,0.3285194
373286,0.16151175
373292,0.45747682
373297,0.16099747
373299,0.84138715
373305,0.63557094
373307,0.5981311
373323,0.14492747
373327,0.3963792
373328,0.34082195
373363,0.5664105
373390,0.20795904
373396,0.14412004
373407,0.48026758
373413,0.5810221
373437,0.51399875
373445,0.2968397
373448,0.28707835
373458,0.38866812
373464,0.16508594
373472,0.7177959
373474,0.3206402
373475,0.29406592
373480,0.3632594
373484,0.6899264
373491,0.61190253
373493,0.690833
373504,0.19804184
373537,0.51311624
373542,0.55608594
373545,0.32591346
373554,0.50496703
373559,0.8059883
373560,0.19336455
373562,0.41784608
373565,0.59723836
373573,0.5367763
373577,0.4809546
373591,0.52615786
373592,0.45472595
373596,0.17782056
373598,0.49000505
373600,0.3389626
373605,0.14867078
373607,0.115916654
373616,0.37078667
373618,0.30578896
373624,0.1280107
373630,0.3694159
373631,0.37973887
373634,0.3639451
373646,0.3518356
373651,0.43953288
373669,0.7010148
373682,0.26779065
373716,0.59759
373751,0.7939421
373756,0.71510863
373757,0.08674912
373767,0.2776184
373778,0.25883606
373780,0.18177058
373781,0.68015397
373796,0.48356643
373801,0.3424493
373805,0.5219421
373811,0.3598943
373815,0.16335689
373820,0.5658875
373833,0.13028318
373839,0.54204
373841,0.2889746
373871,0.32475632
373875,0.7599612
373893,0.21100752
373894,0.80800784
373898,0.33554578
373899,0.7288407
373908,0.70734906
373909,0.30383152
373911,0.17439097
373918,0.24025343
373927,0.2840086
373938,0.56801325
373943,0.60878056
373946,0.47269344
373948,0.477012
373953,0.71825737
373956,0.5416838
373984,0.16971561
373985,0.48044005
373986,0.58221406
374002,0.2448235
374014,0.15517592
374015,0.41477108
374024,0.1962569
374029,0.5908522
374034,0.16993108
374039,0.15648982
374042,0.6752087
374048,0.55724823
374051,0.46182308
374054,0.18262076
374055,0.5312166
374061,0.49716502
374075,0.5575274
374087,0.14882118
374101,0.6361742
374103,0.32339028
374114,0.64493024
374116,0.69366276
374119,0.43005097
374121,0.44555262
374133,0.42019713
374134,0.08689481
374140,0.2512094
374141,0.60811806
374145,0.60042703
374155,0.24830097
374163,0.34763172
374169,0.623162
374173,0.46866748
374188,0.6543909
374199,0.17063394
374200,0.4702996
374207,0.29837745
374225,0.5292209
374226,0.17403305
374227,0.39644125
374249,0.57741284
374254,0.5690021
374284,0.17155711
374293,0.39578015
374296,0.45574588
374297,0.4649458
374298,0.2225237
374307,0.29253334
374320,0.60938025
374322,0.65168005
374324,0.20968051
374328,0.3098735
374334,0.17142622
374341,0.12954386
374343,0.58120346
374346,0.16223575
374359,0.6950753
374374,0.4478758
374381,0.5160436
374400,0.29008046
374405,0.30688584
374409,0.54461086
374420,0.7889919
374442,0.59515554
374443,0.49021024
374445,0.62635356
374447,0.7242073
374452,0.63607454
374458,0.29520875
374485,0.17958899
374487,0.24698459
374496,0.14882076
374503,0.37396556
374518,0.43608773
374519,0.16461337
374532,0.17973705
374534,0.24864285
374536,0.17053732
374546,0.0894214
374559,0.10655275
374568,0.5580637
374573,0.44531986
374582,0.10793452
374585,0.1310192
374598,0.17214336
374606,0.45340544
374612,0.14733094
374617,0.19618739
374619,0.24963522
374626,0.37568006
374646,0.3942795
374653,0.35977438
374656,0.4470167
374664,0.3902334
374666,0.5145329
374677,0.5670246
374679,0.52399635
374682,0.32847
374700,0.5558704
374703,0.4909227
374705,0.69103634
374720,0.6635764
374724,0.54845047
374731,0.19644147
374732,0.28308243
374734,0.5193921
374759,0.23084886
374770,0.5298852
374774,0.35431448
374777,0.7950499
374788,0.3042228
374796,0.6016124
374799,0.33423898
374813,0.72698134
374819,0.13171776
374826,0.7017648
374827,0.33861756
374832,0.5836515
374837,0.10914569
374844,0.7804372
374848,0.6875791
374853,0.5322249
374854,0.26485452
374856,0.13388847
374864,0.65437573
374868,0.18532318
374888,0.2794735
374891,0.288582
374892,0.32649463
374896,0.5477135
374909,0.5646014
374911,0.27400842
374912,0.29165804
374913,0.8071809
374916,0.2441359
374917,0.27466297
374923,0.48010227
374933,0.77099496
374935,0.450451
374940,0.31308326
374941,0.28391603
374943,0.16094437
374951,0.58517617
374967,0.691549
374970,0.61332387
374990,0.73678744
374993,0.5906809
374994,0.52953357
375015,0.127284
375017,0.6806573
375018,0.35046113
375021,0.3626795
375023,0.25580615
375030,0.6085296
375038,0.1872595
375040,0.49423113
375041,0.57754564
375052,0.081080124
375061,0.68375045
375064,0.3399419
375076,0.4597698
375086,0.842713
375109,0.5174262
375118,0.57153976
375133,0.22443202
375140,0.61800295
375156,0.4397561
375168,0.34679675
375170,0.5088761
375182,0.29665172
375187,0.6617192
375188,0.46440157
375197,0.21603768
375201,0.22873172
375204,0.526401
375216,0.70988595
375225,0.11949218
375231,0.08782132
375234,0.094008535
375241,0.31014562
375242,0.70722294
375244,0.34492528
375246,0.42403087
375257,0.4288444
375290,0.21639293
375292,0.27384084
375293,0.4242733
375295,0.13515839
375296,0.25231293
375300,0.40515187
375322,0.45037726
375332,0.41611183
375338,0.51835847
375342,0.31222427
375365,0.2251399
375367,0.376138
375384,0.50421995
375418,0.19938278
375464,0.6653713
375477,0.36455646
375485,0.43018776
375496,0.19996054
375534,0.45349637
375544,0.41083467
375556,0.56993216
375588,0.14666578
375589,0.20741844
375594,0.6162376
375629,0.2931504
375649,0.39622003
375654,0.65797544
375696,0.60051566
375758,0.2538264
375795,0.78104126
375843,0.15044463
375844,0.2142064
375853,0.60280734
375878,0.2489057
375879,0.374389
375883,0.33317953
375887,0.67390513
375929,0.6176781
375934,0.36256036
375936,0.6343525
375937,0.27720302
375948,0.4799292
375951,0.17118515
375953,0.39837152
375964,0.43994558
375969,0.16699113
375970,0.26316756
375973,0.8452458
375976,0.5930964
375997,0.40154165
376000,0.29783466
376011,0.31941193
376019,0.31024092
376035,0.5595064
376036,0.4485473
376041,0.59640616
376042,0.42534947
376045,0.20228037
376047,0.4442822
376060,0.12673575
376061,0.5233209
376067,0.39821374
376068,0.7372843
376070,0.44382906
376074,0.19662881
376075,0.4142868
376076,0.48154643
376078,0.36919558
376080,0.4853495
376081,0.34648806
376082,0.3246848
376083,0.6241952
376084,0.48182777
376086,0.20334825
376087,0.12910324
376088,0.24773324
376089,0.55009425
376090,0.40760306
376091,0.5605334
376092,0.47998542
376093,0.31430253
376094,0.63776594
376095,0.637902
376096,0.7663577
376097,0.4945208
376098,0.61978585
376206,0.14327443
376209,0.4521402
376225,0.33148062
376239,0.24975395
376247,0.36400095
376248,0.24109136
376252,0.350618
376257,0.47971162
376273,0.20282127
376274,0.4407464
376275,0.07839875
376279,0.5422083
376283,0.33569536
376284,0.22910084
376288,0.35933816
376289,0.5273008
376292,0.30748937
376298,0.5878018
376301,0.3228106
376311,0.3593492
376312,0.5673538
376313,0.34745663
376316,0.15986559
376317,0.39050975
376319,0.33758828
376320,0.56834936
376321,0.5736978
376322,0.34656778
376325,0.7517681
376326,0.7290556
376328,0.3426986
376329,0.48514876
376330,0.4467809
376332,0.35407966
376334,0.62906986
376335,0.42964363
376336,0.6319151
376337,0.47582936
376338,0.7854377
376339,0.18318309
376340,0.41902924
376341,0.6516029
376343,0.5406173
376344,0.48490712
376345,0.2644485
376346,0.6845452
376347,0.631859
376348,0.46508986
376349,0.62195104
376350,0.22160456
376351,0.36017302
376352,0.14859365
376353,0.23086217
376354,0.18534642
376355,0.14090756
376356,0.3605428
376357,0.13261011
376360,0.360841
376445,0.39072523
376447,0.251453
376449,0.32318363
376470,0.14674796
376483,0.40727025
376484,0.34366807
376486,0.25583258
376487,0.3227967
376488,0.50632995
376491,0.6250517
376492,0.21358314
376494,0.6769789
376495,0.72383106
376496,0.40868533
376497,0.6909597
376498,0.16127594
376502,0.2955481
376503,0.61863303
376504,0.5351468
376506,0.34353685
376509,0.53041893
376515,0.24098916
376517,0.24111497
376518,0.7548829
376519,0.83134025
376520,0.45496112
376521,0.4962985
376522,0.27227214
376523,0.31722704
376524,0.35537493
376527,0.5065128
376530,0.4627524
376531,0.5816266
376532,0.60241276
376533,0.5061585
376534,0.57929456
376535,0.29332942
376537,0.62639564
376538,0.48856032
376539,0.42775542
376546,0.41785857
376594,0.47131994
376595,0.61465657
376614,0.33508864
376616,0.18101953
376617,0.22340444
376618,0.48818216
376619,0.53637534
376620,0.19136775
376627,0.43699005
376630,0.26445916
376631,0.51608557
376632,0.09635097
376633,0.503623
376635,0.40064052
376636,0.6286991
376637,0.14457211
376639,0.838464
376640,0.23525012
376642,0.2631034
376643,0.35497263
376644,0.24749327
376645,0.33409706
376646,0.41286218
376648,0.5698721
376650,0.13075642
376651,0.25145578
376652,0.7826497
376732,0.38532236
376733,0.40766844
376734,0.44596988
376756,0.55640745
376804,0.18342072
376856,0.79157484
376869,0.43932694
376893,0.28671706
377045,0.46262679
377088,0.32130718
377137,0.64673626
377138,0.18890391
377159,0.26045173
377176,0.6115818
377201,0.3048638
377226,0.6544162
377335,0.18463346
377358,0.6902044
377362,0.10865499
377363,0.122345395
377389,0.59403837
377426,0.63369215
377427,0.45151716
377429,0.22563449
377441,0.25713357
377449,0.7076661
377450,0.781963
377458,0.4505947
377472,0.67293316
377541,0.88311774
377567,0.25910062
377573,0.09700812
377605,0.5114374
377611,0.60822463
377622,0.4015065
377631,0.34266758
377657,0.27337807
377681,0.23999688
377711,0.24607638
377717,0.6997873
377720,0.65250516
377721,0.6567018
377723,0.26715636
377727,0.42101103
377729,0.35353798
377733,0.16413651
377735,0.34726912
377736,0.16323368
377737,0.4361191
377738,0.3618745
377750,0.7502348
377751,0.38980287
377753,0.52436167
377754,0.5700242
377755,0.6515598
377756,0.49309736
377757,0.8348704
377758,0.14898434
377759,0.23316202
377760,0.17573266
377761,0.68602026
377762,0.44754714
377763,0.17729767
377764,0.5389618
377765,0.5927589
377766,0.6310623
377767,0.11115026
377768,0.19641358
377771,0.21299824
377772,0.1974488
377773,0.53074026
377774,0.41749233
377775,0.64470303
377776,0.30808857
377778,0.26878333
377779,0.34602147
377780,0.174483
377781,0.28726554
377782,0.23999438
377783,0.1888225
377784,0.35377285
377785,0.29000658
377786,0.54805905
377862,0.57907075
377871,0.4348209
377930,0.27808696
377970,0.3264918
377987,0.20245294
377988,0.6949252
377990,0.38776255
377992,0.6368086
377995,0.3816356
378005,0.10350069
378006,0.10668231
378011,0.42376247
378018,0.2306039
378019,0.15878692
378023,0.41308817
378025,0.29052365
378026,0.5051552
378027,0.19106196
378031,0.42415994
378033,0.29641956
378034,0.36511108
378035,0.1831463
378040,0.5185026
378041,0.42436892
378042,0.25472844
378043,0.75034374
378044,0.3729286
378045,0.527392
378046,0.42874572
378047,0.24331783
378048,0.2565875
378049,0.41539106
378051,0.5509776
378052,0.18470773
378053,0.34238485
378054,0.53461355
378055,0.3310593
378056,0.36589098
378057,0.12808913
378059,0.6105803
378060,0.44219732
378061,0.7705735
378062,0.47293207
378063,0.3828194
378065,0.43835938
378066,0.5645203
378067,0.46770996
378068,0.15898827
378069,0.48447812
378070,0.3049396
378096,0.24279511
378098,0.6608267
378104,0.3389318
378105,0.6317982
378106,0.34686184
378107,0.4823908
378108,0.27649984
378109,0.36966917
378110,0.5682309
378111,0.44526055
378112,0.1816255
378113,0.36788777
378114,0.41236618
378115,0.50765735
378116,0.55721974
378117,0.6038115
378119,0.2737619
378120,0.49180174
378121,0.5102272
378122,0.13423146
378123,0.5318568
378124,0.28831014
378136,0.3522839
378181,0.18666811
378184,0.4065534
378190,0.34256068
378263,0.25449514
378300,0.15046126
378304,0.84717363
378305,0.50661606
378311,0.4267726
378313,0.2296122
378314,0.6136828
378317,0.5705117
378320,0.5832421
378322,0.3508916
378325,0.5185334
378327,0.79163635
378328,0.6156293
378329,0.4138721
378330,0.14371449
378331,0.493597
378334,0.18612368
378335,0.30988544
378336,0.11028494
378339,0.18148465
378340,0.5670174
378341,0.4281265
378342,0.44335395
378343,0.27879113
378344,0.52045745
378345,0.7496749
378346,0.14562134
378347,0.820049
378348,0.44993398
378349,0.78579116
378350,0.6772778
378351,0.3695505
378352,0.22900742
378353,0.33664098
378354,0.32927325
378355,0.5888345
378356,0.63964564
378427,0.36111915
378434,0.5519236
378564,0.2309444
378671,0.64618915
378689,0.20896402
378710,0.8444977
378755,0.37322345
378887,0.20053178
378907,0.6932761
378924,0.23795876
378944,0.55395806
378945,0.4535055
378991,0.19764611
379009,0.3081906
379025,0.40870038
379046,0.40088636
379047,0.48292282
379048,0.43424204
379052,0.44866553
379065,0.29508808
379066,0.6723366
379076,0.40483075
379080,0.642434
379085,0.58985776
379086,0.5059878
379087,0.75353676
379089,0.20793523
379094,0.36131042
379095,0.5587935
379101,0.26633304
379102,0.35477114
379103,0.40560693
379105,0.54749525
379108,0.4358896
379111,0.5980823
379112,0.5091331
379113,0.8269767
379114,0.42714307
379115,0.31785828
379116,0.3742978
379117,0.44354853
379118,0.36926937
379119,0.83142626
379120,0.53514886
379121,0.1395428
379123,0.32606098
379124,0.1798068
379126,0.5598017
379127,0.18964781
379128,0.22276439
379129,0.33583793
379131,0.715097
379132,0.76622677
379133,0.62580115
379134,0.72582537
379178,0.18405308
379266,0.108922735
379268,0.51647663
379291,0.17786069
379296,0.19893384
379301,0.53218997
379313,0.25314784
379318,0.631737
379319,0.73948973
379329,0.59860146
379336,0.73943347
379348,0.4523938
379356,0.32959443
379357,0.62880063
379363,0.7448709
379385,0.73506415
379408,0.31351802
379432,0.43369883
379437,0.4006941
379440,0.23281041
379456,0.4689629
379457,0.21301432
379463,0.5859684
379464,0.40553302
379467,0.59347934
379469,0.4993263
379470,0.15419295
379472,0.6906891
379473,0.22841887
379474,0.38048702
379475,0.35247803
379476,0.6163893
379481,0.72181463
379482,0.6586655
379483,0.3621553
379484,0.2364159
379485,0.9369757
379486,0.4266144
379487,0.12280961
379488,0.2217847
379490,0.43625203
379491,0.3173247
379492,0.60864204
379494,0.14533319
379495,0.32689768
379496,0.37707692
379497,0.28621843
379500,0.5092492
379501,0.57084787
379502,0.3357733
379503,0.25182995
379504,0.28360718
379505,0.5531478
379506,0.18115976
379507,0.1909074
379508,0.5406446
379509,0.78940773
379510,0.4095492
379512,0.16766189
379513,0.3452737
379514,0.82868534
379515,0.46290067
379516,0.27078405
379517,0.48030916
379518,0.5775922
379520,0.7498045
379627,0.4623511
379673,0.67543435
379674,0.152732
379720,0.5315475
379726,0.31430048
379730,0.100056335
379746,0.45766312
379775,0.22299832
379776,0.084582224
379778,0.6723017
379841,0.15454422
379921,0.35199657
379951,0.3537332
380002,0.73871213
380003,0.7274507
380005,0.26323274
380006,0.57246447
380010,0.19184251
380012,0.41659093
380014,0.6819898
380015,0.79480445
380017,0.28909606
380018,0.65247816
380019,0.14716496
380020,0.20386663
380022,0.17246129
380023,0.6714067
380025,0.23095152
380026,0.59211874
380028,0.28467196
380030,0.48880634
380031,0.43197966
380032,0.23753953
380033,0.23611456
380034,0.58479327
380035,0.17853343
380037,0.3567821
380038,0.67697453
380039,0.6289315
380040,0.83521503
380064,0.44915465
380065,0.4342405
380121,0.25466642
380122,0.3550934
380130,0.3954641
380219,0.2163596
380228,0.5576363
380229,0.31299958
380366,0.12491107
380408,0.26509514
380414,0.35596505
380487,0.41092974
380488,0.23562977
380489,0.30804294
380494,0.19914255
380543,0.28639773
380553,0.31339064
380600,0.19999011
380625,0.2991224
380635,0.3421423
380643,0.49084708
380762,0.36795062
380773,0.45282722
380781,0.5850753
380785,0.45086163
380787,0.2576855
380788,0.32273564
380789,0.47483367
380797,0.34252352
380800,0.34097704
380802,0.39786524
380805,0.64205754
380806,0.50854516
380807,0.854429
380811,0.3665821
380812,0.15523472
380815,0.25053307
380816,0.17046963
380817,0.49342662
380819,0.522489
380823,0.09074501
380824,0.5087896
380825,0.5099554
380826,0.55809987
380827,0.6127727
380828,0.36717367
380830,0.24506018
380831,0.27413085
380832,0.49377587
380833,0.22912233
380834,0.16649395
380836,0.6618738
380837,0.24761973
380838,0.39377066
380839,0.15449779
380840,0.57290155
380841,0.3652312
380879,0.27078977
380901,0.15020087
380928,0.43785536
380956,0.34399104
380979,0.502463
381037,0.16273333
381047,0.5692383
381074,0.33977234
381104,0.20679833
381121,0.4541683
381130,0.5226964
381133,0.35015416
381139,0.2117126
381141,0.72914374
381142,0.16531616
381145,0.07854107
381152,0.22918046
381153,0.63934374
381154,0.78634727
381156,0.31247863
381160,0.3696293
381164,0.7144516
381168,0.42067626
381171,0.44869784
381173,0.6574845
381174,0.39517376
381176,0.4136199
381178,0.7495729
381179,0.35792994
381182,0.42905566
381185,0.13225405
381187,0.3376447
381189,0.35574916
381190,0.364228
381191,0.61110157
381192,0.67791784
381193,0.36634368
381194,0.20061089
381195,0.22683969
381198,0.16175851
381199,0.1915486
381200,0.38390678
381201,0.62227964
381202,0.12577358
381203,0.6533472
381204,0.7464456
381205,0.28964373
381259,0.180044
381288,0.38218394
381289,0.40986645
381335,0.4839007
381344,0.36950782
381367,0.40404773
381376,0.1480824
381381,0.5522191
381397,0.1328872
381406,0.44714788
381412,0.3900573
381421,0.75346357
381424,0.41224083
381427,0.49827942
381428,0.7784526
381429,0.21132007
381430,0.23083234
381434,0.79288745
381435,0.24112995
381436,0.41779855
381437,0.1792361
381438,0.6151726
381439,0.34986907
381444,0.17662762
381446,0.09527412
381447,0.7382298
381449,0.879342
381450,0.21125817
381453,0.64441967
381454,0.36390254
381455,0.6523791
381456,0.72297287
381457,0.3942162
381458,0.18000117
381459,0.3915981
381460,0.4078506
381461,0.57920337
381462,0.5650995
381463,0.43593964
381464,0.80711395
381465,0.18321241
381466,0.6251706
381467,0.6451023
381468,0.57494426
381469,0.7958117
381470,0.47687408
381471,0.66921586
381472,0.22800751
381473,0.2955657
381475,0.32580918
381476,0.2997109
381477,0.5368583
381478,0.28281915
381479,0.5586777
381480,0.73827213
381481,0.13434646
381482,0.2346005
381483,0.52907985
381495,0.47082633
381545,0.16791931
381580,0.42855012
381657,0.7874907
381674,0.49286258
381691,0.18923238
381697,0.33072317
381704,0.47166625
381711,0.5565175
381721,0.62626076
381728,0.33389693
381729,0.14409357
381734,0.2576565
381735,0.56577665
381736,0.35440424
381740,0.62653744
381742,0.85121006
381743,0.6255397
381744,0.17947507
381747,0.23607323
381748,0.6920956
381749,0.14017385
381750,0.51773876
381751,0.20408018
381752,0.5705515
381753,0.45014215
381754,0.65064335
381755,0.47991055
381756,0.581887
381757,0.2933112
381758,0.30972388
381759,0.31725886
381760,0.456299
381761,0.77702594
381762,0.2600311
381763,0.23192258
381764,0.673819
381765,0.6873329
381766,0.30249172
381767,0.42926046
381768,0.522741
381769,0.20697892
381770,0.22109915
381772,0.25761658
381774,0.24612418
381777,0.4094881
381861,0.18459341
381974,0.5268616
381991,0.28281024
382024,0.6482805
382051,0.3802693
382066,0.18952687
382067,0.2584645
382068,0.43503854
382107,0.312641
382108,0.4512885
382111,0.39606875
382113,0.10465759
382114,0.36671984
382120,0.5189298
382121,0.4184144
382122,0.4210587
382124,0.4824576
382126,0.40248033
382131,0.16865404
382132,0.510536
382135,0.3938239
382136,0.26260057
382137,0.121222824
382138,0.20476733
382140,0.7275288
382141,0.64996135
382142,0.33346617
382143,0.5038037
382144,0.39827883
382145,0.48441777
382146,0.7557525
382147,0.5249607
382149,0.6788669
382150,0.4249876
382152,0.47444367
382153,0.21807347
382164,0.85892725
382180,0.4315524
382239,0.5901466
382275,0.48242626
382297,0.15678836
382391,0.6629847
382392,0.714762
382396,0.6030398
382424,0.102555096
382471,0.6692382
382493,0.26140758
382496,0.37339187
382504,0.35870105
382505,0.52147776
382513,0.21412335
382517,0.6030505
382521,0.6353569
382528,0.1899718
382530,0.65320265
382544,0.75109863
382603,0.8488443
382604,0.23839885
382642,0.25855717
382666,0.18791448
382699,0.25543106
382737,0.41965654
382792,0.6517047
382796,0.19440866
382807,0.35290867
382813,0.71835166
382817,0.78502256
382818,0.5384379
382826,0.28808758
382845,0.17492679
382846,0.29595232
382850,0.7911032
382851,0.50049883
382856,0.37810624
382858,0.27230904
382859,0.35194087
382862,0.20137796
382863,0.2693507
382865,0.21503676
382866,0.4385152
382868,0.28625154
382870,0.202639
382871,0.42286345
382872,0.43378568
382873,0.58447397
382874,0.8838028
382875,0.155861
382876,0.43843597
382877,0.48728186
382878,0.55403143
382879,0.6252545
382880,0.09014232
382882,0.4063844
382883,0.3303228
382884,0.18887083
382885,0.43275422
382886,0.2695297
382887,0.5136479
382989,0.25638318
383009,0.4882174
383039,0.43955204
383068,0.23882174
383072,0.30322286
383093,0.582157
383099,0.8038792
383167,0.31855598
383168,0.4696893
383170,0.56193876
383171,0.70031184
383174,0.15688671
383175,0.18374121
383176,0.47397122
383178,0.26211345
383181,0.51304644
383182,0.5588266
383184,0.32119486
383186,0.32956415
383187,0.09605281
383189,0.21044984
383190,0.1934617
383191,0.26507413
383192,0.44038478
383194,0.15532899
383195,0.29339954
383196,0.10078124
383197,0.4407576
383198,0.08651693
383199,0.1497525
383200,0.263814
383201,0.5096847
383202,0.53302747
383203,0.25396585
383204,0.5573878
383205,0.21676487
383206,0.50284296
383207,0.1825447
383208,0.32057744
383279,0.37335423
383335,0.41049203
383384,0.27622557
383394,0.13331573
383400,0.62898415
383401,0.20655039
383409,0.34532782
383410,0.21005747
383412,0.5653585
383414,0.41506082
383419,0.49424785
383422,0.1936236
383425,0.15098466
383426,0.27518463
383427,0.33992442
383428,0.4100805
383429,0.56250036
383430,0.65765524
383431,0.47030774
383433,0.8972257
383434,0.26723185
383435,0.4544255
383436,0.67687184
383437,0.39604935
383438,0.24692118
383439,0.35768816
383440,0.29133365
383441,0.15256035
383442,0.4059442
383443,0.08375628
383444,0.26080516
383445,0.1840896
383446,0.5220209
383447,0.23741868
383448,0.28421196
383449,0.18028024
383450,0.63564354
383451,0.29290402
383452,0.11160206
383453,0.40825564
383454,0.3322989
383533,0.32028374
383583,0.38014194
383608,0.4637036
383622,0.37002048
383673,0.6767092
383804,0.5490676
383806,0.44760132
383812,0.3946742
383814,0.19145364
383816,0.5698064
383825,0.518354
383827,0.44700202
383833,0.5465477
383841,0.2566859
383842,0.5403637
383849,0.45711735
383859,0.32431248
383883,0.42668998
383891,0.7031025
383910,0.26623926
383925,0.24010827
383943,0.5911526
383946,0.6644475
383959,0.15844683
383960,0.48888695
383961,0.19066904
383962,0.29286152
383979,0.47621906
383985,0.25746518
383990,0.2856397
383999,0.1772112
384001,0.6544678
384003,0.2139404
384008,0.25053293
384019,0.762912
384020,0.312431
384065,0.49908495
384102,0.5231227
384154,0.28890577
384155,0.6989852
384171,0.47392538
384177,0.24461004
384183,0.30951253
384186,0.2586826
384198,0.74384314
384199,0.2629037
384201,0.67224526
384203,0.67706466
384204,0.46608105
384205,0.44274837
384207,0.20480748
384208,0.3483084
384209,0.46526816
384210,0.35192496
384211,0.48115602
384212,0.32223177
384215,0.7212345
384216,0.5396127
384220,0.5959699
384221,0.11736185
384226,0.34883112
384273,0.17943668
384287,0.4070978
384288,0.3293523
384332,0.7697582
384365,0.23514917
384380,0.6976888
384392,0.22506884
384412,0.12799287
384424,0.6480599
384428,0.3893007
384429,0.66458344
384430,0.20117474
384434,0.30705795
384480,0.38880295
384502,0.6206584
384503,0.282149
384504,0.60696435
384505,0.48077047
384508,0.2886224
384519,0.16260917
384520,0.70884985
384524,0.11131069
384528,0.12253628
384532,0.3614277
384539,0.4957629
384542,0.33128756
384543,0.67250186
384544,0.19854584
384546,0.4174208
384547,0.14342442
384548,0.45139116
384549,0.16283122
384552,0.6181261
384554,0.292488
384556,0.28328046
384557,0.2897797
384558,0.11416422
384559,0.31698838
384560,0.66614604
384561,0.6371158
384562,0.5531599
384563,0.30627394
384564,0.59477466
384565,0.38715428
384656,0.3049523
384657,0.27502707
384672,0.59272736
384679,0.25966793
384680,0.18280463
384689,0.12911184
384692,0.39900783
384695,0.7038128
384710,0.752577
384712,0.13509378
384715,0.33379054
384735,0.41565156
384749,0.21894503
384751,0.35169393
384753,0.46042812
384757,0.17184366
384759,0.18411258
384761,0.24261327
384762,0.5387881
384765,0.4848114
384775,0.45720205
384782,0.6075573
384794,0.18328355
384798,0.120471336
384805,0.3717879
384807,0.44459745
384812,0.16103466
384821,0.3885629
384834,0.27878684
384847,0.44303697
384856,0.39119577
384857,0.44452453
384858,0.42122042
384859,0.30279273
384860,0.5893654
384861,0.8471475
384862,0.35663867
384863,0.35792702
384864,0.283544
384865,0.15707546
384866,0.7901532
384867,0.35510215
384868,0.2894802
384869,0.5088851
384870,0.25759804
384871,0.4215104
384873,0.4448351
384874,0.35568517
384876,0.4739166
384877,0.211387
384878,0.30868906
384880,0.25144497
384881,0.19470276
384882,0.46402794
384883,0.42388836
384884,0.41459614
384885,0.3653914
384886,0.4748433
384887,0.15614074
384969,0.21181197
385023,0.2535684
385049,0.52067834
385081,0.11991524
385091,0.15861511
385092,0.3756968
385093,0.4596504
385094,0.18261679
385106,0.7049723
385107,0.6540739
385110,0.43341008
385111,0.4398404
385113,0.2746971
385114,0.5730957
385115,0.5624948
385117,0.4196057
385119,0.3755811
385120,0.5159479
385121,0.71267146
385122,0.15225397
385123,0.16550896
385125,0.1439621
385126,0.2597318
385127,0.13434294
385128,0.15369506
385129,0.4413657
385130,0.3849268
385131,0.25916627
385132,0.41455522
385133,0.3414422
385134,0.623645
385135,0.20695557
385136,0.49039567
385137,0.71156925
385138,0.19804479
385139,0.82578516
385140,0.8376929
385141,0.38456956
385142,0.24395303
385143,0.13595814
385144,0.2824773
385145,0.687649
385146,0.30688334
385147,0.49605256
385149,0.35549992
385151,0.2890646
385152,0.31942424
385153,0.37947533
385197,0.10488318
385230,0.33438873
385231,0.656099
385252,0.7365839
385299,0.40637127
385351,0.20185423
385376,0.6784444
385405,0.25568268
385452,0.440134
385479,0.3525313
385510,0.46497017
385522,0.6816142
385524,0.20454109
385544,0.50951374
385563,0.48153624
385566,0.51885545
385571,0.15714101
385585,0.27308533
385586,0.49730125
385611,0.18700653
385621,0.2613032
385623,0.5152696
385628,0.8077993
385633,0.26542622
385634,0.13748406
385643,0.30970466
385650,0.4234616
385656,0.11647244
385666,0.5840389
385693,0.6194491
385705,0.64161044
385706,0.16426948
385835,0.116669215
385847,0.63597393
385867,0.61916554
385871,0.6072607
385872,0.29392806
385879,0.15709421
385883,0.104664184
385884,0.25710368
385885,0.260113
385889,0.3384688
385893,0.49161953
385894,0.5595718
385898,0.41108778
385899,0.64106214
385902,0.2731984
385903,0.30924532
385904,0.28866667
385905,0.43103665
385906,0.15004972
385907,0.47682214
385908,0.73141855
385909,0.35048503
385910,0.28096983
385973,0.25969163
386003,0.7659409
386013,0.098407984
386023,0.13248849
386065,0.12578444
386072,0.65567625
386077,0.6985899
386135,0.31059238
386141,0.21867606
386178,0.79493374
386198,0.48514235
386200,0.24251154
386203,0.68849784
386223,0.35616526
386225,0.1267856
386245,0.1825151
386250,0.14519723
386253,0.23445556
386254,0.48101473
386255,0.41834456
386262,0.45020902
386263,0.18194574
386264,0.14750192
386267,0.23878601
386268,0.30247226
386276,0.6976887
386279,0.70925593
386281,0.46564946
386282,0.37832227
386283,0.42633343
386284,0.21095408
386285,0.3989201
386286,0.31813577
386287,0.18025346
386288,0.7102192
386289,0.76243657
386290,0.41031933
386292,0.51833075
386293,0.36442468
386294,0.33427373
386295,0.8738845
386296,0.65174514
386297,0.452823
386299,0.30051532
386300,0.33903477
386301,0.1945729
386302,0.50712067
386303,0.7057172
386304,0.7227975
386305,0.4805644
386307,0.37098473
386308,0.3969059
386309,0.46737984
386310,0.39518374
386311,0.29051805
386347,0.56851697
386350,0.57142615
386352,0.25248313
386365,0.39243346
386378,0.3970027
386380,0.5071728
386399,0.5856923
386458,0.20998192
386523,0.2933004
386531,0.7748068
386545,0.5596189
386546,0.54535323
386547,0.4147684
386549,0.37500015
386550,0.38638684
386551,0.36656213
386552,0.10081558
386633,0.5371328
386647,0.1724489
386665,0.33588988
386767,0.37322798
386773,0.5146055
386774,0.32071444
386775,0.46041206
386777,0.24132812
386785,0.5465703
386791,0.35041174
386792,0.25375667
386795,0.25595763
386798,0.4821141
386803,0.28075126
386805,0.63286847
386806,0.5292903
386808,0.27940232
386811,0.27540064
386813,0.37210163
386814,0.5093219
386817,0.17608908
386819,0.1174672
386820,0.5471578
386821,0.66448176
386822,0.79442805
386824,0.3612481
386825,0.70914155
386826,0.110995874
386827,0.58882093
386828,0.81307817
386830,0.2719478
386831,0.5932543
386832,0.13370399
386833,0.62507725
386834,0.30227163
386835,0.08289374
386836,0.36087808
386837,0.5123995
386838,0.26597774
386839,0.72134835
386840,0.2528554
386841,0.7027944
386843,0.64802223
386844,0.59630966
386845,0.31556988
386847,0.40639555
386848,0.30620265
386849,0.24816945
386860,0.35968593
386938,0.10098314
386940,0.46740848
386989,0.46045145
387021,0.39594552
387193,0.6959958
387194,0.57139885
387286,0.554536
387291,0.23630592
387292,0.45515043
387324,0.5066462
387325,0.29821032
387329,0.3296022
387331,0.31965718
387333,0.067680955
387337,0.5275289
387341,0.43203822
387342,0.3922864
387349,0.54231554
387350,0.43941256
387351,0.30476266
387352,0.53676784
387353,0.5138579
387355,0.54259735
387356,0.58563495
387357,0.43051735
387358,0.22549352
387360,0.461346
387361,0.22814637
387362,0.19541354
387363,0.2882283
387364,0.28006655
387365,0.5394587
387366,0.32413402
387367,0.22447841
387368,0.18781827
387369,0.37588367
387370,0.1521393
387371,0.44940433
387372,0.47770452
387377,0.64677036
387378,0.53330755
387424,0.21783781
387440,0.28950688
387447,0.53190285
387489,0.472713
387501,0.4941972
387526,0.7519514
387542,0.18138246
387543,0.6358989
387544,0.34377044
387565,0.28691778
387572,0.4900074
387577,0.59197056
387578,0.3530914
387583,0.084089555
387584,0.17200992
387588,0.4726295
387595,0.7269514
387596,0.6227238
387597,0.58923817
387598,0.19024053
387662,0.67135566
387687,0.5284886
387688,0.30787075
387689,0.14764804
387718,0.5906806
387730,0.24412854
387753,0.2091936
387807,0.51284695
387843,0.29266474
387848,0.48492673
387882,0.47222975
387884,0.17756428
387892,0.08330198
387896,0.33468208
387916,0.66118854
387920,0.39817616
387927,0.5734712
387928,0.21567851
387929,0.4146462
387932,0.41044366
387934,0.5031345
387937,0.24101478
387942,0.4954055
387947,0.3833126
387948,0.17989542
387952,0.75428927
387953,0.3800011
387954,0.24391001
387955,0.6563626
387956,0.5388501
387957,0.6909123
387958,0.5731492
387960,0.085107714
387961,0.36300233
387962,0.50365824
387963,0.6411946
387964,0.72307205
387965,0.3053184
387966,0.4195144
387967,0.31030047
387968,0.39189887
387969,0.10313782
387970,0.5411176
387971,0.50607854
387972,0.26431668
387973,0.31404302
388053,0.83545196
388056,0.34635296
388057,0.6443569
388078,0.5414755
388079,0.12812768
388127,0.30298334
388155,0.5806166
388159,0.14580843
388169,0.29979187
388170,0.4971945
388173,0.22880594
388174,0.22651644
388176,0.38889167
388179,0.42725655
388182,0.4592266
388183,0.3240421
388187,0.55816066
388189,0.18743837
388191,0.11422486
388193,0.5055184
388194,0.40120217
388195,0.4109539
388196,0.21032955
388198,0.32800242
388199,0.66221654
388201,0.5358509
388202,0.7047113
388203,0.626899
388204,0.45990843
388206,0.49116874
388208,0.32367536
388209,0.28853306
388210,0.32536623
388211,0.16332753
388212,0.34424862
388213,0.28196558
388214,0.18768835
388215,0.5622285
388216,0.63035923
388217,0.39268368
388218,0.40472308
388219,0.17748393
388220,0.71489817
388221,0.4612834
388222,0.56564635
388223,0.24610509
388237,0.660392
388238,0.15306464
388242,0.3111204
388243,0.37424573
388248,0.56579864
388249,0.7354303
388251,0.6210073
388253,0.6247499
388255,0.31372353
388256,0.47963375
388258,0.37065133
388259,0.35727036
388260,0.5440782
388262,0.87254286
388263,0.60671765
388264,0.23526946
388265,0.54107356
388266,0.34648612
388267,0.6764686
388269,0.87970966
388270,0.44905064
388271,0.23960601
388272,0.49235564
388273,0.2336402
388274,0.6813132
388275,0.6897336
388276,0.20822766
388397,0.624042
388428,0.6493495
388429,0.28231904
388448,0.37960237
388449,0.10041823
388460,0.6453911
388463,0.6551756
388465,0.7627972
388505,0.67705846
388508,0.44144797
388511,0.18611203
388525,0.41819173
388554,0.3558114
388561,0.80375594
388566,0.44085443
388572,0.09747286
388574,0.3456695
388585,0.21805172
388589,0.09824742
388590,0.43652415
388594,0.40956855
388596,0.44261357
388616,0.59852
388621,0.30539733
388622,0.53273684
388627,0.18830012
388633,0.28576252
388639,0.26712
388647,0.37336344
388655,0.59082043
388665,0.38180023
388667,0.40607366
388668,0.14192106
388669,0.66946846
388679,0.46907845
388683,0.3163769
388687,0.24200073
388688,0.47090673
388700,0.53883755
388703,0.6358637
388704,0.6905837
388705,0.6109561
388707,0.12814455
388712,0.3453674
388729,0.19923748
388733,0.16368712
388748,0.28074208
388754,0.24581555
388763,0.50974125
388777,0.18482397
388790,0.36340153
388800,0.78174406
388801,0.20039392
388812,0.47034928
388816,0.8122099
388835,0.56711525
388837,0.44732967
388842,0.17909257
388847,0.44818023
388848,0.23312457
388849,0.63097477
388850,0.662329
388859,0.6540117
388864,0.27079737
388865,0.79420495
388870,0.45366648
388872,0.39226517
388873,0.46775803
388879,0.3670659
388890,0.7437451
388898,0.36748597
388899,0.43239945
388900,0.3597027
388913,0.8708044
388919,0.34136257
388921,0.5790568
388929,0.23121406
388945,0.48929766
388962,0.5412088
388963,0.23218201
388985,0.3325597
388986,0.21044151
388992,0.725436
388993,0.5067391
389002,0.24572177
389006,0.21270339
389009,0.40116963
389018,0.56165427
389048,0.6633597
389051,0.39429507
389068,0.42645583
389069,0.6612443
389070,0.20574959
389080,0.3077539
389085,0.12693717
389090,0.20379665
389094,0.49192697
389097,0.65758646
389098,0.4012384
389101,0.3760006
389104,0.36655262
389131,0.8044131
389133,0.59034634
389134,0.114787325
389143,0.4002436
389176,0.8029399
389181,0.13909207
389192,0.29958794
389202,0.47247955
389222,0.4339319
389225,0.6870474
389227,0.48019895
389239,0.3051992
389245,0.4701706
389248,0.14475131
389258,0.45092463
389266,0.5551886
389268,0.43365714
389277,0.50411695
389280,0.53059113
389300,0.19193174
389319,0.5642307
389330,0.2944757
389338,0.37879092
389356,0.49261066
389363,0.511694
389371,0.16773304
389377,0.77688915
389398,0.2310313
389409,0.21367373
389415,0.14852904
389418,0.41906422
389420,0.52789587
389426,0.7132953
389433,0.42998257
389434,0.18357672
389440,0.60967934
389441,0.25208297
389443,0.77691185
389448,0.63727695
389464,0.29110527
389466,0.22352405
389471,0.69413763
389473,0.34478956
389480,0.34272936
389481,0.18197379
389483,0.59495085
389486,0.13870624
389490,0.5195167
389500,0.18010671
389507,0.7559572
389509,0.21378826
389515,0.7664259
389517,0.21801943
389523,0.24688978
389527,0.12988824
389529,0.81182337
389532,0.38044345
389539,0.30469006
389550,0.21538971
389551,0.42320937
389552,0.48918802
389554,0.8018397
389563,0.59810567
389566,0.46017745
389572,0.18164168
389573,0.29227293
389585,0.52283424
389587,0.23314169
389589,0.3128918
389592,0.170799
389601,0.785753
389603,0.22241083
389604,0.4461061
389617,0.379795
389618,0.47226828
389619,0.2975274
389622,0.37344503
389623,0.5115606
389627,0.46450734
389644,0.8406764
389667,0.18245678
389678,0.81451637
389694,0.26591098
389700,0.54807013
389707,0.085034914
389714,0.11470859
389717,0.27753237
389732,0.34559694
389737,0.5529743
389741,0.43888128
389755,0.4395888
389756,0.5950487
389763,0.5996976
389772,0.6271857
389777,0.23268647
389778,0.4221485
389796,0.27854976
389798,0.10724419
389805,0.44411337
389807,0.2639565
389815,0.27279124
389818,0.43725803
389823,0.2554367
389824,0.25576213
389831,0.15320538
389856,0.64820564
389860,0.21037813
389862,0.44213888
389872,0.6423069
389875,0.07479238
389878,0.6011861
389879,0.4226629
389881,0.1862994
389895,0.35624477
389897,0.20679085
389898,0.27138594
389924,0.60987777
389929,0.1953829
389934,0.6920916
389947,0.3858817
389962,0.5138985
389981,0.11600601
390003,0.34890047
390006,0.36612725
390011,0.1487262
390041,0.4261985
390044,0.51884145
390045,0.30987293
390047,0.30505982
390048,0.71914726
390052,0.5838747
390056,0.35854283
390061,0.30306447
390065,0.21221977
390070,0.4948625
390073,0.543086
390076,0.2471953
390087,0.5252117
390092,0.3041541
390095,0.41648245
390099,0.69143
390107,0.45029554
390116,0.17698137
390130,0.24198943
390133,0.77927536
390144,0.38175875
390155,0.36019626
390159,0.44281164
390181,0.34505028
390183,0.21518083
390214,0.34875622
390222,0.603335
390230,0.3829673
390235,0.2940004
390237,0.22271958
390242,0.8471554
390256,0.2082489
390259,0.75764817
390261,0.2713601
390268,0.406727
390271,0.35904652
390274,0.47771683
390276,0.27094436
390279,0.36249524
390283,0.7061339
390285,0.27239522
390299,0.6143219
390316,0.16208161
390321,0.38840923
390330,0.40358323
390343,0.44995353
390346,0.7368206
390357,0.47235644
390359,0.7091399
390361,0.5986604
390365,0.41510046
390366,0.5593733
390372,0.6959587
390376,0.47936997
390378,0.82526565
390388,0.4884629
390391,0.29721946
390400,0.7096421
390407,0.6194876
390411,0.35321158
390419,0.17182802
390423,0.23469041
390437,0.29111633
390445,0.20387505
390449,0.19918196
390455,0.480944
390465,0.43799847
390491,0.18857136
390492,0.6029084
390494,0.4686387
390495,0.48355553
390497,0.25186035
390504,0.533284
390508,0.5431073
390510,0.54015744
390512,0.31985086
390524,0.37027937
390531,0.3404863
390558,0.6816032
390561,0.4267924
390564,0.14603782
390569,0.34223503
390574,0.34230036
390575,0.50299865
390587,0.7535396
390620,0.6181652
390621,0.44400454
390633,0.45872948
390634,0.6444643
390638,0.5306098
390639,0.4784503
390642,0.12336965
390647,0.7616487
390648,0.29339066
390663,0.38879395
390686,0.19508289
390688,0.5900889
390690,0.42608413
390691,0.34128395
390696,0.65621686
390703,0.4604979
390711,0.6908272
390722,0.2020318
390736,0.68259835
390747,0.72922665
390752,0.42315596
390760,0.5425171
390774,0.41135678
390777,0.26188952
390781,0.1979762
390793,0.38558838
390838,0.4786442
390847,0.60718805
390851,0.5197742
390854,0.17520688
390858,0.17861938
390864,0.33975717
390871,0.5328473
390905,0.54821926
390908,0.6643544
390910,0.083006956
390917,0.26950258
390919,0.2191756
390920,0.34131274
390922,0.23042877
390928,0.38630778
390929,0.3043867
390953,0.42847174
390955,0.117860064
390959,0.23969397
390962,0.25832763
390971,0.6955202
390972,0.46017948
390990,0.1685861
390994,0.6746471
390997,0.71180165
391015,0.27723587
391034,0.24189498
391038,0.47993955
391043,0.37317306
391048,0.16591328
391049,0.28070185
391056,0.40238234
391060,0.39592683
391072,0.42033622
391073,0.41505086
391077,0.21864998
391086,0.2242204
391092,0.3581319
391096,0.28186893
391118,0.34133294
391123,0.5870322
391136,0.44424212
391137,0.23158742
391145,0.3552458
391162,0.1458786
391164,0.5902332
391168,0.7663047
391172,0.384381
391184,0.6139611
391188,0.32091478
391198,0.4708937
391207,0.23269878
391208,0.12471147
391209,0.70009184
391230,0.43968198
391232,0.4532221
391236,0.419752
391237,0.6620212
391245,0.41419104
391269,0.31096563
391274,0.25196826
391275,0.6538938
391276,0.41068736
391279,0.48092085
391285,0.26415482
391306,0.26222304
391310,0.31861866
391321,0.12694073
391327,0.23865823
391341,0.7073542
391350,0.3072583
391353,0.14593838
391354,0.27315313
391357,0.34290257
391367,0.7654324
391371,0.52965194
391384,0.5149195
391387,0.30763477
391388,0.40567705
391392,0.2182271
391408,0.1634939
391433,0.15254653
391439,0.3574751
391443,0.6076985
391445,0.22098947
391449,0.4850573
391450,0.47552127
391461,0.5966495
391469,0.17762564
391486,0.16562387
391487,0.63564503
391500,0.29935724
391501,0.30016938
391505,0.1088591
391516,0.49427256
391517,0.22125712
391522,0.30723155
391539,0.71154815
391543,0.6749344
391546,0.4996165
391552,0.74102646
391555,0.36673936
391564,0.09801339
391565,0.54098564
391570,0.17171535
391586,0.5513785
391587,0.4672114
391588,0.3452975
391590,0.43981144
391613,0.8280649
391614,0.47654727
391617,0.0742443
391623,0.5913915
391635,0.37662712
391653,0.15857276
391661,0.4560724
391670,0.23594148
391682,0.14779688
391713,0.15844998
391717,0.5964483
391726,0.81533414
391738,0.55320555
391740,0.35876164
391741,0.12751
391742,0.2823552
391756,0.26412705
391765,0.79442465
391766,0.30022052
391768,0.33891496
391771,0.21077639
391784,0.431619
391786,0.74886894
391791,0.44427025
391798,0.2764327
391820,0.7784135
391831,0.320516
391842,0.33015087
391843,0.11631363
391853,0.21953124
391858,0.6608361
391866,0.8264459
391867,0.17484711
391870,0.44012555
391879,0.5916049
391903,0.42214465
391915,0.4519686
391920,0.15510046
391929,0.52206594
391935,0.3216302
391944,0.1298594
391945,0.6839714
391947,0.6976777
391957,0.32054105
391960,0.44726437
391966,0.43209755
391977,0.21418008
391983,0.35906953
391990,0.60059917
391999,0.3513555
392010,0.23727599
392011,0.18679248
392012,0.27488554
392013,0.11556693
392015,0.25268275
392027,0.5676532
392029,0.42526177
392031,0.4629207
392035,0.219882
392042,0.1386865
392049,0.32809523
392050,0.40264335
392062,0.32232577
392068,0.46324807
392071,0.17939073
392079,0.28230911
392087,0.18944974
392106,0.64478755
392111,0.3035804
392123,0.5528847
392127,0.7462433
392132,0.6703297
392149,0.65749776
392151,0.2779416
392175,0.7610985
392186,0.57076705
392190,0.73923117
392196,0.77358615
392202,0.41588846
392212,0.41021597
392221,0.43126997
392224,0.62652266
392230,0.1886727
392232,0.40770918
392234,0.7127041
392239,0.53794247
392240,0.74145293
392241,0.048848495
392243,0.7988481
392250,0.23734395
392253,0.19419692
392258,0.41440377
392260,0.30977288
392270,0.7843415
392280,0.30640677
392283,0.20892498
392293,0.19367741
392311,0.44023263
392316,0.29931134
392317,0.52015847
392319,0.54288507
392328,0.21407165
392363,0.45671642
392369,0.31919268
392371,0.46433
392372,0.44820392
392386,0.49441087
392389,0.75374514
392390,0.5959262
392391,0.5975356
392398,0.30758289
392399,0.4172552
392404,0.6268631
392405,0.2418597
392408,0.7131217
392422,0.23221487
392423,0.32071528
392424,0.5891066
392429,0.42363095
392430,0.5264124
392431,0.39092577
392437,0.310354
392450,0.31683847
392458,0.24368186
392460,0.33537823
392469,0.64379877
392474,0.39598793
392491,0.76532894
392495,0.20614368
392513,0.79687935
392526,0.36457512
392527,0.70178026
392534,0.46433368
392540,0.6158394
392554,0.6803867
392571,0.34639096
392578,0.46851858
392583,0.1892601
392588,0.606658
392594,0.48580194
392604,0.12192772
392610,0.800123
392613,0.427935
392619,0.42885098
392622,0.6129594
392624,0.16622299
392629,0.7892332
392634,0.45179656
392639,0.13031855
392649,0.35172647
392671,0.51648456
392680,0.7070413
392682,0.12417586
392684,0.55002004
392685,0.5753789
392686,0.75801325
392699,0.24966995
392704,0.30691406
392709,0.4466008
392714,0.7719504
392717,0.18439148
392727,0.42725027
392730,0.38551408
392741,0.25511238
392754,0.09958911
392762,0.44774517
392774,0.2531949
392775,0.42013445
392793,0.37227592
392800,0.36960962
392809,0.46829158
392812,0.26950735
392814,0.38472357
392820,0.5748373
392825,0.17575893
392847,0.34249526
392849,0.7253935
392861,0.66504174
392868,0.61981684
392880,0.7088007
392882,0.54914665
392888,0.49368566
392905,0.1717165
392909,0.7155645
392915,0.42256778
392925,0.3596516
392931,0.2421211
392933,0.36530453
392935,0.6166992
392939,0.3276124
392951,0.29761997
392960,0.20049948
392962,0.3661474
392964,0.33210143
392970,0.22172697
392980,0.4474265
392981,0.32916534
392985,0.1646936
392990,0.38517904
392992,0.58961
392998,0.47723544
392999,0.5269829
393007,0.17509831
393009,0.40727282
393012,0.4656199
393014,0.26559895
393015,0.4121961
393035,0.48505852
393055,0.13681741
393056,0.5727408
393075,0.30820176
393078,0.14760579
393094,0.3844125
393111,0.39290816
393115,0.46431777
393117,0.59208566
393118,0.3083419
393128,0.60892874
393129,0.2364584
393136,0.28480324
393138,0.38890138
393139,0.73563737
393156,0.26657367
393159,0.75715894
393168,0.29610437
393172,0.31769082
393177,0.34135365
393189,0.060914148
393194,0.6891662
393201,0.24345392
393202,0.30800974
393209,0.19615617
393216,0.7393307
393218,0.68643206
393224,0.23102784
393227,0.29823402
393232,0.30872115
393256,0.28050938
393257,0.28943002
393258,0.7447139
393267,0.35968238
393269,0.27104723
393275,0.6834433
393278,0.21613058
393279,0.77809364
393312,0.57639986
393318,0.37599
393343,0.5935991
393351,0.5959892
393356,0.18826836
393361,0.53613764
393370,0.62796646
393381,0.28587183
393395,0.52388555
393405,0.3169805
393416,0.53093827
393419,0.1709029
393430,0.4763383
393443,0.5516197
393454,0.7608773
393478,0.11465503
393489,0.15787955
393499,0.54262954
393503,0.37860247
393505,0.41381216
393507,0.32752723
393526,0.4626762
393537,0.26214153
393543,0.27791828
393555,0.3787255
393562,0.29462534
393573,0.6834923
393587,0.6547106
393591,0.4188467
393606,0.2647352
393621,0.42236757
393624,0.2635809
393625,0.6255296
393628,0.6612897
393633,0.34343636
393641,0.5416209
393642,0.38771236
393650,0.329598
393658,0.65819865
393669,0.27405748
393671,0.46840996
393672,0.33159316
393680,0.13010125
393683,0.71605825
393684,0.3075554
393691,0.21250744
393696,0.32688603
393699,0.28512102
393708,0.2446911
393709,0.61610603
393711,0.43304285
393720,0.6866505
393738,0.20754458
393740,0.40298513
393762,0.11102195
393774,0.23418249
393776,0.25181574
393778,0.5388674
393793,0.35525164
393804,0.5118499
393818,0.7909507
393821,0.16859609
393822,0.10720438
393833,0.75889903
393839,0.45391166
393840,0.5807269
393843,0.27284172
393852,0.16926092
393855,0.21083939
393860,0.49392733
393864,0.5684207
393877,0.5101444
393882,0.650218
393884,0.6123738
393886,0.39597192
393892,0.37608233
393894,0.19561538
393902,0.2726168
393909,0.58170515
393910,0.19626638
393911,0.2810633
393934,0.22237115
393936,0.6248414
393939,0.4414291
393940,0.16864951
393943,0.37602955
393946,0.6756351
393950,0.17727165
393953,0.3389407
393959,0.8010874
393974,0.55748874
393980,0.76010096
393983,0.16388807
393985,0.3499606
393992,0.15950836
393995,0.53490955
394008,0.71203136
394010,0.4463338
394022,0.27366638
394062,0.14489846
394063,0.21022625
394066,0.403114
394069,0.5553603
394071,0.33512148
394082,0.31969562
394087,0.44851258
394095,0.18053283
394097,0.5878212
394106,0.5023004
394113,0.8321735
394115,0.65672714
394125,0.20411561
394131,0.19617823
394132,0.50845635
394141,0.55842733
394145,0.64598584
394153,0.87437093
394159,0.22014372
394180,0.20651397
394186,0.44132093
394200,0.5127037
394203,0.12812805
394210,0.36320522
394214,0.6818627
394218,0.6251419
394231,0.5092974
394240,0.7243907
394248,0.55922425
394249,0.13888991
394254,0.62018543
394264,0.40901858
394267,0.4985961
394269,0.5521294
394275,0.49262455
394289,0.13422728
394295,0.16867664
394305,0.5216088
394308,0.46331063
394317,0.059510328
394323,0.6034867
394332,0.15457487
394336,0.4802519
394345,0.83460367
394346,0.41106775
394347,0.23436695
394351,0.4620797
394355,0.74274737
394360,0.1570543
394372,0.46203786
394373,0.5476316
394374,0.2887145
394382,0.54489684
394385,0.46859846
394409,0.74930936
394415,0.23400068
394433,0.36426035
394445,0.2801001
394448,0.50157315
394451,0.713495
394467,0.25619012
394471,0.28067666
394473,0.5957531
394474,0.41144612
394476,0.34973383
394492,0.11859463
394502,0.32927617
394506,0.43984613
394510,0.26884618
394515,0.27833527
394535,0.50705045
394537,0.74443716
394539,0.45495185
394541,0.44651264
394564,0.4549382
394567,0.22811426
394568,0.3155933
394571,0.5963192
394576,0.20456283
394579,0.77237415
394585,0.29040545
394588,0.083556026
394606,0.1395421
394623,0.20493473
394632,0.5202901
394635,0.5992854
394642,0.11568065
394653,0.26114976
394689,0.2083651
394695,0.3550501
394699,0.4831986
394706,0.6586275
394712,0.6658667
394721,0.8219755
394722,0.5554332
394739,0.18284447
394742,0.69382066
394761,0.58703
394775,0.27530843
394777,0.64877445
394783,0.671934
394800,0.40342945
394803,0.1499614
394804,0.8012544
394815,0.17157835
394835,0.59317994
394843,0.7544425
394845,0.7518284
394847,0.26992646
394848,0.50559306
394850,0.29357275
394857,0.39712477
394873,0.7015638
394892,0.43213367
394898,0.20676573
394904,0.32293338
394918,0.7289371
394920,0.6181699
394926,0.07955879
394927,0.29644188
394940,0.35649723
394942,0.15016599
394943,0.6427282
394959,0.514851
394977,0.5415879
394991,0.61935925
395014,0.7716088
395027,0.20217972
395042,0.7282128
395062,0.7288177
395063,0.70071894
395064,0.30944842
395076,0.26937577
395085,0.6430215
395095,0.41524947
395100,0.40367696
395105,0.67342937
395108,0.2855143
395110,0.5801626
395114,0.67427695
395123,0.53637534
395131,0.51040125
395144,0.45082146
395152,0.677432
395159,0.4505286
395166,0.40207088
395197,0.24337442
395210,0.41364688
395212,0.32951868
395216,0.47807723
395218,0.61134624
395224,0.1873087
395225,0.7639118
395233,0.58316165
395237,0.146307
395246,0.5485093
395248,0.698037
395262,0.438135
395271,0.15938748
395275,0.29135978
395286,0.3519636
395316,0.5998224
395318,0.77500015
395328,0.5698033
395334,0.34881717
395337,0.5457872
395338,0.25631657
395346,0.3915335
395365,0.45695674
395373,0.7174752
395383,0.8110784
395387,0.35619697
395391,0.24521565
395401,0.5350807
395432,0.092942566
395443,0.25971138
395447,0.16314873
395448,0.5671638
395450,0.23943268
395456,0.27567944
395459,0.6145503
395462,0.38302615
395488,0.6520549
395492,0.21797156
395495,0.46182665
395504,0.6110352
395507,0.3891361
395508,0.6007386
395509,0.2470105
395513,0.55055374
395515,0.37491554
395517,0.5387555
395520,0.6819539
395524,0.15851958
395525,0.20409511
395533,0.24173425
395538,0.3331585
395545,0.1744647
395553,0.47583655
395576,0.6689394
395585,0.53726524
395590,0.43575472
395593,0.35052884
395595,0.28123483
395603,0.388221
395604,0.39420542
395611,0.70312715
395612,0.3651801
395617,0.18883051
395624,0.102045946
395653,0.60486877
395665,0.21972062
395668,0.3251751
395672,0.5644058
395677,0.43755305
395692,0.08601384
395693,0.5992691
395694,0.345796
395696,0.588426
395699,0.26352626
395703,0.1830613
395712,0.39072967
395731,0.260816
395732,0.24524382
395735,0.20624977
395736,0.27833605
395744,0.6842842
395763,0.3295408
395771,0.124561146
395774,0.28548464
395784,0.29132012
395790,0.38504285
395792,0.8172018
395796,0.35309583
395808,0.52195257
395810,0.4336558
395814,0.76206744
395831,0.5305863
395836,0.25136897
395837,0.15120621
395852,0.35820952
395854,0.14549363
395856,0.48842582
395857,0.31729484
395860,0.21822806
395862,0.13499989
395875,0.2320743
395880,0.18363103
395893,0.72823036
395900,0.20133932
395908,0.39591148
395921,0.84965897
395922,0.23231442
395926,0.4917376
395933,0.21297331
395936,0.1906552
395940,0.19416301
395951,0.5452115
395964,0.047921736
395969,0.24393354
395971,0.39943066
395973,0.22983314
395975,0.6386791
395984,0.7083158
395993,0.19741863
396012,0.6205458
396033,0.6557281
396035,0.28901362
396036,0.5894843
396041,0.37517813
396048,0.5160802
396049,0.5057482
396057,0.35417274
396060,0.4038712
396063,0.2465996
396078,0.50669205
396085,0.5507888
396087,0.2731042
396094,0.37727347
396104,0.32332492
396110,0.4562503
396123,0.6489033
396139,0.39529428
396160,0.32444245
396165,0.42622876
396169,0.47360107
396182,0.20648113
396200,0.7368687
396201,0.1617251
396202,0.25525546
396216,0.5751908
396227,0.34315148
396236,0.24033152
396240,0.6704313
396249,0.20527467
396252,0.28068683
396253,0.71302736
396276,0.23020354
396297,0.16623476
396301,0.17514281
396310,0.18111017
396327,0.43368712
396330,0.32218778
396331,0.28758588
396334,0.26305586
396337,0.38816863
396343,0.45598984
396346,0.2499916
396350,0.7315999
396368,0.3802535
396375,0.75677663
396378,0.43758103
396380,0.48833176
396393,0.2542034
396397,0.28745484
396403,0.3146644
396404,0.7914123
396408,0.3920773
396414,0.3533526
396418,0.83822393
396420,0.29050258
396426,0.51295155
396428,0.31319267
396434,0.6677132
396435,0.19229122
396437,0.20967242
396442,0.31239688
396444,0.26357767
396449,0.22539522
396453,0.4212553
396464,0.34911475
396474,0.35915172
396483,0.25032085
396496,0.5121894
396501,0.48125905
396505,0.15493503
396506,0.092264466
396512,0.13701187
396513,0.65104264
396518,0.28419238
396530,0.5986733
396542,0.58446705
396549,0.14292745
396553,0.24352881
396555,0.7611061
396557,0.3262737
396562,0.7035566
396566,0.19691975
396588,0.7637465
396589,0.49991181
396590,0.67650425
396597,0.16957393
396602,0.1728569
396609,0.80703926
396614,0.6931844
396617,0.55103105
396620,0.36141467
396625,0.871607
396638,0.5258103
396640,0.5735965
396646,0.4537284
396648,0.3445515
396653,0.4785536
396663,0.4853478
396668,0.29495737
396670,0.5377836
396678,0.33431432
396681,0.3376036
396698,0.12712008
396699,0.6639734
396710,0.43449152
396713,0.6213987
396729,0.13661675
396732,0.5811588
396735,0.64799964
396752,0.70434666
396754,0.27105024
396761,0.1027416
396769,0.48914203
396777,0.21391141
396789,0.74051166
396790,0.23476747
396792,0.3775532
396824,0.49181783
396829,0.23732886
396830,0.3138763
396844,0.6438798
396849,0.31754962
396855,0.807136
396864,0.5496803
396865,0.6188134
396866,0.24901015
396883,0.33582723
396889,0.43945205
396893,0.19321728
396900,0.4195998
396904,0.5499167
396912,0.19195703
396916,0.079783626
396922,0.10429899
396926,0.19251353
396928,0.41583773
396931,0.69776887
396944,0.261297
396949,0.34374493
396952,0.756196
396979,0.72847974
396984,0.2084589
396986,0.18527542
396992,0.13105106
396995,0.91909575
397014,0.4383393
397025,0.22912061
397046,0.7767306
397047,0.27207887
397051,0.29211223
397052,0.556111
397058,0.42333016
397071,0.27734837
397081,0.35458064
397084,0.15646377
397086,0.6777882
397088,0.4299003
397090,0.6957673
397093,0.45737052
397106,0.38471404
397109,0.7832254
397110,0.49607977
397118,0.18798335
397119,0.54969966
397120,0.25859043
397127,0.40790242
397128,0.12173977
397129,0.5099756
397132,0.3154944
397138,0.21942498
397139,0.47800162
397146,0.46062356
397148,0.8331723
397149,0.65474874
397166,0.21089064
397167,0.64357185
397168,0.20368433
397171,0.16610697
397178,0.4040287
397185,0.29139003
397191,0.41728073
397195,0.53156805
397197,0.6307721
397198,0.2880201
397211,0.45356262
397213,0.27859274
397216,0.192304
397219,0.5879606
397226,0.36725044
397241,0.20818281
397249,0.6041377
397261,0.29065385
397265,0.19636704
397281,0.20963143
397304,0.3253411
397306,0.33047202
397325,0.52634484
397327,0.24319294
397345,0.8576933
397360,0.22366868
397378,0.1798217
397383,0.37962314
397384,0.3612851
397399,0.5049796
397415,0.29784623
397433,0.059196625
397444,0.78711456
397452,0.742879
397458,0.31928858
397460,0.2528613
397462,0.21273062
397464,0.35401705
397466,0.84918916
397472,0.15295252
397474,0.29596484
397476,0.67082334
397482,0.80865747
397492,0.676722
397494,0.11135192
397501,0.6357034
397507,0.6808618
397512,0.5309038
397513,0.43139124
397517,0.19758305
397533,0.4238976
397549,0.8131974
397560,0.42200488
397562,0.14776963
397570,0.47929004
397575,0.1769007
397584,0.37303528
397585,0.10654836
397593,0.3268561
397609,0.66294044
397615,0.13806924
397630,0.67082775
397631,0.3341975
397633,0.63791686
397641,0.24673161
397664,0.29623666
397668,0.2832062
397674,0.40983093
397679,0.5684181
397681,0.5883196
397694,0.29004297
397695,0.49577183
397707,0.7313485
397713,0.08454771
397714,0.36923543
397715,0.46944782
397724,0.28192657
397726,0.77875835
397729,0.27030775
397739,0.26466805
397741,0.16112787
397759,0.5195417
397761,0.23151895
397767,0.64638746
397776,0.6803654
397782,0.7976015
397785,0.28318027
397789,0.20210996
397793,0.4077312
397794,0.67007583
397804,0.27045432
397815,0.29010153
397816,0.42895597
397825,0.4841518
397857,0.6960357
397861,0.3228978
397890,0.2964035
397891,0.8046481
397900,0.4041777
397903,0.42225316
397911,0.35695672
397925,0.57449436
397928,0.45103306
397954,0.24734226
397955,0.1350555
397962,0.49307424
397971,0.32172263
397975,0.4129947
397984,0.7320064
397989,0.1519041
397993,0.4458971
398004,0.21427475
398032,0.7172118
398038,0.35876992
398043,0.27246085
398046,0.30774128
398051,0.75179476
398061,0.21745831
398082,0.3569602
398086,0.3152207
398087,0.47580993
398088,0.5055284
398093,0.25662047
398103,0.14333425
398106,0.39429396
398109,0.4435008
398110,0.21544796
398113,0.4354575
398116,0.46149948
398132,0.23519194
398135,0.47608435
398138,0.27414683
398159,0.5612235
398163,0.5907085
398165,0.49699542
398166,0.34918347
398173,0.3254621
398179,0.50755155
398181,0.57334363
398189,0.17969006
398196,0.46673343
398206,0.52230066
398208,0.56151503
398220,0.4059792
398231,0.31770906
398234,0.81262624
398239,0.38242254
398254,0.12652947
398260,0.3723588
398261,0.2842006
398269,0.7918602
398274,0.37528354
398279,0.17224246
398280,0.38973853
398292,0.6158304
398293,0.36584762
398295,0.3470203
398329,0.32410625
398337,0.38556087
398344,0.21599904
398347,0.3112763
398348,0.88317543
398352,0.061139733
398355,0.556009
398360,0.68881357
398363,0.44781008
398368,0.3481879
398373,0.6522816
398377,0.28501648
398384,0.35668725
398389,0.37315986
398394,0.7242126
398397,0.20527361
398400,0.4137946
398409,0.26179788
398429,0.35377848
398432,0.44986895
398444,0.70732456
398446,0.8391832
398456,0.2587792
398461,0.24967031
398473,0.27946046
398480,0.21879339
398481,0.60654163
398485,0.58230734
398488,0.69860053
398500,0.4676551
398520,0.54745334
398524,0.5267097
398534,0.28245053
398554,0.11733606
398572,0.39883003
398580,0.44388345
398586,0.17881322
398592,0.64006644
398606,0.32363823
398619,0.47497976
398621,0.47615287
398625,0.56610996
398645,0.5240598
398652,0.7826338
398656,0.15930557
398661,0.5352014
398667,0.25786734
398669,0.49216846
398676,0.42293227
398690,0.32134727
398699,0.49607182
398715,0.4375264
398718,0.09669142
398721,0.2152015
398729,0.31086987
398737,0.3733646
398738,0.13030915
398752,0.39586
398757,0.6213894
398759,0.24490672
398764,0.5750132
398771,0.35558808
398773,0.17507136
398775,0.33893755
398779,0.65984774
398791,0.53256
398807,0.72207147
398811,0.40892398
398814,0.5138474
398817,0.1876298
398829,0.32583904
398830,0.13037252
398838,0.23970816
398839,0.74758565
398841,0.47241017
398850,0.21763869
398852,0.2714193
398858,0.38645336
398859,0.5609284
398862,0.5903954
398870,0.5982845
398875,0.4370267
398902,0.15520644
398910,0.06157078
398919,0.6928332
398929,0.5415603
398935,0.82107985
398940,0.25472495
398953,0.470305
398956,0.48089394
398963,0.16470635
398966,0.50249314
398967,0.55143887
398968,0.48440936
398974,0.42625916
398976,0.3165952
398982,0.42192772
398993,0.32349482
399011,0.6120735
399016,0.5686686
399017,0.5269775
399020,0.33734965
399047,0.65304124
399053,0.8362813
399056,0.15820393
399061,0.2529866
399066,0.71964085
399074,0.56684065
399086,0.5060067
399088,0.656881
399091,0.4727986
399092,0.49069455
399093,0.35190538
399100,0.15647937
399124,0.29093102
399131,0.6047813
399142,0.36435634
399149,0.24809341
399158,0.80743974
399160,0.1746131
399167,0.2248703
399169,0.57437307
399171,0.08911489
399174,0.48873112
399178,0.67514414
399179,0.7684165
399184,0.2926931
399185,0.1713853
399186,0.46974638
399191,0.21774964
399192,0.17765202
399195,0.81520647
399212,0.5783931
399221,0.59317327
399223,0.8087315
399230,0.61934125
399246,0.45389226
399260,0.31810075
399261,0.57524574
399266,0.2635055
399289,0.2435714
399293,0.41011688
399299,0.24804969
399306,0.17016989
399321,0.26048642
399328,0.22092298
399344,0.17218708
399352,0.45114896
399358,0.45059663
399374,0.6515949
399382,0.8607736
399385,0.5398116
399388,0.2544703
399399,0.20103553
399410,0.16733757
399417,0.14285216
399423,0.29365945
399427,0.1248965
399429,0.4588427
399435,0.33565924
399439,0.2887789
399451,0.42180967
399454,0.2437188
399458,0.57898957
399468,0.2011909
399477,0.5482374
399483,0.69709235
399493,0.18993713
399494,0.50616235
399499,0.4854009
399503,0.40284207
399510,0.36362034
399511,0.25977552
399525,0.18715474
399528,0.46997705
399533,0.49753457
399538,0.5361131
399551,0.3056534
399568,0.6817384
399571,0.24116877
399585,0.09930615
399589,0.5392507
399595,0.20590453
399598,0.16759169
399605,0.3889004
399616,0.48850852
399617,0.13164598
399622,0.20389712
399627,0.58063024
399635,0.34953064
399639,0.80724764
399641,0.4889591
399643,0.46754405
399659,0.13963462
399667,0.4084854
399683,0.40094337
399702,0.5939041
399706,0.740975
399720,0.21956041
399727,0.35905576
399730,0.7743674
399734,0.36659604
399751,0.25287881
399754,0.58002394
399759,0.44427213
399768,0.44427854
399770,0.6914148
399781,0.6443776
399786,0.6724123
399799,0.4069905
399811,0.19379666
399813,0.30095363
399820,0.44320872
399832,0.2954218
399851,0.5292846
399853,0.17405148
399855,0.2127438
399860,0.39005664
399876,0.7435848
399877,0.3443102
399881,0.06851921
399882,0.43042412
399903,0.38091826
399906,0.35274422
399912,0.6642195
399915,0.42695338
399921,0.2980604
399935,0.5038993
399936,0.4889988
399938,0.1873557
399939,0.1621543
399940,0.18988228
399949,0.5948999
399953,0.05509239
399959,0.69251573
399968,0.25130776
399969,0.12452299
399972,0.5169286
399974,0.2623004
399976,0.32346302
399979,0.3199545
399988,0.43201458
399994,0.8091443
399996,0.5927435
399997,0.463663
400000,0.29241598
400004,0.256524
400011,0.38726324
400014,0.83279645
400015,0.25091782
400017,0.28390488
400046,0.40304044
400063,0.6463271
400065,0.2995782
400069,0.24627826
400075,0.20762435
400088,0.19826828
400091,0.20784244
400105,0.256421
400108,0.7067244
400113,0.26081505
400119,0.35584152
400123,0.51352555
400127,0.27848077
400136,0.29614738
400137,0.5606638
400138,0.64496803
400158,0.61691576
400172,0.36648703
400174,0.26194906
400224,0.4125451
400229,0.6088017
400236,0.78341156
400240,0.15143183
400249,0.19430673
400258,0.5687995
400268,0.5307873
400272,0.21917689
400284,0.32651624
400292,0.1804052
400295,0.42782208
400308,0.4177659
400314,0.2964526
400315,0.18269126
400331,0.7326276
400332,0.30115622
400339,0.17074774
400342,0.4232228
400361,0.3175655
400363,0.47818074
400365,0.19109042
400374,0.526728
400379,0.29179126
400382,0.11102985
400416,0.5357172
400422,0.40663233
400436,0.26244938
400460,0.545687
400462,0.7871789
400468,0.61721194
400482,0.3564839
400489,0.37171638
400490,0.5748195
400501,0.1726047
400519,0.36231625
400525,0.8691038
400526,0.093245834
400529,0.7381662
400540,0.36749485
400543,0.56329376
400545,0.3353072
400556,0.7029555
400572,0.39142752
400584,0.18290024
400589,0.234415
400593,0.7565426
400597,0.39031613
400616,0.46820167
400642,0.42197534
400643,0.35030195
400649,0.123610444
400672,0.6143406
400685,0.23578352
400693,0.49737883
400695,0.6625882
400701,0.29564613
400720,0.28842247
400741,0.39063802
400745,0.46028432
400750,0.2651724
400779,0.6855238
400784,0.28057432
400792,0.5486516
400800,0.14015391
400811,0.37145
400813,0.79886097
400820,0.10298262
400830,0.2237786
400833,0.21143007
400834,0.5029605
400841,0.24377505
400855,0.78787994
400856,0.47783253
400860,0.16669525
400866,0.4049561
400869,0.41320148
400870,0.56897944
400880,0.2907641
400882,0.29055658
400915,0.5660971
400921,0.60888934
400923,0.55172074
400925,0.2715318
400936,0.4454383
400943,0.7062559
400962,0.19043483
400963,0.40417522
400967,0.18410909
400970,0.3227548
400975,0.1909246
400981,0.6834921
400983,0.6577337
400987,0.22375755
400988,0.2003117
400994,0.44431648
400998,0.52072173
401002,0.14108557
401003,0.5916626
401005,0.34284425
401007,0.30721846
401022,0.6645496
401029,0.6784826
401035,0.30712473
401036,0.72432727
401040,0.1269604
401045,0.39639622
401053,0.35457885
401065,0.3158718
401067,0.43544877
401069,0.51532584
401073,0.5339757
401074,0.57312465
401078,0.44591007
401082,0.6987562
401086,0.45199946
401092,0.36037466
401097,0.13779917
401098,0.22000378
401099,0.56409293
401100,0.4716608
401107,0.5576054
401119,0.7055748
401120,0.28247756
401137,0.68598497
401142,0.735527
401162,0.23108038
401163,0.6609389
401172,0.40920117
401179,0.47076073
401182,0.40870675
401184,0.28133848
401190,0.17293213
401207,0.2732457
401210,0.12054726
401220,0.24434038
401225,0.18776882
401230,0.41316998
401240,0.26233152
401246,0.38141862
401256,0.70956975
401273,0.30129182
401274,0.54320186
401287,0.3596258
401292,0.4469017
401305,0.5447653
401310,0.09879893
401311,0.46511796
401321,0.26254764
401332,0.4358538
401338,0.20705236
401345,0.37190142
401368,0.454667
401375,0.9097023
401378,0.21683574
401379,0.15693077
401395,0.38743642
401403,0.4027148
401406,0.12391463
401415,0.3780889
401424,0.35104465
401425,0.23460422
401428,0.620903
401430,0.51280844
401436,0.26310274
401440,0.31434163
401443,0.33318684
401447,0.10980823
401448,0.2083008
401450,0.116126
401459,0.2569639
401462,0.32103917
401470,0.80574167
401479,0.41721162
401481,0.11799675
401486,0.4961021
401496,0.23421578
401497,0.55533516
401502,0.34009528
401508,0.36247084
401513,0.5058981
401517,0.8486591
401519,0.6207365
401533,0.7180308
401536,0.6656842
401547,0.2468403
401581,0.3423132
401582,0.28357413
401586,0.3730549
401593,0.7850513
401603,0.37962103
401621,0.41131556
401625,0.43208647
401635,0.7892678
401646,0.3513844
401649,0.26674703
401660,0.34310308
401668,0.6362548
401686,0.14939873
401706,0.664504
401712,0.4851719
401721,0.2627122
401725,0.56135386
401730,0.83187544
401741,0.091812134
401743,0.14078447
401748,0.35542414
401751,0.12554857
401770,0.48851308
401791,0.18724966
401792,0.29179356
401808,0.6643976
401816,0.17616364
401820,0.56937766
401821,0.15622236
401828,0.13103455
401830,0.6871706
401832,0.26371512
401839,0.5279046
401852,0.08663806
401868,0.20346883
401876,0.3238521
401879,0.74266565
401882,0.16205129
401894,0.36946368
401899,0.65451443
401901,0.6133041
401913,0.3833026
401919,0.1104872
401920,0.3139018
401923,0.14133193
401924,0.7245894
401932,0.7315083
401942,0.67292666
401949,0.35630724
401950,0.6642798
401951,0.2813486
401952,0.2629064
401971,0.65607244
401972,0.32889056
401973,0.2598188
401974,0.50667167
401983,0.41761452
401984,0.23250377
401988,0.19559984
401989,0.42569005
401990,0.19192308
402024,0.5750913
402029,0.40035614
402030,0.6736474
402041,0.45416602
402042,0.4703875
402043,0.3217717
402052,0.6427399
402053,0.2117772
402054,0.27374923
402057,0.29545337
402067,0.1760737
402068,0.08642666
402069,0.2791489
402070,0.48877302
402071,0.22611964
402073,0.1856834
402074,0.26007494
402075,0.41128474
402076,0.3025747
402077,0.3101316
402078,0.8167205
402079,0.6849413
402080,0.21289141
402081,0.101491876
402082,0.38810658
402089,0.6017455
402090,0.3262612
402091,0.65498453
402092,0.4326004
402094,0.2949987
402095,0.1433204
402096,0.32529217
402109,0.4712179
402151,0.44454277
402152,0.35092282
402153,0.30640185
402155,0.28097692
402201,0.19973096
402210,0.55114496
402212,0.28793865
402218,0.34928623
402227,0.49644312
402234,0.65358907
402236,0.20479292
402242,0.5765564
402243,0.2824736
402244,0.84048724
402245,0.14463635
402250,0.35101968
402251,0.5032416
402254,0.7201902
402255,0.5631358
402256,0.4386271
402257,0.70851445
402258,0.7489574
402259,0.3009982
402260,0.20296687
402261,0.68718326
402262,0.20474558
402263,0.5663151
402264,0.13945293
402265,0.35607827
402266,0.6774735
402267,0.37723643
402268,0.23075795
402270,0.21279673
402271,0.10995474
402272,0.5206178
402273,0.23709862
402274,0.3505716
402275,0.3996343
402276,0.27042156
402277,0.39839342
402278,0.18912043
402279,0.5577485
402280,0.18502021
402362,0.61288905
402363,0.32414573
402364,0.22346404
402370,0.101618566
402376,0.12768234
402381,0.55777156
402384,0.38566354
402389,0.32323217
402414,0.25598362
402416,0.123583056
402417,0.20729274
402420,0.45237428
402426,0.16193114
402436,0.78612393
402444,0.22169472
402447,0.3275887
402449,0.31430757
402454,0.7254616
402458,0.60322195
402460,0.30383375
402466,0.25900215
402475,0.5237555
402498,0.6708856
402502,0.52698815
402505,0.44291073
402509,0.50607806
402513,0.51371235
402517,0.25655258
402519,0.3269065
402522,0.43768713
402523,0.2621165
402525,0.40233588
402528,0.5705966
402534,0.69693017
402536,0.32327685
402542,0.34913075
402548,0.813512
402552,0.4429332
402559,0.40895548
402563,0.24399987
402568,0.2808294
402573,0.7042927
402574,0.4382124
402575,0.3762126
402577,0.49736997
402602,0.17543401
402603,0.64826447
402604,0.28339797
402614,0.6388611
402615,0.29866368
402616,0.21837324
402617,0.70642155
402618,0.7021536
402619,0.17783302
402639,0.3671693
402640,0.32914078
402641,0.83163416
402642,0.19900592
402643,0.14477746
402644,0.57690495
402645,0.30181438
402649,0.37465227
402650,0.69737417
402653,0.5209825
402654,0.19256225
402655,0.6360067
402656,0.65768963
402657,0.33108246
402658,0.17540918
402659,0.26430127
402662,0.20160414
402696,0.114807636
402705,0.32922813
402707,0.6017429
402708,0.526927
402709,0.327769
402729,0.55032605
402730,0.360352
402732,0.55895495
402739,0.2592298
402740,0.5068354
402741,0.3735183
402744,0.7591172
402745,0.838736
402746,0.15457602
402772,0.6494728
402773,0.41004452
402774,0.27893728
402780,0.33311626
402781,0.23832749
402782,0.7001309
402790,0.35289323
402803,0.6872997
402808,0.63131905
402809,0.18212587
402810,0.67081493
402811,0.39077568
402815,0.4314778
402820,0.35759395
402821,0.50473183
402822,0.37363356
402824,0.3648944
402825,0.24659427
402870,0.34457824
402875,0.11413735
402924,0.7185735
402925,0.22288969
402926,0.121439256
402927,0.22643977
402928,0.3521945
402929,0.4872577
402930,0.5449611
402931,0.08998229
402932,0.32566133
402933,0.590746
402940,0.27998576
402953,0.36970723
402954,0.2458444
402955,0.2424122
402956,0.3906622
402957,0.46728745
402970,0.08529458
402973,0.4581072
402974,0.5337209
402975,0.39082563
402976,0.4733386
402977,0.17698455
402978,0.47322106
402979,0.67626053
402980,0.7831048
402981,0.5538537
402982,0.5093657
402993,0.7241291
402994,0.35998958
403099,0.3101537
403137,0.20847884
403138,0.516706
403165,0.18023193
403192,0.77559507
403214,0.25789946
403223,0.20094344
403238,0.44300812
403244,0.5779294
403246,0.31046632
403252,0.56956846
403254,0.5278142
403255,0.093069755
403259,0.6423901
403262,0.4354226
403277,0.3605012
403280,0.40035924
403281,0.5829631
403287,0.26885605
403315,0.5348032
403318,0.5161222
403319,0.20981511
403327,0.19309253
403331,0.22574364
403342,0.73346126
403349,0.39477623
403353,0.33126143
403364,0.37873358
403369,0.13044934
403373,0.6573722
403376,0.2050254
403378,0.18547712
403384,0.3283887
403385,0.120639436
403386,0.33526945
403388,0.40348408
403396,0.2550786
403398,0.49590534
403404,0.4518662
403410,0.30070564
403414,0.4245299
403417,0.58906007
403422,0.34670186
403424,0.49456677
403438,0.3500819
403451,0.2869518
403452,0.5070793
403453,0.5163076
403454,0.40960744
403455,0.4460545
403464,0.39541018
403465,0.44213486
403466,0.1912575
403500,0.46480468
403501,0.42591974
403524,0.7027312
403525,0.6973826
403526,0.13679743
403527,0.25597003
403542,0.5956049
403543,0.2790417
403549,0.2270072
403550,0.25225544
403551,0.6174682
403552,0.67231214
403553,0.22809292
403554,0.4236075
403558,0.0992567
403559,0.25351977
403560,0.89329594
403561,0.76277
403562,0.6446078
403564,0.50332314
403565,0.50868213
403566,0.14083602
403600,0.48537353
403602,0.44688153
403603,0.43186048
403662,0.24531507
403685,0.365743
403686,0.03855404
403687,0.1662111
403688,0.4930094
403689,0.9253435
403690,0.8173901
403691,0.31984338
403692,0.31604335
403696,0.24575624
403697,0.6774329
403698,0.16893558
403699,0.7015097
403701,0.6539381
403702,0.57669514
403703,0.6488429
403704,0.5947659
403705,0.3148853
403712,0.25974527
403713,0.28088683
403714,0.82277447
403715,0.27455688
403718,0.27332935
403722,0.74074465
403723,0.38088834
403724,0.49716845
403725,0.22776607
403726,0.14447092
403764,0.4501482
403765,0.30899647
403766,0.44432127
403770,0.73724294
403771,0.22268595
403772,0.6707848
403795,0.6613664
403799,0.28745395
403800,0.166929
403801,0.18192214
403802,0.67482424
403803,0.76911896
403811,0.3499921
403814,0.20744632
403815,0.12188339
403816,0.15707478
403817,0.18062204
403818,0.08704709
403820,0.29916057
403821,0.56344324
403822,0.555726
403823,0.10673384
403824,0.5180024
403825,0.12318593
403826,0.18502684
403828,0.48814785
403834,0.33718368
403836,0.66087466
403837,0.518261
403838,0.4601812
403839,0.47025752
403873,0.35255596
403876,0.40820184
403902,0.43537772
403918,0.17370984
403922,0.34535894
403928,0.6764086
403929,0.5723517
403931,0.18501832
403932,0.34572718
403933,0.2587933
403935,0.26087445
403936,0.773539
403937,0.37122768
403938,0.30695185
403943,0.427864
403944,0.38026282
403945,0.419169
403946,0.56824577
403948,0.5547181
403951,0.57017344
403955,0.5184182
403956,0.33098873
403957,0.58265626
403958,0.36259145
403960,0.66504246
403961,0.28674144
403962,0.68378437
403963,0.3352292
403964,0.69303876
403965,0.42946142
403966,0.6411319
403967,0.25991607
403968,0.72747797
403969,0.5574517
403970,0.41586486
403971,0.63923407
403972,0.7813146
403973,0.7471522
403974,0.8173654
403975,0.17719929
403976,0.20230712
403977,0.44935313
403978,0.6147675
403979,0.11263103
403980,0.78802294
403981,0.17315985
403982,0.17699747
404062,0.3915946
404067,0.11004003
404070,0.44897828
404079,0.2521203
404084,0.35230562
404108,0.6430652
404112,0.42307562
404118,0.67948073
404121,0.24693398
404122,0.5265731
404126,0.54052806
404140,0.25534442
404152,0.6075183
404156,0.836442
404158,0.4700707
404160,0.3326006
404172,0.15914887
404174,0.30744982
404180,0.43038595
404186,0.36548468
404190,0.3354716
404192,0.36338097
404206,0.18899378
404207,0.8020201
404213,0.6860004
404216,0.705167
404220,0.4355354
404227,0.37031186
404235,0.2813104
404247,0.7745769
404259,0.1758386
404266,0.5684742
404267,0.49436483
404274,0.80828154
404276,0.5082231
404277,0.069679864
404278,0.2808146
404279,0.22887416
404280,0.28806508
404287,0.40003315
404288,0.6718577
404289,0.14758798
404290,0.6829692
404291,0.106887326
404293,0.7343845
404302,0.26557857
404303,0.27354214
404304,0.5002588
404307,0.3004333
404308,0.32403177
404309,0.71413845
404310,0.6962421
404311,0.8031663
404312,0.5721644
404323,0.2127269
404324,0.31066138
404325,0.32309243
404326,0.24971506
404327,0.7271881
404328,0.28002116
404329,0.13865966
404330,0.41827312
404331,0.2759962
404335,0.5777992
404336,0.6410806
404337,0.67321277
404364,0.76983374
404379,0.43909073
404380,0.92172855
404381,0.83176124
404382,0.51370746
404385,0.21057798
404390,0.22812487
404391,0.2993603
404392,0.6605938
404393,0.37445703
404396,0.4498133
404400,0.19562483
404401,0.08235778
404402,0.40475598
404403,0.8289243
404404,0.39690718
404405,0.6488201
404406,0.13706745
404437,0.65858406
404439,0.59122854
404461,0.6689916
404462,0.46039447
404464,0.12841743
404468,0.5043506
404469,0.4420831
404470,0.42138934
404471,0.1447476
404472,0.51380986
404473,0.23707993
404474,0.30152518
404475,0.49132857
404477,0.2744697
404478,0.2844268
404554,0.22924314
404555,0.22088644
404556,0.2904394
404557,0.24182351
404569,0.65902823
404571,0.33142608
404585,0.56558585
404586,0.28058288
404592,0.6189288
404595,0.13547923
404596,0.62347883
404597,0.53996533
404603,0.68173224
404606,0.3744557
404607,0.5825425
404608,0.29466617
404609,0.3364245
404620,0.529106
404689,0.42579007
404708,0.22578363
404734,0.6904864
404771,0.19774726
404806,0.17339855
404818,0.21351752
404850,0.105420046
404870,0.65680313
404923,0.18973163
404934,0.6659668
404938,0.3129148
404954,0.13382427
404957,0.4550557
404963,0.59012735
404964,0.3102855
404969,0.7602497
404970,0.3781876
404979,0.23137553
404997,0.1915308
404998,0.31466648
405009,0.5749115
405016,0.15459006
405018,0.13609207
405035,0.53891385
405036,0.31793752
405038,0.5944613
405047,0.24793951
405055,0.32914948
405060,0.46386352
405066,0.21759799
405081,0.44322938
405084,0.7838771
405089,0.6385419
405098,0.4606331
405100,0.52385557
405114,0.18129769
405118,0.14880319
405119,0.6692184
405120,0.35326254
405121,0.5090506
405124,0.26072195
405125,0.43398657
405132,0.23930869
405179,0.13672487
405193,0.3272408
405194,0.6695068
405195,0.27154422
405206,0.24782899
405207,0.24811722
405211,0.12737998
405215,0.07041556
405217,0.67315847
405219,0.5897832
405220,0.56391084
405231,0.44300112
405232,0.534849
405291,0.18542854
405316,0.4723223
405317,0.414608
405318,0.19014446
405319,0.26223195
405320,0.22260213
405325,0.108025044
405326,0.16079137
405333,0.31347787
405334,0.67417634
405349,0.81784356
405351,0.4195793
405353,0.264431
405354,0.8748227
405361,0.46965304
405362,0.16722567
405363,0.667808
405364,0.77576315
405365,0.54712766
405366,0.5577289
405372,0.7729308
405397,0.12093189
405402,0.4326
405409,0.4239102
405410,0.83231515
405411,0.3578191
405412,0.2517127
405435,0.2683731
405436,0.44954026
405438,0.20203072
405442,0.26433152
405443,0.76893944
405444,0.41497445
405445,0.2945246
405446,0.25060928
405468,0.22774938
405489,0.6621151
405490,0.559499
405498,0.17203982
405509,0.26912805
405510,0.18705286
405511,0.56441915
405512,0.11946111
405517,0.24691036
405518,0.48142594
405523,0.31497458
405544,0.19460513
405546,0.601374
405552,0.67372036
405583,0.14225173
405592,0.23199533
405599,0.2897626
405602,0.21815793
405607,0.05693784
405613,0.6892766
405620,0.8235676
405624,0.58662593
405625,0.3487412
405626,0.25251758
405632,0.48233554
405633,0.39078614
405637,0.6355533
405640,0.3822512
405642,0.4784118
405646,0.14131933
405647,0.16883372
405650,0.8188273
405653,0.53947055
405654,0.37791345
405660,0.23203418
405666,0.38410708
405667,0.56351084
405668,0.11889641
405669,0.4733986
405671,0.56596726
405672,0.14952263
405673,0.31676644
405674,0.50466853
405675,0.35197207
405676,0.2783681
405677,0.262607
405679,0.21735474
405680,0.6575181
405682,0.43293887
405683,0.3133132
405684,0.4274996
405685,0.67862326
405687,0.111605085
405689,0.1069974
405690,0.24830508
405691,0.56940365
405692,0.45280322
405693,0.50077844
405695,0.41167405
405696,0.3080676
405697,0.21060534
405698,0.52910596
405699,0.28141358
405700,0.8529245
405701,0.72258586
405702,0.7919601
405761,0.38197675
405765,0.2877238
405769,0.40511072
405784,0.62785345
405811,0.09807363
405814,0.24135664
405816,0.6204197
405818,0.29833272
405821,0.2510521
405822,0.09304889
405838,0.289525
405841,0.274037
405846,0.23355676
405855,0.5466503
405857,0.21262221
405858,0.6264066
405860,0.45532405
405861,0.56319135
405871,0.36895847
405879,0.2421113
405880,0.24438526
405886,0.25358716
405901,0.28989616
405904,0.5409621
405905,0.27417266
405906,0.2637798
405927,0.2510195
405930,0.4681381
405944,0.38836458
405946,0.11820747
405954,0.67466456
405963,0.29094195
405964,0.11491451
405965,0.08387013
405966,0.64007807
405970,0.10321549
405971,0.37227732
405992,0.51270974
405996,0.1273243
405999,0.12967889
406002,0.53899044
406003,0.23647512
406004,0.23194294
406005,0.19313873
406006,0.4506647
406007,0.69544727
406008,0.7097588
406028,0.12016498
406029,0.2619746
406043,0.46754473
406044,0.11705828
406045,0.58415693
406046,0.66653264
406048,0.21880488
406050,0.38485923
406051,0.33487025
406052,0.7567316
406053,0.73676133
406077,0.24541555
406082,0.5056744
406083,0.78807807
406084,0.3270572
406098,0.2166095
406099,0.3525285
406100,0.8041657
406113,0.5344031
406114,0.34517115
406115,0.5861825
406116,0.44437474
406117,0.078256726
406127,0.32135403
406128,0.37035248
406129,0.50401056
406132,0.26729
406133,0.18245895
406134,0.3326435
406135,0.8189439
406136,0.3108781
406137,0.63153726
406138,0.5369812
406139,0.49203762
406142,0.57824236
406143,0.70913184
406175,0.38244045
406176,0.5117927
406177,0.29329345
406194,0.29155663
406195,0.2925822
406208,0.2924771
406210,0.46859768
406216,0.46478516
406217,0.680541
406227,0.13067582
406228,0.21278456
406253,0.39380714
406254,0.11595417
406260,0.44865614
406267,0.56874126
406269,0.1441791
406276,0.652128
406277,0.4603812
406279,0.17328764
406288,0.34921458
406297,0.5302432
406308,0.74247146
406310,0.766083
406320,0.28905913
406336,0.20761871
406352,0.14566946
406365,0.3063467
406369,0.6590796
406371,0.41589192
406401,0.64483607
406408,0.4497017
406409,0.14460988
406475,0.7494225
406492,0.3667496
406510,0.5784258
406519,0.45975536
406565,0.7205288
406584,0.50060135
406596,0.29787484
406598,0.20751168
406605,0.4269826
406609,0.30371806
406610,0.5165235
406611,0.2215507
406654,0.5452259
406670,0.62908506
406675,0.5926627
406681,0.4212194
406682,0.12678069
406695,0.23015484
406697,0.41403624
406712,0.5246875
406719,0.29093993
406725,0.58561254
406734,0.34017903
406743,0.7205591
406778,0.3046786
406784,0.6344083
406786,0.5310514
406791,0.39263418
406792,0.2365792
406803,0.70196086
406812,0.21363118
406813,0.32967028
406814,0.3649177
406841,0.4492883
406842,0.42938808
406843,0.17076996
406848,0.48079532
406861,0.42757288
406862,0.74469763
406863,0.04974133
406864,0.23469369
406865,0.67334706
406871,0.65413994
406872,0.5736003
406873,0.49210125
406893,0.46252608
406919,0.42772204
406920,0.41501504
406921,0.7235259
406923,0.35872582
406924,0.5025815
406925,0.13387609
406926,0.4207317
406927,0.63958526
406936,0.09239316
406937,0.7250349
406938,0.1808883
406939,0.30909565
406940,0.29994816
406941,0.2993357
406952,0.25199303
406953,0.51344335
406954,0.4503147
406962,0.31936675
406963,0.8251971
406964,0.35420096
406965,0.57625645
406966,0.49515215
406967,0.17544042
406968,0.67505014
406969,0.55198973
406970,0.29049277
406971,0.4950973
406972,0.5842445
406973,0.33074582
406974,0.45571646
406975,0.31692472
406976,0.18613036
406977,0.20064858
406985,0.18895148
406987,0.2297582
407025,0.6228305
407031,0.44181505
407033,0.69365615
407039,0.46626133
407041,0.31958303
407044,0.4699511
407046,0.30963984
407053,0.2941901
407061,0.20052747
407069,0.22335415
407070,0.53035516
407072,0.31141245
407073,0.40926075
407081,0.52002895
407082,0.2443081
407088,0.20927241
407091,0.7239485
407097,0.15945943
407104,0.79694045
407105,0.8179338
407106,0.18086492
407121,0.20437254
407128,0.22913294
407137,0.2816796
407144,0.60194284
407145,0.69394743
407154,0.51274526
407162,0.11300119
407164,0.7555335
407168,0.7704564
407203,0.47987556
407210,0.6946505
407215,0.41925034
407218,0.45220876
407228,0.17162202
407262,0.5351391
407274,0.6750056
407280,0.7294198
407288,0.32613868
407298,0.13375443
407299,0.76697755
407302,0.48751628
407303,0.43559045
407305,0.66846174
407306,0.7388902
407307,0.3781988
407313,0.12506886
407314,0.1342536
407315,0.17339586
407316,0.43098882
407322,0.73149204
407323,0.3265936
407324,0.2383351
407325,0.42156377
407329,0.5735335
407330,0.5751156
407332,0.5694678
407333,0.63196033
407334,0.22490205
407335,0.59392905
407336,0.5246006
407337,0.7139628
407338,0.32774377
407339,0.19656727
407340,0.28241104
407341,0.63532543
407342,0.13070177
407343,0.2964206
407344,0.3631828
407345,0.27496618
407346,0.68145007
407353,0.47493806
407364,0.30422553
407365,0.3239122
407366,0.09363449
407370,0.24494065
407373,0.6812823
407376,0.44412202
407386,0.14839761
407388,0.14007379
407391,0.2042242
407393,0.2681915
407427,0.33625266
407452,0.5113214
407454,0.37267092
407457,0.25082844
407462,0.21822074
407463,0.3254365
407468,0.6049725
407469,0.5997981
407478,0.30577198
407482,0.41335636
407487,0.52004
407489,0.5830148
407498,0.7869594
407516,0.70905745
407519,0.35901365
407528,0.6537308
407532,0.6853047
407534,0.73271143
407543,0.27514914
407546,0.7550448
407550,0.2409501
407555,0.26623484
407558,0.34636703
407587,0.21230581
407588,0.19033758
407594,0.70586985
407596,0.27255964
407598,0.27604252
407602,0.4740488
407605,0.6808063
407613,0.59213805
407619,0.7105586
407625,0.34792367
407627,0.25654367
407629,0.5370667
407631,0.23653421
407633,0.19019312
407636,0.5969777
407645,0.8355468
407648,0.5150271
407669,0.14094174
407674,0.18012187
407675,0.435962
407676,0.28694832
407677,0.7183584
407678,0.73048437
407679,0.3543423
407680,0.66566026
407681,0.35866618
407682,0.29288784
407684,0.72379464
407692,0.4910465
407693,0.67670995
407694,0.3962361
407695,0.17633364
407696,0.45087233
407697,0.6167591
407698,0.42025238
407699,0.3004917
407702,0.108365454
407703,0.4608196
407725,0.50216097
407726,0.6698775
407729,0.65390444
407731,0.091004714
407745,0.41109568
407749,0.27316517
407750,0.22119589
407751,0.5741036
407752,0.84426874
407753,0.55614144
407754,0.565708
407755,0.6625059
407756,0.1922229
407765,0.1930598
407766,0.46721458
407767,0.32930827
407768,0.19834064
407773,0.31615382
407774,0.56268173
407778,0.4314091
407779,0.5119183
407780,0.78075194
407781,0.45993847
407782,0.1808849
407783,0.3361348
407784,0.42889172
407825,0.3370859
407826,0.08696627
407828,0.542755
407829,0.17183495
407830,0.5877705
407831,0.21423142
407832,0.1554096
407838,0.1788159
407839,0.38011974
407840,0.18160507
407841,0.54097575
407842,0.38741025
407855,0.5708096
407857,0.37154382
407881,0.51699567
407882,0.57581526
407885,0.24836178
407915,0.21452954
407916,0.29145238
407918,0.67838705
407919,0.5510271
407920,0.29563063
407921,0.28242546
407922,0.29982698
407927,0.28244752
407934,0.45168096
407941,0.3460999
407942,0.35846853
407943,0.15114452
407944,0.26761016
407946,0.47900298
407947,0.3026028
407952,0.16529469
407955,0.5662758
407978,0.36207697
407986,0.26450932
408003,0.57139176
408006,0.23285775
408008,0.17323312
408015,0.52605456
408016,0.5091193
408028,0.6626365
408035,0.2681884
408042,0.24516411
408044,0.810751
408052,0.068993255
408053,0.40477124
408056,0.42978218
408068,0.31584132
408071,0.4730468
408074,0.2539595
408085,0.6562262
408089,0.19097386
408091,0.35586283
408098,0.15619886
408106,0.3538283
408108,0.8464249
408116,0.7301738
408126,0.35079622
408130,0.6207955
408135,0.22875069
408148,0.27775258
408168,0.47395417
408170,0.46339428
408172,0.43961895
408176,0.34809732
408181,0.40607792
408191,0.12562948
408194,0.44835553
408213,0.29318425
408248,0.20479096
408249,0.16694357
408250,0.33999035
408256,0.6672221
408261,0.3385622
408262,0.51683056
408268,0.6583142
408269,0.1630888
408273,0.23310356
408280,0.42331508
408286,0.33024588
408347,0.54817134
408349,0.1331634
408350,0.30344144
408351,0.41122627
408352,0.22127531
408355,0.30393028
408356,0.25863755
408357,0.37427202
408384,0.44576192
408385,0.27927044
408386,0.6215646
408387,0.16166244
408388,0.23019344
408389,0.29105887
408390,0.41779843
408391,0.67378616
408392,0.6712104
408393,0.16797839
408398,0.25341645
408399,0.22205335
408400,0.29394096
408405,0.26862898
408406,0.13599333
408437,0.14229527
408459,0.15556253
408460,0.44692585
408463,0.57213163
408467,0.2684769
408468,0.56894684
408471,0.33118522
408477,0.56420714
408478,0.23296408
408479,0.21294624
408481,0.14457378
408482,0.23424585
408483,0.19213174
408484,0.26413965
408485,0.49906048
408486,0.2542081
408489,0.64170563
408490,0.3500509
408504,0.0845429
408506,0.58423245
408508,0.34554797
408514,0.12935479
408515,0.27897826
408516,0.5537576
408517,0.65742224
408518,0.56364226
408523,0.32085267
408524,0.19329338
408525,0.16092691
408526,0.5902024
408531,0.3525849
408579,0.14778091
408580,0.45443174
408581,0.27480584
408599,0.44946447
408615,0.6660797
408616,0.17441307
408617,0.45774534
408619,0.16058713
408622,0.40387282
408624,0.46757334
408625,0.40806657
408626,0.32922912
408627,0.37791467
408651,0.209187
408658,0.31326142
408659,0.72499806
408660,0.4006265
408661,0.19751649
408662,0.53670055
408688,0.24380952
408689,0.7827635
408690,0.28238538
408695,0.38063902
408696,0.35383502
408701,0.35123798
408702,0.3527752
408705,0.2846374
408728,0.62119305
408742,0.23493269
408759,0.42899036
408766,0.6450082
408768,0.5691398
408774,0.28358755
408775,0.6116781
408780,0.21388274
408790,0.42377555
408791,0.24635682
408792,0.27272853
408794,0.2896359
408797,0.37954095
408808,0.36978108
408830,0.3922582
408857,0.14152199
408863,0.5372164
408874,0.670553
408880,0.2607878
408885,0.2763851
408890,0.2399729
408898,0.44077232
408902,0.28907308
408903,0.13596147
408905,0.41402838
408908,0.22765733
408911,0.08243237
408921,0.5995714
408932,0.4126534
408933,0.60375583
408935,0.7758352
408960,0.43876594
408968,0.1373428
408985,0.15138017
408986,0.4884404
408990,0.3205047
408993,0.5168717
409001,0.40852147
409003,0.1875465
409008,0.34198788
409010,0.3371324
409015,0.06861018
409017,0.5833384
409028,0.1416852
409034,0.35922992
409035,0.23780054
409041,0.25745982
409054,0.23915564
409057,0.19210504
409064,0.524579
409065,0.84325975
409066,0.26701862
409068,0.5912702
409076,0.26899722
409080,0.3083002
409083,0.6290279
409084,0.614419
409085,0.63559085
409088,0.24742839
409105,0.6619361
409121,0.19231802
409123,0.7848325
409133,0.40590242
409153,0.31529734
409156,0.26120403
409157,0.7845482
409158,0.2675497
409163,0.4143481
409167,0.65053654
409168,0.71104383
409169,0.19637981
409172,0.66882324
409173,0.19993551
409174,0.17766063
409175,0.18670134
409192,0.87153834
409193,0.7747097
409197,0.31648296
409204,0.21558116
409206,0.23363926
409208,0.45774963
409209,0.5364447
409212,0.5961557
409213,0.22359475
409214,0.67353237
409217,0.33379164
409218,0.35177463
409220,0.2796983
409221,0.3025171
409227,0.14528975
409228,0.29510617
409229,0.4143545
409230,0.66855633
409259,0.29962385
409261,0.296203
409269,0.5932115
409277,0.070662335
409278,0.13667046
409285,0.7209074
409286,0.28086063
409287,0.5641287
409293,0.22836253
409297,0.14040375
409298,0.22168495
409299,0.2918527
409340,0.22154073
409377,0.6009479
409383,0.15238798
409384,0.21366367
409409,0.2590554
409412,0.18009771
409413,0.43697676
409414,0.5768461
409415,0.31070364
409423,0.4758349
409428,0.40123588
409429,0.08224538
409430,0.33395684
409431,0.23429552
409432,0.6854751
409433,0.28033513
409434,0.69229317
409442,0.7145611
409443,0.8054498
409446,0.17241165
409463,0.36694103
409482,0.19414216
409507,0.59933144
409508,0.46863282
409509,0.16536629
409514,0.3732763
409535,0.40231693
409536,0.4741626
409537,0.2700475
409538,0.17925502
409541,0.3853768
409542,0.2696978
409543,0.43910676
409545,0.41725808
409550,0.31103092
409551,0.18769242
409552,0.6579087
409553,0.76413363
409558,0.44822428
409563,0.23964699
409574,0.26684478
409607,0.5414276
409608,0.83450603
409628,0.10408595
409632,0.66808957
409633,0.74148715
409636,0.5282061
409676,0.3659809
409691,0.3412428
409694,0.6345362
409707,0.34222445
409723,0.23629871
409741,0.18963666
409743,0.47262374
409747,0.5018209
409773,0.3867292
409777,0.6120778
409778,0.58402103
409804,0.55543685
409805,0.16429912
409812,0.23690963
409817,0.23221344
409836,0.4273244
409846,0.58787066
409850,0.7168248
409852,0.19994436
409861,0.79902554
409864,0.73430246
409871,0.5544668
409891,0.31039342
409896,0.24543962
409917,0.676009
409918,0.27892333
409923,0.42878285
409941,0.15058355
409949,0.4439286
409953,0.14547206
409958,0.2762074
409972,0.48899662
409979,0.69010544
409983,0.5470751
409984,0.559926
409985,0.14459293
409986,0.60600775
409994,0.6993699
409999,0.3432846
410019,0.6406437
410024,0.18164834
410025,0.29722884
410039,0.3128538
410044,0.565607
410045,0.40229782
410046,0.5733325
410047,0.24869023
410048,0.29034907
410065,0.4303795
410066,0.5090632
410073,0.16338919
410087,0.23005442
410089,0.6277298
410092,0.44916388
410093,0.6851933
410094,0.4072555
410095,0.47453824
410096,0.3465197
410101,0.49235797
410102,0.41629845
410103,0.24591503
410107,0.15002362
410110,0.41229823
410111,0.30202848
410112,0.7000393
410142,0.11916553
410143,0.28357574
410161,0.6579359
410162,0.35854867
410165,0.27762282
410166,0.6085383
410167,0.5867698
410184,0.70698035
410185,0.2767437
410186,0.16318282
410187,0.38131326
410223,0.27306926
410256,0.7734483
410257,0.66060394
410258,0.2187452
410259,0.059806686
410269,0.6485587
410270,0.25218263
410273,0.491988
410274,0.29475993
410275,0.21847421
410276,0.70086336
410277,0.37003335
410295,0.15172265
410296,0.25739643
410297,0.5857123
410298,0.46952116
410300,0.26173726
410301,0.19030757
410302,0.4988531
410303,0.3460448
410304,0.25681263
410305,0.2577098
410306,0.6393793
410307,0.44111505
410308,0.54957247
410309,0.5287478
410316,0.21899433
410317,0.46315283
410358,0.58317673
410359,0.20249115
410360,0.36480448
410368,0.57623804
410369,0.5554563
410370,0.23779777
410372,0.22034323
410373,0.11166644
410378,0.7794316
410379,0.35583946
410380,0.6046652
410387,0.7976444
410388,0.7605171
410389,0.23951843
410390,0.24503568
410405,0.16331007
410411,0.25224826
410416,0.24509257
410418,0.53214127
410424,0.6630691
410429,0.553074
410438,0.3484269
410442,0.25167927
410448,0.13244374
410456,0.30587715
410464,0.43340555
410467,0.6041025
410473,0.48739183
410476,0.20105846
410479,0.50628716
410499,0.43412277
410526,0.36336437
410528,0.22853082
410546,0.628851
410564,0.3076744
410567,0.3395958
410571,0.5990889
410572,0.8285976
410573,0.35905987
410577,0.29232687
410581,0.39558733
410587,0.4240428
410588,0.35997295
410595,0.25022346
410602,0.10689516
410606,0.28543216
410616,0.26334444
410624,0.7578339
410626,0.44077808
410637,0.31801203
410660,0.37856218
410661,0.26942816
410663,0.22018898
410664,0.5241837
410669,0.39296308
410675,0.18749607
410679,0.7713927
410684,0.13518362
410689,0.25753453
410693,0.107917674
410697,0.22890869
410698,0.20077321
410699,0.12064907
410706,0.33064917
410710,0.49119243
410712,0.19313571
410716,0.44121572
410725,0.37389216
410735,0.54308856
410742,0.2183422
410745,0.17895287
410746,0.17004795
410751,0.27858496
410753,0.1792478
410759,0.3831524
410761,0.78608334
410770,0.24534585
410778,0.5074119
410784,0.20260386
410786,0.2702471
410789,0.22961406
410800,0.42162114
410811,0.240036
410813,0.23092054
410821,0.718266
410822,0.29490978
410879,0.41905504
410880,0.30081812
410900,0.37435272
410901,0.6653057
410908,0.325619
410909,0.10802427
410910,0.39801213
410911,0.7771182
410912,0.496088
410913,0.40128568
410914,0.66015965
410915,0.2049683
410916,0.1228259
410917,0.24719827
410918,0.1966548
410919,0.24737917
410922,0.70940393
410923,0.3187088
410940,0.33017308
410955,0.5030588
410956,0.8375067
410959,0.7907668
410960,0.5061854
410961,0.6699055
410962,0.4098153
410963,0.6614096
410964,0.22075643
410968,0.31275874
410970,0.17508624
410971,0.54418176
410972,0.5357738
410975,0.38735607
410994,0.5446388
410999,0.6776172
411011,0.5882342
411012,0.43013147
411014,0.71409315
411021,0.21851029
411022,0.7870982
411023,0.54619354
411024,0.6508586
411025,0.24060714
411026,0.6036411
411027,0.5031155
411028,0.13080724
411030,0.7185064
411031,0.37236795
411032,0.4663145
411033,0.35472417
411049,0.38215214
411050,0.12615031
411051,0.49574235
411052,0.35552523
411073,0.4308784
411074,0.24284142
411076,0.3557379
411080,0.34197548
411081,0.28125528
411082,0.10665338
411093,0.26543683
411094,0.59564805
411095,0.41030806
411099,0.170382
411102,0.32040882
411103,0.6524245
411112,0.19063589
411114,0.46195045
411115,0.26278076
411116,0.5490499
411168,0.4328967
411169,0.7482016
411170,0.5810675
411189,0.23245862
411190,0.46610588
411195,0.6375981
411196,0.7141639
411197,0.32972297
411205,0.13015603
411206,0.5293769
411215,0.53637403
411216,0.28601506
411217,0.30036667
411218,0.3666085
411222,0.13441113
411238,0.16760257
411239,0.2634415
411240,0.52284837
411248,0.21128096
411274,0.38629687
411275,0.43449396
411293,0.2589416
411299,0.5233598
411300,0.06182205
411301,0.36933675
411302,0.36028922
411305,0.6582934
411309,0.35069415
411334,0.33872372
411343,0.36936495
411349,0.19719449
411360,0.35046434
411363,0.2049541
411364,0.15448654
411384,0.48428375
411402,0.52069527
411424,0.34932476
411425,0.6019769
411430,0.68806094
411432,0.40179843
411434,0.7330261
411447,0.32845715
411450,0.12651698
411452,0.5287035
411463,0.5001252
411467,0.3982705
411474,0.25564235
411478,0.16070122
411480,0.25678685
411481,0.5842535
411502,0.5868174
411509,0.38872573
411511,0.74161744
411515,0.36283818
411516,0.5839116
411532,0.19057743
411565,0.15719955
411570,0.2768323
411600,0.5123421
411608,0.460068
411613,0.17600663
411614,0.14782543
411620,0.41750613
411634,0.17752618
411639,0.25772887
411645,0.6266574
411648,0.14289571
411660,0.19310144
411668,0.11327548
411672,0.59601957
411673,0.087095864
411674,0.7264589
411675,0.28806046
411676,0.1317394
411677,0.6352807
411715,0.19035733
411718,0.25316364
411719,0.49492478
411720,0.5706831
411730,0.26873028
411731,0.38671714
411740,0.5015328
411746,0.35126334
411748,0.24450864
411749,0.23192966
411752,0.27262536
411753,0.14839292
411754,0.15266657
411755,0.18329872
411767,0.17180152
411768,0.4580719
411819,0.63914764
411826,0.56789273
411827,0.38179684
411841,0.16559818
411842,0.820235
411843,0.44414634
411844,0.47406924
411845,0.41677165
411846,0.59436667
411850,0.70581764
411852,0.62006295
411853,0.5469837
411854,0.26522353
411855,0.24985388
411856,0.4488701
411860,0.4403518
411883,0.14947705
411938,0.36474302
411939,0.5678081
411940,0.30818683
411957,0.8385813
411958,0.47232556
411959,0.42153627
411963,0.1396464
411969,0.2631943
411970,0.23684394
411971,0.19523974
411972,0.43325192
411973,0.20838366
411974,0.19243337
411975,0.29846525
411977,0.3163553
411978,0.8064736
411979,0.693114
412004,0.2747494
412008,0.19999462
412009,0.59088147
412010,0.17943808
412030,0.43808457
412031,0.30950156
412032,0.18547106
412036,0.21358636
412038,0.19976835
412047,0.30851212
412049,0.8088367
412082,0.23161602
412092,0.5396066
412098,0.6820429
412101,0.55424654
412108,0.7740559
412111,0.17229196
412119,0.34455258
412128,0.1269221
412139,0.36647722
412152,0.5700978
412154,0.19642705
412178,0.6985684
412180,0.5557741
412193,0.28201833
412199,0.34987673
412204,0.48538926
412206,0.3316777
412207,0.23747618
412211,0.64495593
412220,0.15821281
412221,0.26526493
412229,0.567432
412234,0.30507576
412235,0.1530377
412236,0.654191
412251,0.44357696
412262,0.5883842
412270,0.7515047
412280,0.3480798
412289,0.66210735
412305,0.20407312
412310,0.3655164
412345,0.40625206
412348,0.400252
412361,0.46663895
412367,0.63048536
412368,0.33281493
412370,0.75824475
412372,0.6162982
412377,0.58446294
412380,0.32009578
412382,0.13299201
412391,0.27584264
412393,0.23416069
412411,0.725741
412412,0.3249902
412415,0.5803732
412416,0.734582
412422,0.7553986
412428,0.5642318
412430,0.31018874
412436,0.6270204
412447,0.25706196
412451,0.117851295
412456,0.27987677
412470,0.43860838
412472,0.26348686
412478,0.10710133
412487,0.44661576
412490,0.6844536
412494,0.5179323
412516,0.39675415
412519,0.35017297
412525,0.66650045
412527,0.5396097
412528,0.2662867
412551,0.6170546
412552,0.26128381
412557,0.3138548
412558,0.19717418
412559,0.57212996
412561,0.21312012
412563,0.12894678
412564,0.19840972
412565,0.5038547
412593,0.42685437
412598,0.85139805
412602,0.44951278
412610,0.48766938
412611,0.6108526
412612,0.1956821
412613,0.49531242
412621,0.37845612
412622,0.11006278
412623,0.45540044
412624,0.7860747
412637,0.42056066
412638,0.554852
412639,0.73975605
412640,0.13212201
412641,0.21172932
412642,0.38042396
412643,0.4222342
412644,0.40283883
412651,0.5371859
412667,0.24114858
412669,0.7287867
412686,0.7205252
412712,0.07727005
412713,0.6885287
412714,0.2510438
412715,0.0988094
412720,0.5047459
412728,0.31808865
412738,0.23557973
412739,0.2869535
412740,0.56563693
412741,0.493886
412753,0.2257336
412754,0.25739583
412762,0.25676054
412764,0.39666218
412765,0.38371313
412775,0.23980933
412776,0.3748582
412777,0.115591854
412778,0.79719925
412800,0.09169485
412801,0.27506328
412802,0.6347601
412829,0.3762423
412854,0.5981421
412855,0.24952057
412861,0.36697072
412862,0.2456775
412863,0.27468953
412883,0.29664475
412884,0.1955402
412886,0.8009183
412898,0.66358024
412899,0.17455754
412900,0.20707127
412922,0.63884205
412941,0.45046955
412959,0.32128266
412967,0.5271892
412980,0.5281132
412997,0.26414523
413016,0.34279487
413017,0.76808256
413027,0.3240324
413034,0.67864543
413038,0.6470362
413054,0.38978875
413059,0.22214267
413065,0.37953785
413073,0.5222044
413075,0.80830806
413081,0.46717742
413089,0.785271
413091,0.6640185
413094,0.33707833
413104,0.4085733
413107,0.6334064
413110,0.52661264
413113,0.7409883
413117,0.35996795
413124,0.15888417
413126,0.5115771
413137,0.38652715
413145,0.37377793
413146,0.17441905
413147,0.4086287
413150,0.20085742
413159,0.661675
413160,0.4924313
413172,0.64691126
413179,0.30526552
413181,0.19968826
413185,0.4700125
413188,0.667984
413197,0.24435803
413208,0.7112904
413215,0.43249777
413216,0.4691228
413219,0.12545127
413232,0.23521128
413237,0.4201029
413243,0.8615571
413249,0.30885416
413262,0.4944493
413263,0.5551305
413271,0.49480224
413274,0.3843065
413280,0.35467982
413296,0.7103461
413299,0.7672642
413303,0.32331374
413320,0.41841683
413324,0.17559826
413325,0.46251217
413335,0.44423634
413341,0.731149
413342,0.24385148
413351,0.64261323
413352,0.31531224
413359,0.19838096
413373,0.53552234
413374,0.5523952
413375,0.23854244
413376,0.39927402
413377,0.60399485
413383,0.37020153
413384,0.5569804
413392,0.36684918
413393,0.6228216
413395,0.49324867
413424,0.5004342
413425,0.2891358
413457,0.09513077
413458,0.41645548
413459,0.39589182
413460,0.1299643
413465,0.36776975
413466,0.549867
413467,0.20979618
413468,0.28449354
413475,0.6013534
413476,0.51476693
413477,0.8300048
413478,0.22245155
413479,0.20523472
413489,0.5891979
413491,0.5861513
413492,0.5941353
413493,0.47994152
413494,0.51508594
413495,0.66520953
413498,0.39950228
413499,0.40953153
413545,0.5073833
413549,0.32260606
413550,0.3933437
413551,0.43112293
413552,0.7131449
413553,0.44908482
413554,0.31247717
413558,0.60476047
413559,0.68061745
413562,0.32189515
413563,0.39661354
413564,0.19710188
413592,0.34675783
413593,0.13313806
413594,0.3750674
413595,0.158538
413596,0.62363464
413597,0.38366494
413604,0.19465074
413605,0.53384626
413606,0.12512018
413607,0.24833679
413616,0.77991736
413617,0.43056825
413618,0.5666034
413625,0.45993838
413626,0.6667631
413627,0.417212
413628,0.3120775
413629,0.30601695
413630,0.45206702
413631,0.36759347
413632,0.47669673
413633,0.660842
413634,0.624836
413635,0.72092724
413636,0.55094445
413644,0.20426375
413645,0.14871603
413646,0.19404918
413683,0.29150745
413685,0.33124983
413686,0.62714326
413690,0.20640151
413691,0.07292379
413692,0.3156108
413693,0.5801983
413694,0.69143695
413695,0.13579689
413696,0.46364087
413702,0.23161112
413707,0.26778877
413708,0.73119664
413709,0.5057505
413730,0.2710345
413731,0.5763557
413732,0.1452405
413733,0.19479418
413734,0.54644036
413736,0.32454136
413748,0.1763329
413749,0.47118032
413751,0.7221531
413752,0.77090037
413754,0.27944756
413755,0.75137675
413756,0.42424017
413757,0.4060938
413758,0.41711542
413759,0.55976474
413760,0.47556582
413764,0.19216289
413765,0.2789395
413766,0.46827358
413767,0.5465258
413768,0.6611687
413769,0.4164661
413770,0.22680685
413776,0.20503005
413777,0.1982364
413778,0.35907698
413797,0.3937115
413824,0.31161925
413828,0.6725331
413831,0.5647465
413834,0.264885
413841,0.21047121
413848,0.19896634
413850,0.4510368
413851,0.65239173
413857,0.10624644
413860,0.10707274
413867,0.26663545
413868,0.5699536
413871,0.3812666
413878,0.30760577
413882,0.22907512
413885,0.16960587
413886,0.48264846
413892,0.50581443
413896,0.8426623
413897,0.50648516
413917,0.73504066
413921,0.27067164
413934,0.8198611
413941,0.17499939
413953,0.09297139
413958,0.5415441
413967,0.47525716
413971,0.18928538
413975,0.34695655
413978,0.3466969
413983,0.65109867
413984,0.14725828
413989,0.46599498
413992,0.18024376
414001,0.58958465
414002,0.09882043
414003,0.43118608
414007,0.7021422
414008,0.49044266
414016,0.73199147
414022,0.24142624
414026,0.64284
414041,0.52027667
414042,0.8053135
414045,0.4425924
414047,0.694903
414050,0.8268594
414061,0.21478035
414068,0.4976547
414076,0.4578063
414093,0.45135093
414102,0.21420775
414109,0.3592903
414117,0.4139382
414144,0.13327338
414149,0.12604216
414160,0.30843222
414166,0.8442879
414171,0.58987683
414172,0.39622793
414183,0.35361233
414186,0.2586858
414192,0.34779984
414194,0.6503172
414203,0.80603796
414206,0.3103642
414207,0.15075901
414229,0.35408005
414231,0.54554015
414248,0.1570014
414251,0.36955667
414252,0.31359524
414253,0.8348184
414254,0.5643198
414255,0.69701684
414262,0.30620846
414265,0.6402272
414266,0.43852988
414267,0.23800716
414269,0.31666663
414270,0.29983363
414271,0.34917977
414272,0.4149823
414273,0.31758747
414275,0.18091308
414323,0.8784939
414324,0.2735532
414328,0.30440566
414329,0.37905505
414333,0.32846236
414341,0.13449723
414357,0.4340882
414358,0.22034022
414359,0.46772102
414362,0.6556789
414363,0.3651856
414368,0.19695973
414372,0.37477145
414375,0.19351289
414376,0.15434538
414382,0.5558977
414383,0.45090386
414480,0.27199566
414481,0.48252654
414484,0.6974716
414485,0.22455506
414486,0.19962977
414487,0.2720829
414488,0.5341403
414489,0.4016595
414492,0.11085675
414493,0.6416947
414497,0.1538821
414501,0.28472516
414543,0.7805966
414544,0.5295602
414559,0.21514733
414560,0.46513164
414561,0.16256882
414573,0.5016681
414574,0.32627806
414575,0.65310323
414577,0.25933775
414584,0.8118835
414585,0.19994551
414586,0.6049136
414590,0.07142167
414591,0.44615263
414593,0.74983424
414597,0.30761853
414598,0.7728635
414621,0.5554793
414635,0.3307024
414639,0.34949654
414640,0.18854699
414648,0.29986027
414656,0.19243756
414659,0.60980827
414660,0.21071656
414663,0.34456027
414683,0.35411704
414691,0.58935153
414700,0.64213955
414705,0.13382182
414708,0.30148607
414711,0.28761795
414712,0.37769693
414716,0.36501047
414720,0.18453075
414733,0.10295816
414740,0.34797183
414748,0.41511723
414767,0.7694423
414771,0.721821
414779,0.41313627
414785,0.68417233
414787,0.3411877
414793,0.19729216
414816,0.42688623
414830,0.59682566
414831,0.69878346
414859,0.45704278
414864,0.29721937
414867,0.31304115
414871,0.14011496
414879,0.47867277
414892,0.7488721
414895,0.30356267
414911,0.5943557
414915,0.49378064
414922,0.38567135
414939,0.14516369
414945,0.26441553
414960,0.31159395
414969,0.2211638
414973,0.1273264
414979,0.22893682
414985,0.1961463
414992,0.12610838
414996,0.4967592
415000,0.22423668
415001,0.51276904
415005,0.23493159
415024,0.51737684
415038,0.3152321
415041,0.6892915
415049,0.46592155
415055,0.35252473
415061,0.51987827
415064,0.52069175
415069,0.2590982
415070,0.4256494
415071,0.07747029
415072,0.3466253
415074,0.26386058
415078,0.58700085
415079,0.37710896
415080,0.53348225
415081,0.62776875
415082,0.5653997
415085,0.33416855
415086,0.21446578
415089,0.46311322
415090,0.5419516
415091,0.23981346
415092,0.4225791
415095,0.25608644
415100,0.655258
415101,0.15121122
415102,0.7161249
415103,0.2648519
415104,0.31742704
415106,0.42395246
415107,0.26015884
415108,0.7033553
415109,0.76165664
415110,0.50423014
415111,0.06726719
415113,0.16778281
415114,0.19702068
415115,0.55033416
415116,0.32549286
415117,0.26843402
415118,0.5406219
415119,0.5550221
415120,0.13992828
415121,0.59688145
415122,0.73093337
415123,0.20857538
415124,0.8848205
415126,0.6828597
415152,0.111477636
415205,0.56992036
415209,0.41895613
415326,0.4423049
415409,0.4861068
415414,0.23472847
415430,0.41777718
415466,0.4725686
415467,0.5974944
415473,0.40562803
415474,0.1842945
415479,0.26977712
415480,0.27870512
415486,0.24388753
415488,0.3585509
415489,0.4818816
415490,0.31543106
415493,0.42939022
415494,0.48262393
415497,0.29853684
415498,0.53545976
415499,0.21111208
415505,0.29977944
415506,0.5189489
415509,0.31656107
415511,0.43585178
415514,0.35019514
415517,0.33922866
415519,0.57901716
415521,0.8030794
415522,0.08051391
415523,0.39714804
415525,0.54057527
415527,0.31817272
415529,0.2361127
415531,0.3803722
415533,0.44626218
415534,0.1794985
415536,0.31713474
415537,0.66417
415539,0.44876793
415540,0.24264717
415541,0.73983556
415542,0.3987753
415543,0.40033323
415544,0.34401965
415545,0.44135088
415546,0.6505638
415547,0.29829
415548,0.22801818
415549,0.36762565
415550,0.4415497
415652,0.2528735
415654,0.25805295
415686,0.6323388
415687,0.59219134
415695,0.39343154
415698,0.58637804
415701,0.6884098
415705,0.6247885
415707,0.35638908
415709,0.42728406
415712,0.32454804
415718,0.37615535
415724,0.22939555
415729,0.5259437
415730,0.80784214
415731,0.31386438
415733,0.11854052
415736,0.24614243
415737,0.11185633
415738,0.6971097
415741,0.14574374
415742,0.7797493
415743,0.4654258
415744,0.4217895
415745,0.099526316
415746,0.31506976
415747,0.7288877
415749,0.30173296
415750,0.31211257
415751,0.7205668
415752,0.19404836
415753,0.6887879
415754,0.4195477
415755,0.5011159
415756,0.5470627
415757,0.537719
415850,0.66863114
415874,0.37028006
415930,0.37406093
415962,0.70892775
415994,0.7879668
415995,0.36459598
416088,0.6545446
416129,0.80801857
416228,0.21994318
416229,0.32030684
416239,0.6488094
416243,0.53123206
416245,0.55496085
416253,0.5131912
416263,0.36310735
416264,0.60747194
416265,0.21114388
416269,0.7907743
416272,0.18042228
416273,0.37298983
416274,0.4772101
416275,0.39369398
416276,0.39090607
416277,0.40093124
416278,0.4413352
416280,0.4872339
416283,0.275269
416287,0.55280143
416288,0.5209042
416291,0.29383007
416292,0.33939645
416294,0.5674587
416295,0.79003775
416296,0.20855911
416300,0.34847894
416301,0.4830933
416302,0.47937024
416303,0.45888445
416305,0.6719593
416306,0.5512181
416307,0.58621377
416309,0.28060886
416310,0.7668235
416311,0.3439764
416312,0.20930746
416313,0.8295174
416314,0.18060462
416315,0.570929
416316,0.48353618
416426,0.2176918
416435,0.21823113
416444,0.2611801
416477,0.693844
416484,0.25468704
416488,0.6412078
416502,0.4437057
416542,0.48456684
416582,0.21789362
416647,0.35344428
416658,0.37813613
416659,0.16202596
416675,0.14579126
416676,0.75446296
416696,0.8203455
416721,0.27718014
416729,0.20873618
416743,0.5869876
416744,0.38089845
416761,0.4407613
416793,0.65557534
416826,0.17871353
416848,0.51594377
416850,0.47196448
416860,0.68342286
416861,0.7854239
416862,0.3754649
416865,0.5550903
416870,0.52188647
416871,0.6571191
416872,0.44594353
416874,0.70400953
416877,0.29970685
416879,0.1916273
416881,0.28685305
416882,0.3891895
416883,0.3253596
416884,0.29678032
416885,0.42053524
416886,0.6161686
416887,0.4203899
416888,0.3172089
416890,0.43010005
416893,0.35485965
416894,0.3249206
416895,0.39848977
416896,0.31195462
416897,0.34816667
416899,0.63438994
416900,0.1834678
416901,0.24805896
416902,0.09104889
416903,0.2689004
417043,0.27716136
417159,0.19474836
417182,0.40409574
417183,0.31155005
417187,0.22701511
417209,0.26578346
417226,0.6849683
417228,0.79706585
417232,0.10641661
417234,0.28292972
417241,0.36804795
417245,0.32392532
417246,0.34283856
417247,0.39215103
417250,0.787757
417251,0.4078522
417253,0.1348407
417254,0.3636116
417255,0.42223394
417256,0.56934774
417257,0.35664383
417258,0.41277385
417259,0.1419484
417260,0.7507811
417261,0.24985723
417263,0.6149908
417264,0.2005458
417265,0.5027617
417266,0.4745825
417267,0.27270928
417268,0.2709981
417338,0.30978385
417342,0.5465446
417349,0.26793188
417382,0.46930274
417388,0.5071944
417389,0.5505817
417393,0.6804405
417395,0.6694421
417397,0.23351042
417398,0.071634494
417401,0.3692731
417403,0.5830561
417406,0.5204406
417407,0.6978571
417408,0.7575028
417409,0.217761
417411,0.25576696
417412,0.54152346
417414,0.5506749
417416,0.46991676
417417,0.42637935
417420,0.4920219
417421,0.64758146
417422,0.82577825
417423,0.28461844
417426,0.22447826
417427,0.52688694
417428,0.3191331
417429,0.3428857
417430,0.62897235
417431,0.22860546
417432,0.14833045
417433,0.45442098
417435,0.49462253
417436,0.20750067
417438,0.25909877
417439,0.33612138
417440,0.41396597
417441,0.43698213
417442,0.62594646
417443,0.6474587
417444,0.4756152
417445,0.6970047
417446,0.44976214
417447,0.5464044
417448,0.44216484
417449,0.57228863
417450,0.3617004
417451,0.69228727
417452,0.36154133
417453,0.3983181
417454,0.32476178
417455,0.7091696
417456,0.21060589
417457,0.21192503
417513,0.20699322
417544,0.8848752
417555,0.55500066
417567,0.33969727
417612,0.2110856
417625,0.48395517
417626,0.15672266
417627,0.6173448
417648,0.51057774
417735,0.44553113
417736,0.679593
417749,0.35285136
417778,0.16720493
417863,0.29327017
417893,0.18370402
417895,0.32974565
417903,0.26730716
417910,0.30756146
417915,0.7554325
417925,0.29044947
417927,0.15797208
417940,0.747403
417949,0.44860238
417950,0.2447023
417952,0.27246216
417956,0.5560651
417969,0.40660036
417970,0.18796322
417974,0.42939994
417975,0.2391706
417976,0.27370694
417980,0.2655804
417982,0.5353767
417983,0.1449558
417987,0.32319248
417988,0.5373015
417989,0.13149379
417990,0.8768608
417993,0.6479695
417994,0.3220508
417995,0.10157914
417996,0.44466695
417997,0.21469231
417998,0.73144823
417999,0.38615403
418000,0.68609715
418001,0.5651493
418002,0.2529736
418003,0.6220069
418004,0.3677101
418005,0.45107338
418006,0.2600395
418009,0.67364836
418011,0.6275975
418012,0.29226017
418013,0.3154099
418014,0.7353669
418015,0.62011325
418029,0.58556575
418030,0.38441056
418132,0.31484568
418217,0.40287212
418222,0.14167583
418237,0.33943275
418272,0.5578821
418343,0.57132876
418344,0.5854865
418345,0.69088906
418386,0.5220009
418387,0.32225224
418402,0.19390365
418436,0.20821823
418456,0.48840803
418458,0.5183584
418460,0.5267986
418487,0.20671253
418514,0.20871107
418519,0.19896746
418532,0.22053683
418539,0.2702166
418549,0.41872522
418555,0.32504848
418556,0.7453248
418558,0.51213366
418559,0.25250545
418562,0.13154379
418568,0.8119037
418576,0.33094293
418578,0.5847103
418580,0.5490235
418581,0.56435466
418582,0.07108375
418584,0.3618819
418585,0.30546823
418587,0.36919695
418591,0.31495467
418592,0.28755948
418593,0.3046675
418595,0.25603518
418596,0.6893379
418597,0.32410115
418598,0.42269096
418599,0.2223232
418600,0.34172732
418601,0.4460192
418602,0.7077808
418603,0.69601303
418604,0.30045468
418606,0.732067
418607,0.16971019
418608,0.3508966
418609,0.41083217
418610,0.46522903
418611,0.5388242
418612,0.42805976
418613,0.33584848
418614,0.58352625
418615,0.15547916
418616,0.34176317
418618,0.7283562
418651,0.3068714
418652,0.1754556
418653,0.5620455
418658,0.5529746
418692,0.6689732
418749,0.77653486
418820,0.5515201
418843,0.34767154
418863,0.29635108
418915,0.24985567
418938,0.53858876
418957,0.55405414
419024,0.5644261
419061,0.21118888
419063,0.34506798
419076,0.4391982
419093,0.10459597
419131,0.5126137
419132,0.14672144
419138,0.42102635
419139,0.5387543
419141,0.42148158
419142,0.22900502
419143,0.17753232
419145,0.13473769
419149,0.23029023
419151,0.2585935
419152,0.19059819
419153,0.41804692
419154,0.47412905
419155,0.51124686
419156,0.31864735
419157,0.18943165
419158,0.9166924
419159,0.771977
419162,0.23729065
419163,0.39848855
419165,0.73441815
419168,0.56500804
419169,0.19578707
419170,0.5076841
419171,0.6817207
419172,0.6596479
419173,0.33756125
419174,0.5113382
419175,0.16812843
419176,0.66853577
419177,0.5871674
419178,0.50954014
419270,0.68674093
419305,0.5824768
419330,0.38113877
419485,0.31977153
419491,0.3854484
419499,0.4211048
419513,0.6728507
419514,0.27001196
419535,0.31803572
419538,0.37248775
419582,0.7611833
419601,0.13269816
419611,0.52509683
419644,0.73384166
419648,0.50705564
419649,0.37548363
419656,0.29381743
419671,0.24778265
419677,0.53933996
419685,0.62172544
419688,0.6168357
419689,0.5414337
419690,0.35439616
419691,0.5557594
419698,0.7949883
419699,0.22535543
419701,0.79002196
419703,0.66195136
419704,0.44425294
419705,0.74996465
419746,0.77042305
419750,0.090739064
419767,0.1852544
419775,0.37683108
419783,0.5225405
419787,0.56908894
419788,0.6172656
419790,0.38969126
419791,0.20190823
419792,0.2625837
419794,0.5199287
419795,0.74207115
419797,0.32807347
419798,0.34643966
419799,0.34314674
419804,0.65155107
419805,0.57061726
419806,0.37050283
419808,0.23685981
419810,0.4560514
419811,0.182339
419812,0.8510192
419815,0.7357018
419816,0.2860667
419817,0.25812846
419818,0.4665747
419820,0.15905695
419821,0.47785774
419824,0.6764085
419825,0.45975456
419826,0.5240214
419827,0.0790124
419828,0.17184795
419829,0.33452436
419830,0.8241013
419831,0.4578057
419832,0.544182
419833,0.5463027
419834,0.29103735
419835,0.14029685
419836,0.38000318
419837,0.62274575
419838,0.2846812
419839,0.49132317
419840,0.29442057
419841,0.6524869
419842,0.696731
419843,0.74509686
419913,0.71979046
419916,0.5768129
419955,0.11113808
419956,0.3470841
419992,0.16061121
420150,0.38277206
420160,0.53881985
420190,0.26205495
420195,0.33693206
420204,0.49815646
420207,0.5743636
420210,0.30420327
420214,0.5162049
420218,0.1781838
420219,0.43874583
420220,0.45540395
420242,0.43285996
420249,0.16218625
420254,0.19643266
420255,0.19215016
420258,0.60541224
420260,0.0875192
420263,0.6865404
420265,0.15867701
420271,0.29859933
420273,0.36641133
420274,0.4069744
420275,0.3341739
420277,0.20937496
420278,0.5404537
420279,0.32211977
420280,0.34770057
420281,0.3286738
420283,0.68281275
420284,0.22172436
420285,0.22906516
420286,0.36123532
420287,0.53857285
420288,0.08490179
420290,0.23608138
420291,0.3995477
420293,0.41218784
420294,0.15315215
420295,0.3949258
420296,0.2540513
420297,0.61513686
420298,0.31150758
420299,0.59790987
420300,0.30909213
420344,0.16795833
420345,0.7125658
420347,0.25629857
420348,0.69726217
420349,0.5575142
420350,0.24521497
420351,0.14971705
420352,0.16247244
420353,0.20013778
420354,0.6537251
420355,0.37395343
420356,0.50831014
420357,0.1297334
420358,0.624164
420359,0.23495959
420360,0.19604331
420361,0.12975825
420362,0.20416462
420363,0.6780237
420364,0.635331
420365,0.35934985
420366,0.44985503
420383,0.20552625
420436,0.72732776
420446,0.2946559
420554,0.49552676
420565,0.38288885
420569,0.43495777
420573,0.31236488
420574,0.5001496
420587,0.5428162
420589,0.63445675
420593,0.36380908
420594,0.33050975
420595,0.57146126
420598,0.33009514
420601,0.5675739
420602,0.6951014
420603,0.20191218
420607,0.19718063
420611,0.21399182
420613,0.3776704
420614,0.3982809
420615,0.48872095
420616,0.28795865
420617,0.62141067
420618,0.19788341
420619,0.3764149
420620,0.24598457
420621,0.5943694
420622,0.5010541
420623,0.64218163
420624,0.18223497
420625,0.37008467
420626,0.7230853
420627,0.6359864
420628,0.24380885
420629,0.14376312
420631,0.3055492
420633,0.32219148
420634,0.15294103
420635,0.44947445
420636,0.2734558
420637,0.4669329
420662,0.2709678
420727,0.21470463
420728,0.53620166
420733,0.8515827
420787,0.27358735
420789,0.28510284
420792,0.4467157
420797,0.5291222
420814,0.3092775
420833,0.77430654
420839,0.303321
420841,0.47348732
420843,0.28770196
420844,0.6596172
420847,0.68132174
420849,0.14520691
420851,0.609903
420853,0.31178558
420854,0.5815798
420855,0.40755713
420856,0.20711446
420857,0.58461475
420858,0.08103204
420859,0.30871877
420860,0.8492401
420861,0.6999077
420862,0.42018184
420863,0.54794747
420864,0.49745798
420866,0.680877
420867,0.17726968
420868,0.2367435
420869,0.5307996
420870,0.13860276
420871,0.4272335
420872,0.4426662
420873,0.17823099
420874,0.60999507
420875,0.7066093
420876,0.32361317
420878,0.138475
420879,0.38575187
420880,0.17700955
420881,0.40290454
420882,0.20863603
420883,0.63433886
420884,0.71270925
420885,0.38393527
420886,0.35107893
420887,0.4113263
420888,0.31986615
420905,0.35376993
421015,0.24821521
421200,0.7768439
421269,0.54961056
421272,0.34715474
421290,0.7427546
421323,0.8027634
421342,0.15541665
421349,0.53174865
421355,0.25788537
421356,0.37481746
421363,0.72901505
421365,0.68365407
421381,0.59730333
421383,0.24002412
421386,0.7798558
421394,0.11188195
421395,0.57692003
421399,0.538822
421431,0.71058685
421467,0.5574798
421554,0.46567
421557,0.46500456
421558,0.5553826
421562,0.32514805
421614,0.8130764
421690,0.19294956
421758,0.76002216
421776,0.6774955
421827,0.65121686
421828,0.5330055
421829,0.41905677
421848,0.20725992
421862,0.25611755
421863,0.17320476
421868,0.095653154
421884,0.42561755
421921,0.5943021
421924,0.6914733
421958,0.56886953
421961,0.21997371
421964,0.14042613
421968,0.37186778
421974,0.7378399
421975,0.13866515
421977,0.5961983
421978,0.7426242
421979,0.11097221
421980,0.42435548
421982,0.33700475
421985,0.3796788
421986,0.3158612
421987,0.30593428
421988,0.20581299
421989,0.5537719
421990,0.48140487
421991,0.16260038
421993,0.29336062
421994,0.32109308
421996,0.86523724
421997,0.17051233
421998,0.48110747
421999,0.7380985
422000,0.5321589
422001,0.3244526
422002,0.57442886
422004,0.5107476
422005,0.66258264
422007,0.67475057
422008,0.3129837
422010,0.20353945
422011,0.1763565
422012,0.49244988
422014,0.43793866
422015,0.6737089
422016,0.39979547
422017,0.1329292
422018,0.24040847
422019,0.6717039
422039,0.0877755
422041,0.19656986
422042,0.3637999
422043,0.4038414
422044,0.28032
422045,0.37867326
422047,0.6755239
422048,0.40186822
422049,0.27558365
422050,0.5413031
422051,0.5216013
422053,0.48706552
422054,0.48908085
422055,0.33014345
422056,0.27620026
422057,0.55856574
422058,0.47452328
422059,0.44818583
422060,0.19066231
422063,0.6990289
422064,0.1902915
422065,0.3767189
422066,0.28950682
422067,0.23372503
422068,0.1608105
422069,0.3001444
422070,0.45377794
422071,0.25616083
422072,0.42476547
422074,0.5191419
422152,0.12588811
422210,0.41934922
422227,0.7072336
422308,0.39641607
422339,0.37692896
422368,0.45942324
422391,0.30749726
422407,0.15974566
422485,0.13222803
422491,0.4240643
422506,0.6429343
422508,0.6090568
422512,0.2178572
422513,0.27533683
422514,0.30104077
422518,0.2427004
422519,0.20515396
422523,0.34020337
422524,0.35734707
422525,0.171127
422526,0.19692472
422527,0.59302795
422531,0.6056909
422533,0.10176111
422534,0.29113665
422536,0.40071508
422537,0.3529115
422538,0.5623947
422540,0.57862383
422541,0.82258415
422543,0.5436948
422544,0.68457806
422545,0.3817571
422546,0.25035015
422547,0.6572043
422548,0.52031386
422549,0.61360335
422550,0.3270619
422551,0.38780972
422552,0.17341368
422553,0.28187907
422554,0.46612015
422555,0.7052375
422556,0.26870564
422639,0.11029914
422667,0.67908305
422734,0.3756292
422748,0.39220163
422749,0.59033877
422796,0.30530646
422810,0.25274566
422839,0.27472112
422850,0.7396593
422891,0.5446462
422940,0.59683037
422962,0.1502207
422964,0.5267362
423009,0.49723092
423022,0.14145383
423041,0.5577362
423046,0.5185194
423052,0.4676016
423055,0.24030612
423061,0.7662404
423075,0.16508985
423076,0.3306983
423077,0.53275156
423081,0.70185393
423083,0.5805568
423087,0.39611042
423089,0.25322494
423091,0.21749823
423098,0.5450465
423105,0.33834398
423106,0.44439656
423107,0.45423025
423114,0.5792481
423116,0.3465193
423120,0.44886476
423121,0.40199476
423125,0.3126404
423132,0.34090248
423133,0.3087858
423134,0.67412996
423135,0.30699274
423137,0.34876844
423138,0.14343613
423139,0.23291099
423140,0.4265607
423141,0.4921002
423143,0.36843637
423144,0.2535717
423145,0.18247505
423146,0.56137633
423147,0.4398203
423148,0.3385572
423149,0.11852739
423150,0.43788964
423151,0.3227803
423152,0.16883373
423153,0.6676709
423154,0.14496909
423155,0.28803948
423156,0.24890961
423157,0.24098
423158,0.5102647
423159,0.47380075
423228,0.36568242
423237,0.59879607
423386,0.6839395
423416,0.8062254
423417,0.6762589
423489,0.4931332
423503,0.74956375
423522,0.35436496
423571,0.4044489
423574,0.17669629
423580,0.18461686
423621,0.73102367
423622,0.7294903
423624,0.37679526
423629,0.18485202
423631,0.5607681
423648,0.3058728
423651,0.39592886
423652,0.39491838
423658,0.71295786
423663,0.15654007
423664,0.15764809
423665,0.56643873
423668,0.37184197
423670,0.31413805
423671,0.34387144
423672,0.23724268
423679,0.17565846
423681,0.49147907
423687,0.42617938
423688,0.39680138
423690,0.21689086
423691,0.3373356
423693,0.35893935
423696,0.48870873
423698,0.6137682
423699,0.6792521
423700,0.34323132
423701,0.5029247
423702,0.6519272
423703,0.30965227
423704,0.35793868
423706,0.38730556
423707,0.31520456
423708,0.07341643
423709,0.5176184
423710,0.73197633
423711,0.1789093
423712,0.445281
423713,0.50498885
423714,0.9148336
423715,0.11061727
423717,0.6458561
423718,0.2598414
423719,0.598689
423720,0.2093572
423721,0.38307762
423722,0.31850386
423723,0.49470058
423724,0.21701278
423726,0.13946399
423730,0.21351548
423734,0.18839338
423735,0.33330145
423736,0.40058926
423737,0.114670634
423738,0.43423566
423739,0.45841312
423740,0.4225472
423741,0.24314778
423742,0.49627766
423743,0.43744162
423746,0.2117307
423747,0.19057815
423748,0.6068682
423749,0.31325883
423750,0.72390485
423751,0.27571467
423752,0.37737042
423753,0.7030245
423754,0.23748767
423755,0.2730573
423756,0.48632932
423800,0.2733185
423894,0.21859623
423938,0.74578017
423939,0.40775844
423940,0.42657012
423947,0.3188168
423957,0.76828533
423959,0.48171002
423966,0.8458253
423968,0.32929862
423972,0.34207287
423978,0.5382646
423979,0.15699154
423982,0.72001487
423983,0.5375872
423986,0.32497004
423990,0.2727316
423993,0.08520389
423994,0.28877622
423996,0.20672083
423998,0.3819121
423999,0.38507628
424000,0.23189513
424001,0.29199117
424002,0.1396955
424003,0.69793195
424004,0.5691229
424005,0.39289746
424006,0.5645205
424007,0.4247877
424008,0.553509
424009,0.56421846
424010,0.59717166
424011,0.4519458
424012,0.16361481
424013,0.5035956
424014,0.46138054
424015,0.29481605
424016,0.47611773
424161,0.5336747
424189,0.6592721
424192,0.27153835
424198,0.26905778
424202,0.21577685
424203,0.14177218
424207,0.624596
424208,0.4053263
424211,0.23611854
424214,0.52005625
424215,0.3880362
424216,0.35671243
424220,0.44571653
424222,0.45586258
424223,0.25923923
424232,0.39355713
424234,0.20725349
424235,0.13924275
424236,0.22509953
424241,0.21817389
424244,0.32987812
424245,0.6232657
424246,0.25567812
424248,0.76990324
424249,0.52039796
424251,0.41617548
424252,0.26872677
424253,0.3907736
424254,0.3620378
424255,0.18207864
424256,0.6163743
424257,0.2315387
424258,0.6027198
424259,0.35512218
424260,0.29779845
424261,0.3687418
424262,0.27592883
424264,0.28697756
424265,0.63862485
424266,0.7341852
424267,0.20471925
424268,0.3626311
424270,0.74712944
424271,0.6075192
424272,0.08393056
424273,0.33075035
424274,0.44007525
424275,0.30886224
424320,0.5938556
424354,0.46235865
424359,0.21925975
424360,0.30698952
424361,0.6197154
424362,0.3431057
424363,0.15917832
424364,0.39421758
424365,0.22264206
424491,0.59486806
424576,0.5413577
424639,0.23880754
424640,0.25300783
424653,0.32039282
424672,0.5453594
424708,0.20996523
424724,0.56164896
424725,0.54297125
424734,0.6925507
424755,0.26382393
424758,0.5393939
424765,0.2405159
424770,0.46953136
424773,0.59250796
424780,0.39719802
424784,0.13116434
424791,0.29777345
424797,0.5813696
424800,0.1815679
424807,0.10709212
424809,0.36952415
424812,0.40477422
424813,0.59034604
424816,0.1876864
424817,0.13055211
424820,0.469634
424822,0.42113373
424823,0.47562438
424825,0.39044353
424826,0.67648244
424827,0.2286611
424828,0.551523
424830,0.3283879
424831,0.19766955
424832,0.80060685
424833,0.38267654
424834,0.64230525
424835,0.67730916
424836,0.49981874
424837,0.7246196
424838,0.48250112
424839,0.3263856
424840,0.35417107
424841,0.8260583
424843,0.16135952
424845,0.7601172
424846,0.20081317
424847,0.28297007
424848,0.34353316
424849,0.73660105
424850,0.7518968
424851,0.25787133
424852,0.22755025
424853,0.14413619
424854,0.41886938
424856,0.21034214
424857,0.39930382
424947,0.72123194
425037,0.6132608
425039,0.629607
425096,0.29674232
425107,0.27605733
425156,0.31510815
425191,0.23945421
425192,0.33544338
425230,0.21857046
425231,0.503036
425237,0.1769595
425281,0.7183586
425301,0.33580565
425306,0.80813015
425312,0.25509298
425313,0.10555696
425317,0.2672665
425326,0.3102531
425330,0.22381659
425336,0.7309
425338,0.46511307
425343,0.48883066
425345,0.21112628
425360,0.5106618
425364,0.32042015
425368,0.4013794
425369,0.1046703
425371,0.57955813
425372,0.10893928
425373,0.7126381
425374,0.44226164
425376,0.6631853
425379,0.28751794
425380,0.11656274
425381,0.32760194
425382,0.35074702
425383,0.17245981
425384,0.25231132
425385,0.24717811
425388,0.76522684
425389,0.25051886
425390,0.1924265
425391,0.6423152
425392,0.288605
425394,0.5621323
425395,0.39494616
425396,0.37776068
425397,0.20205766
425398,0.32179794
425399,0.33508298
425400,0.3410382
425403,0.3833511
425404,0.38930395
425405,0.34814128
425406,0.61632335
425407,0.5920967
425408,0.18778796
425409,0.28697315
425411,0.16547853
425412,0.44534266
425413,0.81790006
425414,0.5549135
425415,0.7114223
425416,0.6729007
425418,0.20094272
425419,0.15320471
425423,0.44568387
425424,0.29631898
425425,0.75848377
425426,0.25277293
425429,0.41136327
425430,0.157646
425431,0.5393334
425432,0.16668457
425433,0.41273254
425434,0.50097704
425435,0.75088304
425437,0.31764707
425438,0.04053107
425439,0.38124254
425440,0.3891112
425441,0.27046332
425442,0.7914391
425444,0.7009732
425446,0.20064592
425447,0.42998534
425448,0.6401581
425449,0.54060036
425450,0.3460214
425451,0.31327644
425453,0.7042629
425454,0.7428155
425455,0.49346733
425456,0.57275414
425457,0.47336915
425458,0.5247359
425459,0.7013327
425460,0.080481336
425461,0.32094324
425462,0.22286911
425511,0.30660412
425601,0.1808993
425810,0.3060449
425824,0.45517585
425830,0.7277167
425835,0.5005055
425838,0.37809545
425865,0.21562505
425877,0.5387764
425904,0.45871493
425905,0.092164814
425906,0.25948268
425909,0.56742305
425911,0.70880824
425913,0.45495817
425923,0.3255495
425932,0.40690735
425938,0.06742117
425939,0.5514922
425943,0.4811084
425944,0.19460626
425945,0.113359116
425946,0.26102722
425948,0.43529263
425950,0.26793075
425952,0.50242
425954,0.6143417
425955,0.20632443
425957,0.6262378
425958,0.15236036
425959,0.5829577
425960,0.61467934
425961,0.6806854
425962,0.20289113
425964,0.4422995
425965,0.3425339
425966,0.6186817
425967,0.3513185
425968,0.46006277
425969,0.38483483
425970,0.3863123
425971,0.6359766
425972,0.10485662
425976,0.42169058
426050,0.25245753
426051,0.7495192
426052,0.2466362
426053,0.26086503
426124,0.29335016
426132,0.45486388
426154,0.51558006
426192,0.2878031
426235,0.3842018
426297,0.5838352
426387,0.46293816
426396,0.20311838
426436,0.41271812
426437,0.35420883
426460,0.29148883
426466,0.53816706
426469,0.33911687
426510,0.4772852
426617,0.6931035
426630,0.30417067
426631,0.19367176
426650,0.37255308
426688,0.33162516
426691,0.120672755
426855,0.53306264
426873,0.7401834
426890,0.40879223
426891,0.360363
426895,0.18220928
426928,0.76195127
426929,0.22079481
426955,0.6628789
426957,0.2834654
427007,0.502061
427009,0.21664803
427021,0.59210014
427023,0.2841523
427032,0.31827074
427036,0.1695606
427040,0.393593
427041,0.40814218
427042,0.17193103
427044,0.1971263
427048,0.5246068
427050,0.5317235
427054,0.25034705
427057,0.5526858
427058,0.23795968
427059,0.41259038
427060,0.57046425
427062,0.43088806
427063,0.44315964
427064,0.18707947
427065,0.43507954
427067,0.59172666
427069,0.31396598
427070,0.20549403
427071,0.56690377
427072,0.16502939
427073,0.28998798
427074,0.24997792
427075,0.26766163
427076,0.18689619
427077,0.5441564
427078,0.538677
427079,0.2149186
427080,0.2516436
427081,0.47804788
427082,0.5141636
427088,0.41662824
427109,0.19757193
427110,0.6795251
427111,0.2664298
427114,0.3575358
427115,0.67078584
427120,0.25979367
427121,0.16710691
427122,0.7986609
427125,0.2313164
427126,0.23931956
427127,0.31478658
427128,0.24207987
427129,0.23387714
427130,0.8257235
427131,0.21202517
427132,0.152681
427133,0.27330956
427134,0.15860704
427135,0.23657325
427137,0.7041155
427138,0.201069
427139,0.21390928
427140,0.66511387
427142,0.34668356
427143,0.41012624
427144,0.7237782
427145,0.3002381
427146,0.5620876
427147,0.43078393
427148,0.19710116
427149,0.5946349
427150,0.661258
427151,0.18469429
427152,0.18519968
427153,0.18715136
427154,0.819015
427155,0.35693416
427156,0.19361347
427157,0.40336362
427158,0.5782067
427159,0.45105806
427160,0.09524081
427161,0.43032998
427162,0.8427339
427163,0.604438
427164,0.47276565
427165,0.1156529
427254,0.34506482
427263,0.37492993
427324,0.6742245
427330,0.7537254
427379,0.38525942
427465,0.3437208
427485,0.53830177
427489,0.1599841
427505,0.58724695
427567,0.46997163
427575,0.696465
427578,0.6068856
427589,0.8979485
427612,0.6168935
427615,0.24398397
427618,0.44293314
427620,0.6682411
427622,0.07613482
427627,0.30143678
427628,0.34020528
427632,0.3137117
427634,0.11100009
427635,0.57731044
427637,0.50251234
427639,0.7432085
427640,0.330901
427641,0.16670126
427642,0.51061916
427643,0.5592048
427645,0.4096108
427646,0.28978986
427647,0.31889123
427649,0.19533654
427650,0.41267735
427652,0.6699266
427653,0.5248947
427654,0.11915137
427655,0.6819229
427656,0.32797956
427657,0.49931702
427658,0.6378334
427659,0.3539968
427660,0.421254
427661,0.6335709
427662,0.25692
427663,0.453925
427664,0.59862787
427665,0.14089362
427666,0.15037625
427667,0.32287154
427668,0.67191803
427669,0.51511794
427671,0.6917163
427672,0.6637
427673,0.2224101
427676,0.3693525
427677,0.101341605
427703,0.4116887
427738,0.27770907
427809,0.41467384
427881,0.24769245
427949,0.33549827
427985,0.76749116
428047,0.6642712
428054,0.87491435
428080,0.7525806
428143,0.76547664
428162,0.7169519
428166,0.24709862
428187,0.32519165
428188,0.3501786
428189,0.19242565
428195,0.19792336
428196,0.5541728
428198,0.51466
428200,0.13742256
428201,0.29598877
428204,0.75875103
428206,0.34914273
428207,0.7054415
428208,0.6483775
428210,0.22697027
428211,0.26150012
428212,0.7074153
428213,0.5573124
428215,0.2208469
428217,0.29544908
428218,0.38159913
428219,0.42878345
428220,0.22299688
428222,0.7984362
428223,0.42984635
428224,0.304862
428225,0.27562994
428227,0.29284525
428228,0.5786532
428229,0.7270307
428230,0.771405
428231,0.27604973
428232,0.52451235
428233,0.17636156
428234,0.3608613
428235,0.79119396
428236,0.51385915
428237,0.5345177
428238,0.39708135
428240,0.15831788
428241,0.48718876
428242,0.22654098
428243,0.57039845
428244,0.7890474
428311,0.48575348
428312,0.34047827
428313,0.56195027
428314,0.47674713
428409,0.27874112
428416,0.30193383
428423,0.34548628
428424,0.4812215
428463,0.5452323
428485,0.7083617
428517,0.36902907
428518,0.776449
428561,0.26933557
428565,0.2513059
428590,0.36290735
428597,0.24417228
428614,0.33045566
428616,0.75810665
428621,0.16838914
428626,0.6659163
428629,0.15325972
428636,0.6187863
428647,0.472891
428654,0.32554293
428659,0.19565831
428686,0.2983626
428690,0.30306372
428701,0.36808902
428708,0.5254414
428714,0.41252962
428722,0.28359854
428729,0.43153086
428745,0.2863342
428751,0.37147123
428757,0.27264178
428764,0.49204224
428774,0.44459736
428778,0.19269328
428783,0.32101455
428789,0.14607373
428797,0.3858677
428799,0.46936396
428801,0.9173391
428804,0.23304726
428806,0.2657258
428813,0.1596252
428816,0.3275704
428821,0.5708356
428832,0.59507537
428839,0.37300256
428842,0.52809983
428850,0.42740425
428859,0.57564384
428871,0.37552243
428907,0.80627304
428913,0.34500906
428920,0.77793837
428924,0.3806858
428928,0.48850977
428930,0.29256085
428933,0.6288904
428938,0.22279164
428944,0.32095706
428948,0.43004093
428963,0.26445633
428975,0.53260744
428979,0.29021153
428982,0.655696
428984,0.21137749
428987,0.33373606
429015,0.1931785
429018,0.33386603
429028,0.054718826
429035,0.6854505
429037,0.17363748
429042,0.15256901
429055,0.3753813
429066,0.3850113
429067,0.68000513
429069,0.15218332
429077,0.39135668
429078,0.6360525
429083,0.27577302
429091,0.49284858
429093,0.17339902
429094,0.25440454
429103,0.2877337
429109,0.5393227
429121,0.6581016
429129,0.18881395
429134,0.26599553
429138,0.3140885
429164,0.26056916
429173,0.6648783
429182,0.24326338
429190,0.17677544
429199,0.14020516
429219,0.59331566
429224,0.15409237
429226,0.7120617
429230,0.19299722
429239,0.101904966
429243,0.4917349
429256,0.3017395
429266,0.52167255
429269,0.42927372
429294,0.27957278
429295,0.6127175
429297,0.66295123
429299,0.20914313
429302,0.32698995
429305,0.5956711
429308,0.21479449
429314,0.5147703
429318,0.2472562
429348,0.4523893
429356,0.9229669
429359,0.68613654
429372,0.47045755
429373,0.37626156
429384,0.623393
429385,0.49579784
429398,0.14486219
429405,0.46135056
429407,0.22191052
429408,0.34360945
429412,0.47062534
429414,0.3564361
429415,0.4757612
429421,0.23047288
429422,0.19435233
429430,0.4853286
429432,0.2780611
429440,0.63311386
429442,0.691391
429451,0.8689638
429459,0.59107584
429469,0.3912762
429471,0.10760241
429482,0.09479092
429483,0.5594871
429491,0.7494586
429493,0.3237743
429496,0.6795573
429498,0.23292242
429501,0.26556274
429502,0.37836084
429508,0.2657235
429509,0.24416108
429511,0.705239
429528,0.19944955
429531,0.68825346
429539,0.64609647
429549,0.74083793
429555,0.5586942
429557,0.3264728
429567,0.56675756
429570,0.33683532
429576,0.2596521
429590,0.30772856
429591,0.7283097
429597,0.44431826
429600,0.5320481
429602,0.3565164
429604,0.56562567
429623,0.23817492
429625,0.11428123
429626,0.38367614
429628,0.10912921
429634,0.27497554
429637,0.28149605
429666,0.31298536
429667,0.52227867
429670,0.27194005
429673,0.16952622
429678,0.35003832
429693,0.11918974
429702,0.32060477
429708,0.27351746
429737,0.23673756
429739,0.20752208
429740,0.2749301
429750,0.57548314
429770,0.6011206
429774,0.4120219
429777,0.47493473
429780,0.25114986
429809,0.59668684
429810,0.2148351
429831,0.3168795
429835,0.6104633
429838,0.5515104
429846,0.31427008
429851,0.31637707
429852,0.25738278
429856,0.22774114
429857,0.33420914
429866,0.7407373
429871,0.2743104
429873,0.56910735
429879,0.7886843
429882,0.24807055
429885,0.29463798
429890,0.41562495
429897,0.20848668
429933,0.4067293
429936,0.16216813
429948,0.34598845
429952,0.7404386
429967,0.20807627
429982,0.17012927
429989,0.5020973
430000,0.15111953
430003,0.25353104
430011,0.41705665
430019,0.2778552
430035,0.21156457
430042,0.82119554
430047,0.36388332
430048,0.26135302
430059,0.38173825
430060,0.6667728
430077,0.4139034
430080,0.41373459
430083,0.8335556
430086,0.65567565
430090,0.571066
430103,0.31883234
430107,0.6109319
430114,0.2590558
430116,0.34579295
430124,0.37121934
430129,0.55886495
430132,0.595555
430146,0.4613008
430155,0.47310427
430156,0.115979515
430160,0.4929299
430168,0.2723063
430170,0.3958668
430176,0.51242465
430177,0.86257213
430186,0.7677166
430187,0.41896293
430195,0.498171
430198,0.8164706
430204,0.5001121
430210,0.47863364
430211,0.8096929
430213,0.18464652
430216,0.77261436
430217,0.4806248
430227,0.11161082
430253,0.29330152
430266,0.700755
430274,0.21967928
430280,0.13249053
430300,0.020903092
430301,0.12257051
430309,0.70652103
430313,0.32946163
430316,0.6430593
430319,0.69046134
430332,0.42302963
430346,0.3889449
430357,0.6215697
430359,0.24406916
430368,0.215434
430376,0.18035768
430383,0.35652572
430389,0.43229675
430393,0.68076026
430394,0.17007764
430404,0.57838255
430405,0.43410623
430407,0.5070796
430433,0.45919976
430445,0.21751036
430446,0.45479238
430451,0.32908177
430452,0.25047508
430459,0.30079716
430466,0.30677515
430467,0.11224248
430473,0.6255328
430477,0.22308514
430483,0.5944116
430512,0.149218
430521,0.18177305
430524,0.25641814
430529,0.49304324
430533,0.15667395
430536,0.34479427
430538,0.24988835
430540,0.727011
430548,0.5169656
430549,0.29385665
430550,0.34051812
430566,0.46714237
430574,0.37965095
430576,0.41567323
430582,0.34573522
430585,0.33501437
430625,0.17774048
430627,0.38513702
430629,0.36934623
430637,0.40065706
430639,0.18616627
430641,0.36937356
430656,0.16019975
430659,0.2254719
430661,0.23154634
430671,0.47132683
430672,0.59535605
430673,0.5260821
430674,0.39475313
430676,0.22550638
430691,0.18292771
430698,0.3266524
430699,0.73030823
430708,0.45951632
430719,0.3033929
430726,0.19797957
430728,0.8584215
430730,0.7383299
430731,0.678974
430732,0.41725475
430738,0.49925724
430770,0.73031604
430782,0.6281213
430785,0.4949058
430786,0.24336606
430806,0.8164761
430818,0.7605803
430819,0.29208452
430820,0.40498725
430835,0.39998886
430836,0.3563251
430837,0.5210879
430838,0.23113213
430839,0.34792072
430847,0.71496373
430853,0.27216363
430856,0.11113794
430876,0.26869482
430886,0.13328321
430887,0.24668871
430889,0.39036238
430927,0.118887976
430931,0.64787
430939,0.24888535
430942,0.15747878
430949,0.3341609
430957,0.13076818
430960,0.09020168
430961,0.11845061
430962,0.62132436
430973,0.20158727
430975,0.22058989
430976,0.2588623
430981,0.15948927
430992,0.44464305
431007,0.73741573
431010,0.45687595
431013,0.23311044
431023,0.20273997
431027,0.38904372
431044,0.3545149
431056,0.12445579
431058,0.10662519
431065,0.22719221
431077,0.5297045
431080,0.58517635
431082,0.108206674
431088,0.7103719
431095,0.6619569
431100,0.37589857
431106,0.5912797
431107,0.51329374
431110,0.23464441
431114,0.65236986
431138,0.4420585
431144,0.115350455
431162,0.4370047
431170,0.8398742
431171,0.17121811
431176,0.4904569
431203,0.56830066
431211,0.15159935
431212,0.38058332
431215,0.2629999
431238,0.8927367
431241,0.39133424
431244,0.6172488
431254,0.31341943
431263,0.3601445
431278,0.18492842
431285,0.75671035
431286,0.47893062
431298,0.39816046
431305,0.14543153
431315,0.73212355
431323,0.4536159
431325,0.18127912
431334,0.19969909
431358,0.7833994
431372,0.37317398
431373,0.07991709
431374,0.7610456
431377,0.5275503
431386,0.54450756
431388,0.66229796
431395,0.16486013
431396,0.43942374
431413,0.11237504
431416,0.5338173
431418,0.6730775
431431,0.61220187
431444,0.46546102
431449,0.7584944
431467,0.2990829
431469,0.20647267
431479,0.23629253
431480,0.2365413
431481,0.28106675
431488,0.3609115
431492,0.80658054
431496,0.45950267
431497,0.12761445
431508,0.55783355
431511,0.45329362
431517,0.21913111
431520,0.58301
431538,0.6543773
431540,0.12575667
431543,0.7473036
431545,0.21222265
431560,0.24045955
431561,0.4151213
431584,0.8152022
431591,0.67031175
431593,0.45327264
431625,0.69986767
431630,0.73017955
431633,0.46267793
431635,0.33355457
431649,0.26037577
431650,0.5385599
431651,0.3157757
431652,0.2625457
431667,0.64522564
431668,0.82148075
431672,0.40918705
431675,0.8012309
431680,0.74548984
431682,0.14806478
431683,0.17181444
431693,0.35582474
431697,0.25108138
431726,0.74850947
431731,0.52916497
431732,0.5379161
431744,0.04858321
431750,0.19310881
431755,0.3860053
431756,0.4866565
431757,0.562336
431765,0.3705592
431766,0.24841332
431768,0.641877
431770,0.101484805
431773,0.26362142
431775,0.355719
431777,0.61728525
431778,0.69844013
431801,0.4635085
431807,0.17320575
431810,0.2187931
431815,0.44732487
431816,0.46959025
431823,0.5390027
431831,0.30994272
431837,0.43038443
431841,0.25434065
431845,0.15833093
431854,0.58452654
431857,0.48726612
431865,0.26446545
431866,0.56109035
431867,0.25806025
431869,0.27648848
431889,0.46889812
431899,0.2524565
431903,0.60079867
431909,0.18091556
431914,0.3366771
431916,0.31824383
431918,0.7090366
431931,0.2860453
431940,0.16426973
431948,0.66174114
431962,0.4700759
431965,0.34700656
431974,0.17867586
431976,0.117868744
431987,0.38032272
431988,0.17894697
431995,0.5807872
431999,0.49318087
432003,0.10714365
432005,0.6930402
432009,0.39896205
432011,0.1407112
432022,0.6684531
432028,0.49026576
432030,0.18201293
432037,0.29343262
432065,0.4174639
432070,0.16571563
432075,0.6607608
432078,0.5348558
432080,0.49229822
432085,0.23558272
432092,0.52167666
432111,0.58962303
432112,0.1029968
432115,0.20824099
432117,0.49569649
432118,0.5006083
432129,0.58969563
432132,0.4794059
432133,0.22259906
432145,0.5169397
432146,0.2900372
432148,0.46038535
432156,0.5509062
432167,0.36253992
432169,0.06942168
432188,0.2683254
432192,0.7826444
432221,0.3293748
432226,0.58474857
432231,0.1333452
432247,0.3057779
432252,0.19719407
432254,0.31074828
432263,0.40088284
432265,0.16499609
432271,0.5323185
432280,0.27765965
432282,0.4083515
432284,0.14828792
432291,0.8658586
432296,0.5876939
432298,0.47644603
432301,0.16027613
432309,0.5154794
432312,0.51339334
432320,0.22764762
432324,0.12398204
432330,0.29524487
432339,0.18367232
432356,0.27056125
432357,0.20843539
432362,0.39240777
432365,0.33929953
432366,0.43928936
432370,0.48604798
432377,0.6650151
432384,0.43847513
432391,0.43980268
432405,0.26140848
432406,0.5617624
432414,0.6812809
432415,0.05416728
432417,0.16901818
432419,0.39205712
432424,0.28295788
432425,0.5105367
432432,0.6738889
432438,0.3817765
432441,0.5154262
432444,0.8693222
432446,0.8545555
432452,0.41723564
432454,0.44567892
432473,0.65254015
432482,0.6445097
432489,0.37996545
432492,0.7598454
432495,0.16843915
432501,0.6247743
432507,0.27342245
432509,0.8601355
432510,0.31467745
432522,0.22190455
432525,0.44140357
432526,0.27302462
432527,0.75754404
432532,0.33205757
432535,0.34422755
432544,0.14831333
432547,0.48190406
432551,0.5131288
432553,0.20252484
432555,0.22817527
432560,0.31869027
432569,0.5775119
432577,0.22087851
432585,0.2583124
432590,0.20280498
432591,0.47926918
432594,0.27067462
432607,0.3018192
432608,0.7608884
432609,0.5139606
432612,0.7520862
432613,0.22708865
432616,0.1558244
432618,0.8757741
432622,0.15686361
432626,0.19395985
432639,0.13955125
432640,0.3114171
432642,0.60266435
432648,0.12978116
432653,0.50703704
432661,0.50809485
432668,0.3089101
432682,0.62739974
432686,0.6097889
432693,0.28843087
432695,0.706163
432696,0.74311477
432698,0.5297963
432699,0.17680995
432702,0.4980766
432707,0.31882742
432712,0.3423038
432719,0.16965772
432724,0.14069073
432728,0.41666898
432737,0.50366306
432745,0.6281124
432746,0.2838038
432749,0.6020616
432752,0.20787889
432758,0.2539733
432769,0.2573045
432770,0.3209372
432771,0.3274772
432788,0.12357935
432804,0.3238844
432807,0.67320156
432830,0.6177241
432831,0.47361755
432842,0.59608525
432849,0.81334186
432876,0.74284196
432886,0.27594495
432888,0.27442962
432897,0.12358838
432918,0.20468575
432919,0.46031898
432920,0.3199282
432921,0.33365834
432930,0.47360498
432932,0.2787542
432943,0.57377636
432944,0.17424534
432951,0.40201426
432952,0.29887298
432965,0.6470933
432969,0.3693665
432981,0.38683397
432985,0.33601636
432986,0.3518754
432988,0.5324422
432991,0.37371072
432992,0.38605025
433002,0.27273676
433018,0.41798222
433019,0.38859797
433021,0.3621346
433024,0.1932819
433031,0.28456032
433035,0.6113048
433047,0.8008872
433050,0.17374954
433051,0.14555885
433055,0.2265992
433058,0.49751267
433069,0.39530122
433079,0.6700227
433098,0.56156504
433099,0.18685454
433104,0.36214542
433112,0.17290872
433117,0.29091054
433119,0.18002193
433130,0.14051367
433132,0.5679542
433158,0.7951542
433159,0.12460186
433162,0.118181154
433166,0.36172554
433169,0.4449424
433173,0.28385928
433174,0.30737182
433183,0.7468534
433184,0.24243082
433198,0.4293037
433205,0.4336139
433221,0.570011
433271,0.71109194
433274,0.1422798
433276,0.70351267
433281,0.286787
433283,0.31146008
433296,0.2935008
433300,0.37387037
433304,0.3570565
433308,0.43152624
433312,0.39257365
433313,0.6789451
433319,0.19811885
433332,0.69509196
433342,0.19311713
433343,0.13181412
433344,0.4328792
433345,0.15020594
433347,0.4995353
433350,0.26952428
433355,0.768389
433356,0.20204438
433359,0.27546868
433361,0.4832379
433363,0.50711405
433370,0.23020592
433371,0.23172909
433374,0.48029563
433384,0.4541528
433390,0.4469721
433392,0.2473007
433396,0.5100001
433403,0.59665453
433405,0.16193256
433408,0.79694515
433410,0.7745121
433411,0.37969244
433424,0.5553545
433431,0.21849848
433432,0.70530283
433440,0.3108629
433441,0.6211189
433451,0.5646494
433452,0.64870876
433459,0.22103374
433463,0.2399178
433464,0.36661953
433470,0.44840968
433480,0.5674955
433482,0.6299883
433485,0.2879313
433494,0.7854211
433495,0.44929022
433496,0.18600473
433505,0.28028858
433509,0.34972045
433515,0.44024003
433518,0.22574815
433519,0.74273854
433527,0.39186093
433532,0.13914946
433535,0.29054737
433539,0.5429734
433561,0.3219367
433564,0.88658345
433566,0.15366071
433574,0.17703836
433575,0.21109508
433584,0.6239772
433591,0.6956584
433596,0.6451962
433598,0.6104695
433602,0.21090674
433606,0.3866812
433611,0.34368736
433617,0.4694527
433620,0.6161914
433628,0.34805885
433631,0.3374501
433651,0.30837193
433653,0.54778165
433657,0.31534284
433661,0.31878838
433662,0.61643356
433663,0.6037265
433668,0.31218308
433670,0.7310409
433680,0.61611485
433686,0.72045624
433709,0.19929723
433725,0.3220903
433731,0.4837185
433735,0.70828766
433745,0.32861444
433748,0.16811392
433754,0.4706817
433762,0.2897381
433766,0.24561143
433767,0.266733
433779,0.54983497
433783,0.12289786
433785,0.548735
433789,0.11411631
433794,0.6109624
433799,0.5988552
433800,0.19589438
433804,0.3575607
433816,0.48197007
433820,0.49517435
433829,0.15934916
433837,0.23328605
433840,0.09595755
433842,0.24532174
433849,0.3085131
433853,0.06408781
433862,0.14555787
433872,0.19839863
433882,0.35312966
433892,0.50725144
433896,0.15374398
433906,0.1341972
433913,0.5174719
433914,0.23106633
433957,0.22217311
433958,0.42328453
433965,0.58035755
433976,0.31497914
433984,0.13121599
433995,0.46950772
433996,0.40097216
434006,0.7652485
434007,0.22868945
434009,0.51369256
434019,0.6234971
434024,0.6398318
434026,0.6015402
434027,0.1434765
434034,0.42398494
434036,0.22633053
434037,0.45043066
434046,0.42179474
434050,0.119568415
434051,0.22722133
434052,0.31066602
434055,0.5436386
434061,0.6426914
434064,0.30010968
434108,0.4105319
434109,0.5489155
434121,0.5584497
434122,0.2403271
434140,0.16052307
434151,0.24433964
434156,0.3727038
434157,0.1779809
434160,0.6654884
434164,0.25486234
434167,0.21494481
434169,0.4724374
434173,0.12807089
434176,0.38326782
434177,0.46978295
434179,0.5603416
434180,0.3691198
434183,0.5387101
434192,0.2840337
434205,0.38812307
434209,0.37952355
434212,0.6024714
434214,0.48837903
434216,0.5255629
434222,0.72658724
434223,0.49460292
434224,0.68053496
434259,0.6795381
434261,0.18880562
434263,0.33124605
434264,0.22021551
434282,0.22625777
434283,0.089450486
434293,0.67757493
434317,0.7269916
434322,0.24789722
434326,0.47819152
434327,0.21377788
434328,0.16354796
434336,0.40262243
434340,0.32618368
434342,0.531127
434350,0.68494225
434355,0.3418832
434375,0.20513587
434387,0.26112264
434390,0.48003957
434391,0.2749231
434408,0.17640401
434410,0.45015037
434423,0.45417377
434439,0.6175277
434442,0.28149477
434445,0.66454965
434448,0.36563718
434460,0.34907085
434465,0.17968081
434467,0.43739226
434468,0.48574847
434501,0.51823723
434504,0.6766576
434505,0.52906835
434507,0.119727105
434514,0.6078225
434535,0.30574557
434538,0.79532605
434542,0.7252722
434545,0.43865883
434554,0.59191686
434556,0.52747506
434568,0.4706853
434569,0.6366554
434571,0.711204
434574,0.66282946
434579,0.16052777
434599,0.56678677
434604,0.56352353
434606,0.21174063
434607,0.33147743
434608,0.1694496
434610,0.3085293
434615,0.6190616
434616,0.80531174
434619,0.5113904
434658,0.5839443
434669,0.23669411
434675,0.25173113
434678,0.232235
434680,0.39227337
434690,0.7038548
434698,0.54880816
434702,0.6625415
434704,0.09496886
434722,0.14623365
434727,0.48328558
434730,0.22639455
434735,0.2393336
434739,0.45969877
434765,0.14513819
434767,0.7430445
434784,0.6708186
434787,0.57348806
434788,0.6670852
434789,0.30603313
434790,0.40698266
434791,0.59205806
434802,0.4210281
434806,0.12442016
434807,0.43160382
434808,0.73017037
434815,0.68999135
434816,0.5644372
434817,0.53793186
434818,0.47831893
434830,0.65110844
434918,0.15621276
434920,0.29343113
434921,0.39281592
434922,0.74757725
434937,0.21943793
434948,0.2541538
434949,0.40528083
434952,0.28661752
434954,0.19868594
434957,0.45276788
434968,0.23209137
434974,0.37394607
434982,0.44440013
434986,0.25053495
434993,0.1271237
434995,0.5669175
435005,0.2746387
435013,0.42052367
435027,0.24132378
435034,0.8581364
435056,0.8148011
435060,0.37703344
435062,0.73998606
435068,0.19734369
435069,0.50332963
435071,0.6951723
435079,0.19475903
435086,0.6600745
435092,0.46892485
435099,0.2698761
435100,0.35495922
435108,0.3428977
435118,0.5853485
435120,0.1383084
435129,0.5094856
435132,0.67240274
435138,0.15012667
435139,0.70812196
435142,0.7506725
435147,0.6467613
435148,0.65744346
435151,0.17773925
435153,0.23724717
435154,0.69625187
435164,0.70558244
435173,0.167263
435174,0.32607174
435179,0.13476741
435199,0.40505847
435202,0.25077435
435203,0.3891944
435214,0.620336
435217,0.4525961
435222,0.37560585
435229,0.6250939
435239,0.32486787
435248,0.5102321
435259,0.22403632
435260,0.26122466
435263,0.4224741
435264,0.17333503
435267,0.22620927
435274,0.71444136
435286,0.09263131
435296,0.204695
435308,0.32503352
435328,0.6742704
435333,0.302805
435363,0.28478363
435366,0.15450488
435375,0.19071908
435378,0.7370188
435400,0.3581523
435408,0.5987217
435409,0.132319
435415,0.14671104
435419,0.7711164
435422,0.26762536
435428,0.6536448
435432,0.6865618
435434,0.5600499
435435,0.69067067
435440,0.62802094
435455,0.33976838
435464,0.26463798
435470,0.13220298
435475,0.74267304
435478,0.31218013
435480,0.6519907
435482,0.14335676
435490,0.42526764
435507,0.5783743
435509,0.3697825
435510,0.27484372
435519,0.3300197
435527,0.5859747
435533,0.34708884
435534,0.64740753
435535,0.42285702
435536,0.1768117
435540,0.53880996
435551,0.36314434
435562,0.8736015
435564,0.5813824
435585,0.42358458
435590,0.14143217
435609,0.19850591
435610,0.25388312
435611,0.21121588
435623,0.26025587
435681,0.5198528
435682,0.48641315
435683,0.21903959
435704,0.46998182
435711,0.30842754
435713,0.4915762
435714,0.3247691
435716,0.18468587
435717,0.69759226
435718,0.62433654
435719,0.28784615
435741,0.31128344
435765,0.42040852
435766,0.46796814
435767,0.2131651
435773,0.6661817
435802,0.39326093
435806,0.3765498
435807,0.6384209
435809,0.21527584
435811,0.7191755
435816,0.3104157
435823,0.48368216
435835,0.5549854
435848,0.50045
435849,0.84503984
435858,0.17416027
435870,0.57918763
435874,0.23313372
435890,0.67755216
435892,0.17429897
435911,0.40760076
435915,0.20376535
435924,0.4770013
435937,0.31893614
435943,0.67130536
435958,0.14031154
435962,0.18943958
435965,0.69828486
435968,0.6835981
435997,0.2488262
435998,0.7845367
435999,0.1317442
436009,0.47206265
436021,0.61379087
436022,0.33913442
436026,0.6813387
436032,0.14871125
436037,0.49271265
436049,0.48963568
436058,0.3131954
436059,0.36153436
436062,0.78085005
436068,0.19317152
436079,0.39095998
436082,0.35989138
436083,0.6318567
436093,0.62565815
436098,0.24714693
436113,0.39748675
436127,0.6840645
436148,0.4186126
436152,0.7510816
436159,0.13329907
436165,0.29713982
436170,0.22956595
436174,0.15646428
436176,0.35329503
436183,0.09813599
436194,0.21885794
436196,0.25455835
436204,0.16777872
436207,0.73521876
436210,0.25977057
436219,0.7461341
436227,0.409238
436230,0.12620534
436233,0.31992024
436235,0.7045091
436250,0.3568915
436260,0.6741649
436285,0.5856552
436291,0.37651074
436304,0.22789146
436307,0.5887883
436308,0.4189728
436311,0.30871746
436314,0.54629475
436322,0.33604914
436323,0.7985471
436339,0.20685679
436350,0.24600242
436358,0.46750954
436359,0.18310702
436363,0.2213212
436365,0.3343809
436369,0.15829325
436377,0.1561511
436378,0.41633677
436387,0.3735729
436394,0.7646842
436397,0.4470913
436399,0.7553322
436401,0.33869714
436404,0.29265386
436421,0.32848245
436422,0.60524935
436426,0.29051933
436430,0.2424198
436464,0.2753044
436471,0.25153917
436476,0.25480142
436478,0.157359
436486,0.13694558
436497,0.4208717
436508,0.42738542
436509,0.35191944
436510,0.5109807
436511,0.7825838
436528,0.44931227
436531,0.6032857
436534,0.7312003
436535,0.46373412
436536,0.13751811
436537,0.22364655
436560,0.19275789
436562,0.4792706
436563,0.6250778
436564,0.4955428
436598,0.23587714
436599,0.21423955
436600,0.47375986
436637,0.30475077
436674,0.30453876
436706,0.38252154
436721,0.40618992
436722,0.74910676
436735,0.19662492
436747,0.8526287
436748,0.2709342
436750,0.69885534
436757,0.7401859
436767,0.59745103
436771,0.13618352
436781,0.53060794
436786,0.22692035
436799,0.32116446
436807,0.56671906
436812,0.4761706
436821,0.5527664
436835,0.34978208
436836,0.5303336
436846,0.6049381
436874,0.18137474
436880,0.7869541
436882,0.4842037
436885,0.14824837
436893,0.38863412
436894,0.11152048
436896,0.27116567
436902,0.30452114
436918,0.1525654
436921,0.32920027
436935,0.5095139
436955,0.1912001
436961,0.38823184
436963,0.38044843
436964,0.50364304
436970,0.27874354
436975,0.19550005
437005,0.36757377
437014,0.5820951
437020,0.39172238
437043,0.42422327
437045,0.3317741
437070,0.34989262
437078,0.18442057
437095,0.27358425
437097,0.26454034
437123,0.08185069
437127,0.34570283
437128,0.39309442
437130,0.3357857
437147,0.7641237
437156,0.25857335
437157,0.51878357
437160,0.5951195
437161,0.13212201
437169,0.3129632
437189,0.5730095
437196,0.50430167
437198,0.42607683
437200,0.16244194
437206,0.6525196
437211,0.2043854
437215,0.44587013
437218,0.25099638
437226,0.22451034
437229,0.5946723
437235,0.16324887
437244,0.15437376
437245,0.53190285
437246,0.4196602
437264,0.31224462
437266,0.23252626
437268,0.42345595
437269,0.4212518
437273,0.31433725
437275,0.6295968
437276,0.37841085
437302,0.28931463
437304,0.63531655
437305,0.6604987
437306,0.4584989
437334,0.23796168
437335,0.3913603
437336,0.3494253
437338,0.6509874
437343,0.8678666
437356,0.5798792
437357,0.36303565
437358,0.5755177
437359,0.17818765
437360,0.7017885
437393,0.10321499
437397,0.60701346
437403,0.33556902
437409,0.22495872
437426,0.58611834
437430,0.79264724
437446,0.79587644
437459,0.27096757
437461,0.42332456
437462,0.4265902
437463,0.12792853
437475,0.28429046
437478,0.25285763
437480,0.18269807
437482,0.36724275
437486,0.22299808
437491,0.6987963
437492,0.37421018
437493,0.5992434
437496,0.5401509
437510,0.18372753
437515,0.07825814
437516,0.3553756
437519,0.30445608
437522,0.4733653
437524,0.30198488
437532,0.5499811
437538,0.21203053
437546,0.28181687
437551,0.61025125
437553,0.72731584
437556,0.5644224
437573,0.7168947
437575,0.1722968
437584,0.5976534
437591,0.6313289
437592,0.29419228
437595,0.38367423
437602,0.332962
437610,0.18663989
437611,0.22415526
437621,0.7661767
437622,0.69902295
437624,0.32620353
437630,0.408475
437631,0.6648866
437636,0.72532403
437666,0.21347162
437672,0.5202803
437676,0.47706163
437687,0.20853788
437689,0.5563231
437706,0.7065217
437712,0.6998027
437735,0.13709931
437757,0.40277734
437763,0.5645021
437790,0.14584929
437791,0.17428546
437795,0.46714017
437803,0.37956485
437810,0.46030027
437811,0.526157
437813,0.214822
437820,0.4414201
437823,0.35362083
437832,0.1280653
437841,0.2564387
437852,0.3881129
437858,0.47609612
437862,0.311091
437892,0.11188971
437896,0.18877693
437903,0.8198788
437905,0.26313332
437911,0.8059861
437913,0.4343313
437918,0.13210618
437922,0.5387128
437933,0.26596
437936,0.43675786
437945,0.2653431
437966,0.3063315
437967,0.65331775
437972,0.12248564
437977,0.68599796
437984,0.7603756
437996,0.21734847
437997,0.30063188
437999,0.29007772
438001,0.1240438
438004,0.50833666
438007,0.29852784
438029,0.24944064
438031,0.21919073
438034,0.5563769
438038,0.7529699
438054,0.6147934
438058,0.20843798
438064,0.45916227
438065,0.48263237
438074,0.2373777
438084,0.42099398
438088,0.3054783
438089,0.15245996
438090,0.3016044
438117,0.43130413
438118,0.29534748
438151,0.67161286
438152,0.40998614
438153,0.5210835
438154,0.2629174
438167,0.46185187
438187,0.7026681
438192,0.71427035
438195,0.4564343
438196,0.41515374
438220,0.2965909
438223,0.7129396
438229,0.25375047
438256,0.32065895
438258,0.41210222
438260,0.4178431
438264,0.29591218
438273,0.31772438
438306,0.7387556
438307,0.45876542
438308,0.15789749
438309,0.1504681
438310,0.5989748
438341,0.6347259
438348,0.11682426
438349,0.3167124
438364,0.10412287
438368,0.54134774
438380,0.65851545
438382,0.2477978
438402,0.36454642
438404,0.6472384
438408,0.692105
438410,0.5727422
438429,0.3465029
438434,0.40044314
438435,0.30901384
438437,0.56097996
438438,0.49202424
438444,0.5281414
438471,0.26189956
438506,0.2554778
438521,0.47052658
438524,0.7390985
438525,0.5668611
438534,0.25158834
438541,0.27852455
438546,0.17853409
438547,0.44226283
438564,0.25591448
438568,0.13554177
438570,0.10330961
438578,0.17563629
438582,0.29657274
438587,0.3990878
438604,0.28164622
438620,0.40911323
438621,0.26969182
438624,0.32014662
438634,0.7715488
438644,0.32707524
438645,0.45950612
438651,0.5122417
438659,0.29325438
438660,0.16229738
438662,0.2251913
438668,0.1017551
438673,0.40642992
438677,0.29275984
438683,0.8169921
438687,0.66873074
438700,0.5508795
438713,0.6060287
438714,0.2458956
438715,0.22273163
438717,0.2249559
438721,0.39376947
438738,0.5356894
438749,0.23526667
438750,0.37320375
438756,0.4659812
438771,0.30541378
438777,0.13902795
438781,0.08341443
438783,0.48763752
438786,0.8692995
438792,0.2176255
438802,0.39993134
438808,0.4004271
438814,0.31640056
438829,0.43014267
438846,0.28910688
438851,0.4014003
438856,0.9312326
438858,0.6676875
438861,0.14415938
438862,0.53133416
438876,0.6621309
438880,0.23827791
438891,0.52374566
438896,0.49338484
438898,0.5379989
438904,0.15967824
438908,0.21668059
438921,0.57447654
438923,0.5903456
438929,0.37892666
438942,0.28710473
438950,0.55462474
438979,0.75677246
438994,0.5646234
438995,0.48203433
438996,0.22648951
439002,0.59383357
439013,0.19085802
439015,0.3647187
439017,0.33648708
439029,0.2264186
439047,0.6721996
439048,0.42413884
439049,0.765592
439050,0.34910852
439061,0.70190346
439065,0.68840575
439069,0.5629873
439070,0.74715364
439071,0.37578478
439072,0.5471849
439073,0.5017338
439076,0.28352916
439077,0.39803427
439078,0.37739208
439089,0.39714542
439095,0.22339116
439113,0.29283074
439122,0.16570129
439127,0.3675607
439153,0.25787202
439154,0.7003167
439157,0.23394735
439197,0.15753809
439205,0.47410366
439207,0.6825063
439209,0.15173696
439213,0.16000028
439218,0.4742678
439222,0.21561077
439229,0.59046376
439233,0.24205643
439235,0.29314032
439236,0.47559395
439239,0.42474258
439248,0.44400364
439255,0.41689235
439265,0.45570022
439266,0.49893203
439268,0.3391411
439270,0.37848344
439276,0.4247287
439285,0.114537634
439294,0.2535442
439296,0.36865133
439299,0.5879052
439310,0.500678
439319,0.11665648
439320,0.19037724
439325,0.29800317
439327,0.3626001
439328,0.25507337
439334,0.3568821
439335,0.39573404
439339,0.49835753
439343,0.139449
439353,0.5296041
439356,0.34104666
439374,0.20651528
439391,0.6392691
439400,0.28124884
439405,0.56617624
439413,0.46624032
439448,0.36042494
439451,0.3786023
439455,0.5499338
439468,0.3108086
439472,0.3848932
439473,0.23603924
439477,0.20623842
439483,0.37950078
439484,0.1836375
439501,0.3441264
439505,0.37903222
439512,0.5007655
439515,0.26759297
439525,0.4601304
439535,0.3014727
439539,0.12903869
439548,0.74651724
439549,0.54580843
439550,0.3886566
439551,0.4542332
439558,0.1417363
439562,0.24506812
439566,0.2026106
439571,0.2174991
439587,0.18980257
439591,0.45979488
439595,0.46937805
439611,0.5691734
439614,0.84827155
439618,0.71906745
439620,0.50003165
439626,0.32137603
439633,0.2879417
439657,0.1887999
439660,0.4529132
439661,0.5827221
439666,0.35720342
439673,0.3741836
439675,0.5467301
439705,0.43880588
439707,0.52940273
439720,0.3038674
439727,0.37252522
439733,0.36765933
439736,0.28278208
439737,0.38042897
439746,0.3485493
439755,0.5370726
439763,0.46867764
439765,0.36027238
439766,0.4040985
439768,0.5874492
439774,0.1834551
439779,0.22419357
439781,0.7878859
439784,0.6967286
439808,0.3311112
439816,0.18757614
439818,0.07115881
439820,0.23447567
439824,0.2036618
439830,0.5235399
439839,0.18043251
439841,0.8050146
439845,0.1977464
439874,0.21506092
439875,0.09810221
439879,0.3289571
439882,0.31175193
439883,0.33290672
439900,0.3344402
439901,0.23193298
439906,0.37593752
439909,0.65000075
439911,0.6728331
439914,0.24501374
439936,0.62209725
439937,0.30754164
439945,0.21632786
439950,0.29172602
439955,0.40965232
439956,0.39835504
439971,0.58055586
439977,0.39327478
439984,0.74564797
439985,0.22591254
439990,0.28716865
439994,0.53640383
440003,0.2716876
440030,0.34886163
440042,0.6408525
440048,0.42588538
440054,0.5345917
440073,0.483408
440074,0.5550391
440080,0.18846901
440082,0.47567648
440085,0.5239357
440088,0.6098502
440091,0.12954089
440100,0.1438984
440103,0.25527403
440113,0.88449323
440119,0.16904
440127,0.1446221
440130,0.25927937
440131,0.21461666
440135,0.6052938
440139,0.4522309
440147,0.6128416
440156,0.6610752
440158,0.41186732
440162,0.40541363
440163,0.6207062
440176,0.3541494
440181,0.09801021
440191,0.2837568
440192,0.4609876
440215,0.17545149
440219,0.5520845
440222,0.35035726
440238,0.27813104
440239,0.18912117
440244,0.26264864
440245,0.35412726
440252,0.35227382
440266,0.47792944
440267,0.4777546
440281,0.5883702
440283,0.37842536
440292,0.39243063
440307,0.31379133
440309,0.223209
440313,0.56137615
440315,0.50993204
440320,0.3513424
440332,0.16025917
440336,0.30839583
440338,0.37053555
440342,0.50026864
440350,0.5411648
440352,0.25243148
440356,0.18317787
440359,0.38980275
440384,0.21288632
440395,0.336368
440396,0.23176736
440397,0.61952823
440401,0.23815455
440408,0.6343655
440411,0.5199834
440425,0.12585916
440439,0.260792
440451,0.7657375
440460,0.7274965
440463,0.54144585
440473,0.20221967
440479,0.23803061
440497,0.4839563
440506,0.20728722
440509,0.35825628
440518,0.19972663
440528,0.47670335
440536,0.6197332
440543,0.5148507
440561,0.24562216
440562,0.6229221
440566,0.50700694
440572,0.6536688
440574,0.70162684
440585,0.6280972
440592,0.3140679
440601,0.72601455
440606,0.48227355
440632,0.5136398
440643,0.4473409
440653,0.16373964
440669,0.14505915
440682,0.22870788
440691,0.15834332
440701,0.18483081
440706,0.30452144
440708,0.39770672
440714,0.8143917
440721,0.7308883
440723,0.7775603
440750,0.2758727
440759,0.67481613
440773,0.3816901
440792,0.788267
440793,0.11436252
440798,0.81694126
440804,0.49283803
440819,0.40639308
440827,0.69877034
440851,0.58947814
440861,0.2747454
440862,0.32401243
440868,0.41799325
440874,0.2857906
440877,0.58292884
440883,0.23946472
440884,0.64395124
440886,0.13079165
440900,0.64181465
440902,0.25491562
440904,0.6304441
440910,0.44843096
440913,0.4801535
440915,0.7018032
440923,0.4103443
440924,0.15693276
440927,0.14077078
440936,0.2910676
440968,0.546369
440973,0.3376137
440975,0.25619227
440979,0.44028622
440986,0.74812436
440987,0.13404627
440995,0.32796887
440998,0.31123665
441000,0.18247625
441004,0.4447469
441007,0.6954246
441014,0.67222565
441026,0.5860972
441032,0.66319543
441042,0.155961
441051,0.77078575
441060,0.21583578
441061,0.23404437
441081,0.5407159
441082,0.33311468
441085,0.29461718
441087,0.25011033
441089,0.17494048
441091,0.1937906
441095,0.38837996
441114,0.33798566
441128,0.60643625
441138,0.579609
441154,0.30899927
441156,0.56115526
441157,0.79933757
441175,0.47287178
441183,0.61351126
441189,0.16045001
441207,0.17989582
441209,0.66625684
441217,0.49454477
441228,0.21748783
441229,0.3276448
441239,0.3239676
441244,0.24210726
441256,0.36861435
441275,0.4887165
441278,0.2350354
441284,0.1705634
441288,0.48028544
441293,0.7019738
441294,0.82667917
441297,0.85740215
441298,0.17693032
441304,0.0967043
441316,0.13160448
441318,0.26508084
441351,0.58995336
441354,0.6299517
441363,0.51549333
441373,0.7250859
441375,0.15498996
441382,0.3543216
441385,0.18583804
441388,0.40139827
441392,0.5888064
441402,0.7744767
441413,0.51674646
441417,0.7829151
441427,0.297797
441437,0.43122917
441453,0.73285514
441458,0.50646603
441459,0.17097846
441463,0.1016262
441466,0.27316767
441475,0.12977788
441479,0.22388592
441497,0.33070043
441501,0.49102086
441509,0.23032235
441513,0.31536788
441546,0.40346092
441547,0.09463886
441563,0.8171655
441565,0.21780208
441567,0.5007584
441576,0.52725565
441577,0.36965483
441578,0.43069422
441597,0.33105358
441607,0.34076443
441609,0.18088064
441611,0.35204208
441613,0.43542793
441622,0.2758766
441637,0.61550146
441638,0.25402713
441652,0.29612416
441660,0.41772392
441667,0.51054364
441671,0.54568154
441672,0.14013343
441675,0.5458963
441679,0.20968091
441700,0.25121307
441701,0.3201714
441711,0.25367743
441725,0.2500075
441732,0.33705577
441741,0.34035006
441743,0.26011357
441761,0.19660936
441763,0.1723348
441766,0.19278528
441778,0.5088929
441780,0.458287
441782,0.5197241
441785,0.4396298
441796,0.15662178
441808,0.5551887
441809,0.5422851
441811,0.345514
441825,0.324957
441828,0.49031666
441835,0.6039186
441860,0.13487606
441865,0.49055982
441871,0.27303705
441874,0.26488766
441876,0.22181937
441885,0.25333637
441896,0.6026387
441908,0.27935776
441913,0.25755832
441921,0.62004805
441926,0.2375609
441936,0.37908307
441941,0.41747865
441947,0.21176575
441957,0.5071908
441961,0.19406
441969,0.14338902
441979,0.56951296
441986,0.5377237
441987,0.16675718
441996,0.73577374
441997,0.17534624
441998,0.42968556
442001,0.40720066
442002,0.396962
442003,0.5632611
442010,0.1288982
442013,0.26614115
442015,0.70799106
442026,0.3202566
442030,0.38578758
442032,0.70552695
442033,0.79073906
442039,0.65289235
442049,0.29522634
442054,0.30051962
442060,0.2893679
442065,0.57523
442067,0.63382757
442074,0.20450805
442076,0.15804869
442080,0.56999236
442085,0.24559943
442093,0.29930788
442100,0.5580723
442123,0.66595685
442124,0.45415688
442128,0.31905696
442149,0.59935516
442151,0.7874952
442157,0.53580856
442158,0.3829624
442159,0.26714608
442161,0.27563837
442179,0.32067338
442187,0.4506492
442190,0.3670495
442195,0.38752487
442199,0.4780288
442233,0.2160601
442234,0.63627326
442235,0.15974237
442250,0.10085778
442256,0.1735258
442258,0.6921404
442264,0.65558285
442280,0.39376622
442288,0.18457097
442290,0.19431378
442293,0.64274
442299,0.5922972
442303,0.8153972
442306,0.17177187
442308,0.12621996
442312,0.38427052
442315,0.23667446
442320,0.38159743
442321,0.64545304
442328,0.5277801
442331,0.7496349
442359,0.19828805
442361,0.16066016
442366,0.35873693
442368,0.4601727
442372,0.58584565
442378,0.40731618
442392,0.5508137
442393,0.19692923
442399,0.43910053
442401,0.7657117
442404,0.20082793
442405,0.63849515
442438,0.6305084
442442,0.4580315
442451,0.65655786
442452,0.1824347
442458,0.52112716
442461,0.6336809
442464,0.22380218
442468,0.48597348
442479,0.6907779
442484,0.6094186
442504,0.44266716
442505,0.15550117
442513,0.39954287
442520,0.06925303
442527,0.36392617
442539,0.26931822
442540,0.53665197
442541,0.15364726
442555,0.36603987
442577,0.5008314
442586,0.33158448
442588,0.14778373
442613,0.5623435
442616,0.5494161
442622,0.59511626
442626,0.31560817
442627,0.46859366
442641,0.10516875
442647,0.3044511
442653,0.69074696
442656,0.27231616
442662,0.36144134
442672,0.094258726
442682,0.3574251
442684,0.40326822
442685,0.33282778
442698,0.693965
442709,0.32784563
442716,0.42040116
442718,0.21137607
442723,0.6518739
442724,0.57144594
442737,0.1899102
442742,0.69097465
442743,0.14977416
442746,0.6202943
442766,0.19675371
442767,0.51384294
442769,0.21250822
442792,0.40498307
442797,0.56344604
442799,0.32172963
442804,0.2782306
442807,0.31769654
442816,0.63240165
442819,0.37386522
442826,0.5782781
442831,0.5689461
442846,0.2553841
442854,0.47066015
442861,0.18144362
442862,0.23215544
442870,0.5726003
442875,0.39325982
442890,0.121715404
442891,0.55414873
442896,0.5308722
442897,0.4023274
442902,0.29427025
442903,0.6031893
442905,0.17464934
442915,0.65975034
442937,0.41912797
442947,0.8230505
442949,0.50217116
442954,0.7315954
442972,0.40417638
443012,0.55171937
443018,0.43415225
443029,0.23296885
443031,0.293536
443033,0.12469635
443035,0.571468
443039,0.052343827
443040,0.62558305
443051,0.6282653
443062,0.3114113
443069,0.65215963
443080,0.5657958
443081,0.69492644
443090,0.55119705
443092,0.29641014
443106,0.4541904
443119,0.5798079
443134,0.27167875
443161,0.42797154
443170,0.28650865
443177,0.24798036
443189,0.47911566
443193,0.1424277
443199,0.5452518
443212,0.44680908
443226,0.74204403
443230,0.2989959
443239,0.555147
443241,0.15250151
443244,0.13197124
443249,0.13728668
443253,0.19842924
443262,0.14108562
443264,0.8523016
443266,0.35980588
443274,0.21824059
443283,0.18827945
443295,0.1474234
443304,0.16431582
443313,0.30488995
443317,0.16874327
443324,0.26155838
443339,0.2649156
443344,0.60776293
443345,0.22139196
443352,0.49313864
443355,0.3383174
443356,0.58927864
443360,0.5636509
443364,0.7786097
443368,0.14478083
443375,0.6286382
443380,0.5183056
443391,0.624295
443392,0.06505219
443397,0.30919755
443403,0.46692795
443406,0.7620286
443420,0.6928032
443431,0.18915789
443441,0.42958215
443456,0.5693764
443457,0.71755743
443459,0.4024488
443460,0.5289564
443471,0.39259776
443474,0.44930246
443486,0.6106386
443487,0.33983055
443490,0.19942425
443492,0.76598763
443495,0.59316933
443505,0.26025927
443512,0.64005554
443555,0.40686843
443576,0.5703097
443582,0.1209322
443583,0.20906913
443585,0.2164676
443588,0.22527625
443592,0.13218288
443596,0.3469176
443597,0.055678457
443606,0.35828114
443607,0.35197973
443608,0.44827607
443611,0.49534371
443612,0.2792186
443618,0.73877084
443623,0.2159237
443632,0.2373023
443633,0.6247041
443634,0.22229518
443637,0.20727688
443638,0.78783125
443669,0.24727686
443672,0.33881697
443685,0.2732509
443686,0.08593397
443694,0.27311537
443695,0.5793883
443697,0.7835706
443700,0.49302098
443734,0.5979418
443738,0.28308368
443742,0.32477978
443759,0.35490912
443760,0.2550485
443770,0.23971152
443776,0.23858666
443788,0.22535984
443791,0.46284682
443792,0.23070712
443803,0.5282165
443808,0.27873677
443832,0.29837215
443842,0.3009013
443847,0.18994486
443853,0.31976113
443854,0.7677862
443868,0.19531578
443873,0.40172046
443879,0.28337124
443883,0.221507
443891,0.48620975
443908,0.44152203
443910,0.6923812
443918,0.19352295
443927,0.14659113
443935,0.611247
443965,0.74804914
443974,0.13279337
443984,0.23963538
443986,0.48830482
443991,0.09863527
443996,0.14163834
444008,0.16830869
444014,0.24872312
444015,0.30100662
444016,0.48621055
444018,0.34225616
444053,0.52900934
444058,0.310765
444065,0.4003663
444069,0.30440423
444082,0.2980205
444087,0.2900484
444089,0.40514436
444093,0.64958
444104,0.099791855
444113,0.3013542
444118,0.67345184
444122,0.25826988
444123,0.3462844
444128,0.35872698
444136,0.2238103
444152,0.42938563
444155,0.4022331
444182,0.19462985
444183,0.48183143
444185,0.15168916
444213,0.4183577
444229,0.23088932
444231,0.2916916
444234,0.30482358
444240,0.45057622
444249,0.412025
444265,0.41630313
444268,0.2830834
444271,0.30076566
444278,0.3228759
444279,0.6124171
444283,0.70088935
444285,0.11395912
444291,0.5958195
444297,0.15788451
444313,0.30142996
444318,0.32933125
444322,0.15514478
444333,0.29079357
444334,0.2876539
444359,0.5783175
444367,0.45292696
444369,0.4910624
444370,0.61117953
444376,0.17197216
444384,0.07458591
444387,0.45455405
444406,0.16641365
444409,0.6506821
444412,0.15625343
444418,0.6592171
444420,0.5864028
444424,0.112614535
444429,0.2822031
444432,0.34785044
444434,0.37228307
444440,0.29273292
444444,0.4557833
444450,0.27565604
444456,0.2229583
444457,0.37895527
444461,0.6678095
444504,0.34484684
444515,0.57698244
444516,0.45552552
444517,0.20278312
444519,0.59059334
444540,0.23004979
444573,0.42392462
444581,0.29714417
444582,0.19879134
444602,0.83675677
444605,0.31846026
444611,0.27391022
444614,0.18424445
444622,0.43587446
444624,0.6238056
444625,0.34062818
444639,0.44336236
444658,0.47365883
444673,0.29920763
444696,0.49395066
444719,0.071552776
444729,0.26347306
444737,0.3250057
444743,0.57101333
444758,0.49354357
444764,0.4419214
444780,0.28633538
444789,0.48088008
444795,0.46222433
444811,0.37105072
444814,0.13033302
444825,0.33271834
444831,0.17504843
444832,0.1743078
444835,0.67166525
444840,0.4671043
444841,0.5396881
444842,0.6255428
444846,0.3226964
444849,0.55764866
444867,0.27557245
444876,0.45588526
444893,0.30329388
444896,0.5554896
444897,0.21888307
444907,0.41340303
444908,0.2564885
444932,0.29962274
444933,0.37749922
444936,0.32203138
444941,0.6297572
444942,0.52057517
444950,0.33522466
444956,0.23845601
444965,0.30751836
444966,0.32975182
444970,0.10437614
444971,0.76200026
444978,0.19199409
444982,0.31716537
444984,0.30025902
444986,0.349487
445001,0.22752781
445016,0.22593978
445027,0.6525425
445029,0.2270388
445032,0.34396318
445037,0.26542774
445043,0.2352342
445044,0.69598764
445047,0.47016802
445052,0.7040095
445073,0.61346376
445075,0.05898238
445076,0.3313635
445092,0.32200283
445095,0.5567551
445106,0.34372088
445110,0.6045784
445123,0.25916067
445124,0.15960209
445141,0.4907961
445151,0.22016323
445160,0.35048783
445161,0.35776594
445164,0.648506
445165,0.27366394
445169,0.4190385
445175,0.7360369
445178,0.38840252
445182,0.37592155
445183,0.11604299
445192,0.056043684
445193,0.60051847
445200,0.11188391
445202,0.1983588
445203,0.12076181
445207,0.22572978
445245,0.34662336
445256,0.20303197
445282,0.46581692
445294,0.34709278
445300,0.8090315
445316,0.22602318
445331,0.3722915
445332,0.27690402
445343,0.38732788
445345,0.39084312
445346,0.42196634
445354,0.62833834
445355,0.8114913
445356,0.28547382
445366,0.7512115
445369,0.56814665
445390,0.30174106
445392,0.62576073
445398,0.2091188
445401,0.4522813
445417,0.28925747
445427,0.20860426
445465,0.6279881
445469,0.2953853
445472,0.17868634
445475,0.6262058
445483,0.34449604
445484,0.29072475
445493,0.7410091
445496,0.47089636
445504,0.14904927
445505,0.6065844
445507,0.31433725
445531,0.8526604
445536,0.2816195
445544,0.20835249
445559,0.10942451
445580,0.2883095
445589,0.23311977
445591,0.26651886
445595,0.29365638
445601,0.24581765
445612,0.32459196
445639,0.33753675
445656,0.6430105
445666,0.17236346
445682,0.82536507
445686,0.44056195
445700,0.2716525
445713,0.36726612
445716,0.30236563
445725,0.15649958
445728,0.3703097
445731,0.13061666
445742,0.4127808
445743,0.8327313
445755,0.17798823
445766,0.2684095
445781,0.6963827
445798,0.3729306
445799,0.46540734
445801,0.7726166
445810,0.37110314
445813,0.45495018
445822,0.19597965
445824,0.35157838
445826,0.5120553
445828,0.23998871
445829,0.21518663
445838,0.42580885
445840,0.2589201
445845,0.33017612
445847,0.28309512
445849,0.42465213
445852,0.55052996
445853,0.58635527
445856,0.35188603
445863,0.24475412
445864,0.7251846
445871,0.5855348
445907,0.4666106
445908,0.20671445
445917,0.40335095
445919,0.41907123
445925,0.31736735
445930,0.27684042
445938,0.17302555
445943,0.4769296
445946,0.09467667
445948,0.6144007
445970,0.22169727
445972,0.21873446
445974,0.83161277
445976,0.23632987
445979,0.50349313
445993,0.15134415
446001,0.6551304
446004,0.53959715
446025,0.29456493
446026,0.4580797
446046,0.47324547
446048,0.31363568
446055,0.33280784
446064,0.580674
446068,0.20022117
446078,0.15638295
446094,0.3039306
446096,0.8252773
446120,0.56000125
446131,0.3776642
446139,0.69373536
446157,0.5533227
446179,0.5016901
446180,0.5728464
446186,0.46016544
446189,0.8201685
446200,0.53656435
446208,0.7119064
446210,0.32883126
446214,0.3924552
446226,0.21971956
446229,0.20654176
446237,0.33033326
446247,0.27860913
446256,0.13747871
446273,0.48187384
446286,0.19606887
446296,0.13532735
446302,0.64752114
446310,0.31734282
446315,0.18999906
446319,0.7653876
446320,0.4848242
446322,0.45669308
446356,0.68578744
446374,0.43362594
446375,0.46342745
446406,0.44478813
446407,0.11943595
446426,0.54409635
446428,0.4600708
446431,0.69851
446433,0.20424274
446437,0.60421014
446441,0.4096697
446452,0.25371507
446464,0.70680684
446466,0.51723796
446468,0.6263248
446469,0.6130083
446472,0.8519588
446476,0.556873
446478,0.21164674
446485,0.2064541
446499,0.20326933
446503,0.53666884
446504,0.18788706
446509,0.47600913
446512,0.7364802
446525,0.3734984
446534,0.23433274
446535,0.35478467
446543,0.5782226
446546,0.17866023
446550,0.7239868
446555,0.52519345
446560,0.34598523
446564,0.35359046
446572,0.44140884
446593,0.46158868
446616,0.5538961
446617,0.39094156
446625,0.17888172
446626,0.6267876
446631,0.50375396
446643,0.55916166
446647,0.24941297
446652,0.1985392
446655,0.5596682
446657,0.73935115
446663,0.42482233
446665,0.42763653
446676,0.39521778
446684,0.622496
446694,0.2190489
446699,0.2695738
446702,0.3539122
446713,0.26167205
446720,0.69304234
446724,0.4836022
446728,0.47157246
446730,0.29154757
446738,0.284203
446742,0.22914878
446743,0.30922398
446744,0.37464195
446750,0.49424607
446759,0.2889469
446760,0.5839419
446772,0.11898669
446786,0.27958378
446799,0.44375366
446800,0.70612377
446803,0.6790258
446812,0.2853716
446813,0.43449864
446815,0.24671912
446816,0.2641698
446832,0.61712414
446845,0.46256
446846,0.17776093
446847,0.24006845
446850,0.22827306
446851,0.6510928
446855,0.39689997
446856,0.2731297
446867,0.11532912
446877,0.7984393
446880,0.54686296
446885,0.20425263
446892,0.18396103
446905,0.5038827
446909,0.6977264
446924,0.112154834
446935,0.25142822
446944,0.21587822
446945,0.3403056
446949,0.11006674
446952,0.30862013
446957,0.1685264
446961,0.46080837
446979,0.31110942
446980,0.6334106
446987,0.64605564
446991,0.37642813
447001,0.14381692
447013,0.47353157
447014,0.42582613
447023,0.33848754
447062,0.11499208
447072,0.3697819
447082,0.66227573
447084,0.24032204
447087,0.10251203
447092,0.19490525
447106,0.37279508
447107,0.5131197
447112,0.28460395
447147,0.3036132
447160,0.73602456
447176,0.2877909
447184,0.24647076
447188,0.16845748
447190,0.5914471
447191,0.34442952
447198,0.62042063
447199,0.47140205
447200,0.5045275
447202,0.24746531
447209,0.75425684
447210,0.48801166
447228,0.766695
447230,0.14651938
447235,0.43492413
447246,0.6817745
447248,0.4309062
447263,0.46429133
447265,0.54170203
447272,0.33955306
447285,0.47983116
447293,0.7140213
447305,0.43882865
447312,0.26691526
447326,0.36650926
447327,0.43519995
447361,0.2145212
447367,0.67986375
447381,0.41416144
447387,0.7019966
447390,0.7381812
447391,0.40208864
447416,0.5351224
447419,0.4406935
447420,0.37213674
447422,0.18390532
447425,0.49849743
447444,0.33894935
447458,0.19998421
447460,0.15468818
447467,0.30786997
447479,0.6379543
447482,0.5379506
447496,0.23918183
447504,0.18813843
447507,0.25915426
447519,0.18047531
447522,0.22189699
447528,0.23888817
447529,0.16889778
447532,0.5662963
447540,0.5054512
447543,0.35648027
447546,0.2663939
447554,0.12976967
447571,0.24843614
447575,0.17792763
447591,0.27078205
447599,0.5493668
447600,0.33417127
447601,0.25744525
447606,0.3055789
447607,0.40527323
447618,0.6345936
447621,0.19006619
447633,0.101172134
447638,0.20652798
447642,0.27729616
447644,0.4559967
447654,0.72541124
447670,0.13290341
447671,0.28038403
447672,0.5393228
447674,0.5104083
447676,0.4721635
447692,0.7964768
447696,0.59123796
447698,0.48841593
447704,0.30810192
447705,0.4236498
447708,0.43552667
447709,0.8367695
447715,0.42199835
447727,0.3254435
447736,0.51028836
447742,0.2632275
447743,0.46327192
447745,0.4077909
447748,0.70701796
447751,0.76169306
447752,0.30745575
447796,0.25654837
447810,0.41943693
447812,0.4451383
447814,0.84049875
447815,0.2830794
447816,0.6041929
447817,0.68453807
447835,0.22325121
447842,0.6204606
447844,0.07930382
447862,0.77514553
447865,0.55045635
447868,0.4698479
447873,0.15670319
447876,0.09076016
447881,0.32612678
447882,0.5760878
447883,0.24235375
447904,0.53586334
447907,0.5552352
447915,0.7510924
447931,0.3139998
447945,0.40302858
447947,0.5258804
447958,0.29417416
447967,0.07356807
447968,0.5031734
447972,0.81656307
447975,0.28589666
447976,0.53034776
447978,0.19684659
447983,0.31196067
447993,0.47737655
447998,0.53044766
448001,0.389376
448005,0.6481639
448007,0.46067792
448011,0.5988801
448012,0.26072073
448016,0.41073352
448030,0.18127674
448039,0.6123766
448040,0.31599158
448045,0.61488074
448046,0.3520133
448051,0.37086326
448084,0.4629912
448091,0.54136795
448100,0.3725412
448125,0.70849586
448143,0.30979446
448146,0.29296544
448150,0.33859703
448160,0.7372657
448163,0.4014838
448165,0.58344096
448182,0.20941955
448185,0.27947634
448188,0.22976832
448189,0.22331047
448209,0.18026029
448210,0.35434598
448218,0.21795852
448224,0.73052293
448241,0.16422181
448243,0.14042702
448244,0.13564251
448245,0.4541785
448254,0.3936852
448278,0.71502554
448279,0.39126736
448282,0.39109743
448284,0.30957514
448285,0.8103435
448301,0.6460199
448302,0.8021442
448305,0.27462333
448317,0.31554568
448330,0.5879751
448335,0.16482617
448338,0.42370626
448340,0.22610596
448341,0.49748418
448347,0.8073256
448350,0.4805521
448353,0.4258988
448361,0.47145674
448370,0.38334548
448380,0.65012455
448400,0.5369488
448411,0.60670257
448412,0.69563615
448417,0.48734012
448420,0.5550821
448422,0.3390903
448424,0.11743154
448447,0.5026105
448459,0.4747876
448464,0.19159399
448470,0.57061434
448490,0.16845821
448494,0.3452745
448500,0.8041136
448515,0.055266753
448522,0.28028205
448526,0.32083696
448536,0.81976295
448548,0.064942345
448566,0.5355498
448573,0.23196349
448584,0.20853502
448585,0.27792764
448597,0.29294705
448599,0.31094548
448601,0.10062056
448604,0.30262452
448606,0.26618382
448610,0.35607287
448642,0.46631283
448660,0.25633016
448669,0.19749326
448674,0.32624543
448675,0.37191096
448678,0.41292396
448690,0.23285484
448693,0.08067322
448695,0.71549207
448700,0.32350746
448703,0.30935806
448704,0.59805477
448707,0.24582174
448720,0.80012035
448727,0.7128922
448728,0.504541
448734,0.7592652
448746,0.26219532
448755,0.36849165
448760,0.64812547
448770,0.25422165
448778,0.32142892
448788,0.36717603
448790,0.59814936
448801,0.23676199
448805,0.46954167
448806,0.13602115
448812,0.19353476
448817,0.6142967
448834,0.25371978
448837,0.83334315
448838,0.24788697
448853,0.59613085
448856,0.41276044
448868,0.49981517
448876,0.1498214
448909,0.76392543
448917,0.5386326
448919,0.5831238
448922,0.4589067
448931,0.36689475
448935,0.31917864
448937,0.20805517
448940,0.25700557
448948,0.570679
448958,0.4398102
448967,0.62823296
448968,0.4024187
448973,0.640906
448993,0.31304735
449000,0.78824055
449011,0.64776963
449015,0.15010217
449030,0.44953823
449035,0.18846409
449040,0.12696923
449045,0.2251121
449060,0.27832493
449081,0.4567287
449082,0.31572977
449087,0.7037552
449095,0.24003717
449105,0.5330475
449110,0.39497408
449117,0.39131516
449126,0.3702015
449134,0.28284657
449141,0.40908664
449148,0.59486365
449155,0.093299635
449158,0.82899797
449160,0.29757762
449178,0.54167545
449180,0.7300925
449183,0.355717
449186,0.42090636
449193,0.37392855
449196,0.23213612
449203,0.1249669
449213,0.44854155
449214,0.06633845
449215,0.28651032
449216,0.36375135
449224,0.41296473
449227,0.5515233
449230,0.16516732
449233,0.6561047
449253,0.39779082
449254,0.50289166
449264,0.8629024
449289,0.47239882
449302,0.09274065
449308,0.56173664
449314,0.19099852
449322,0.45040768
449323,0.2923308
449364,0.31119668
449368,0.21723881
449391,0.27209607
449403,0.55736303
449408,0.35742617
449409,0.15301433
449412,0.15922958
449424,0.55534106
449427,0.3115791
449462,0.19022095
449465,0.2878897
449469,0.20633538
449475,0.19816132
449476,0.53099906
449483,0.1718364
449484,0.4665402
449487,0.21651053
449492,0.20092979
449499,0.68948495
449502,0.21037376
449506,0.09482707
449508,0.23907788
449514,0.2773635
449517,0.47267786
449534,0.48062757
449540,0.12287928
449543,0.46626255
449545,0.31682983
449548,0.49602216
449555,0.22188757
449556,0.7596208
449558,0.22242303
449566,0.24875377
449574,0.39921927
449576,0.3344757
449578,0.13539632
449581,0.3774164
449586,0.4241415
449591,0.33440822
449594,0.387925
449599,0.4647372
449606,0.2546249
449615,0.15133178
449616,0.30216035
449625,0.23883167
449633,0.2827347
449636,0.6772888
449637,0.6623934
449642,0.2652826
449683,0.6236719
449684,0.15427577
449711,0.09221538
449713,0.19414078
449716,0.6636339
449741,0.33786508
449745,0.15540373
449747,0.48971462
449756,0.25105575
449759,0.24502708
449760,0.672857
449768,0.3278677
449773,0.33253208
449775,0.23279883
449780,0.06316366
449788,0.40459865
449792,0.3204443
449802,0.35888812
449812,0.5775141
449815,0.42007077
449818,0.3420726
449820,0.30339125
449821,0.14704429
449822,0.691574
449831,0.26394808
449837,0.29822853
449855,0.6502361
449857,0.41561043
449865,0.39440027
449866,0.32658687
449871,0.3506772
449873,0.48306793
449874,0.36923113
449877,0.14285193
449881,0.21967976
449889,0.46700588
449893,0.20443568
449894,0.41393638
449897,0.56710166
449900,0.20029531
449910,0.26657507
449924,0.6609175
449928,0.5603838
449932,0.86109936
449942,0.36295524
449947,0.38174492
449955,0.46046087
449972,0.18660463
449984,0.72747564
450004,0.2409935
450027,0.5241337
450029,0.18497106
450035,0.46663204
450038,0.18069921
450042,0.9075369
450044,0.23902391
450060,0.39768332
450065,0.20896277
450076,0.43370485
450081,0.74182445
450083,0.5466522
450096,0.6021128
450102,0.24278353
450107,0.44482276
450109,0.53175706
450110,0.24674062
450111,0.44228458
450114,0.4154717
450117,0.45278588
450118,0.7058293
450124,0.67433345
450141,0.6582978
450145,0.35412243
450148,0.36927053
450169,0.36909765
450172,0.73271614
450173,0.34682268
450180,0.38710898
450182,0.076032676
450190,0.48586732
450200,0.48120257
450216,0.2452538
450221,0.35413495
450227,0.77108705
450229,0.1465581
450233,0.43428198
450244,0.6736491
450251,0.87407243
450260,0.19145893
450266,0.60066605
450267,0.3479868
450272,0.20833188
450280,0.40083176
450287,0.21471849
450290,0.2934607
450291,0.84881353
450303,0.13842925
450310,0.47754854
450311,0.4123486
450358,0.3288122
450373,0.5762111
450376,0.39935756
450383,0.27437577
450395,0.45231965
450398,0.67770135
450412,0.65961957
450415,0.64382786
450420,0.26821655
450421,0.74242276
450427,0.21069218
450428,0.37807387
450429,0.46275195
450433,0.24104619
450443,0.27805308
450453,0.23288012
450454,0.21361326
450458,0.47915593
450464,0.12432471
450469,0.5275998
450475,0.2645829
450478,0.69716287
450498,0.32349196
450501,0.717549
450503,0.22934046
450513,0.7301442
450523,0.3360566
450530,0.72005343
450537,0.46934107
450543,0.20037642
450554,0.48305014
450555,0.2888419
450558,0.41213188
450568,0.18374577
450569,0.28704736
450580,0.2829738
450581,0.15065289
450588,0.23568733
450589,0.38940603
450602,0.290277
450603,0.18649188
450621,0.36860627
450626,0.88927484
450640,0.34409973
450641,0.29422775
450644,0.73258847
450658,0.6291339
450672,0.7985401
450685,0.36459452
450687,0.83659565
450689,0.5380922
450690,0.3288981
450693,0.16956164
450699,0.1613167
450706,0.6580048
450708,0.7139456
450710,0.34167588
450716,0.60520494
450722,0.37277412
450752,0.64211893
450759,0.5335949
450763,0.38093412
450767,0.36089763
450768,0.61049503
450772,0.21528769
450778,0.42379156
450781,0.43161058
450788,0.19088045
450792,0.630578
450817,0.1784776
450820,0.1442548
450835,0.60698175
450848,0.71014875
450853,0.8145045
450865,0.14877386
450878,0.10565641
450883,0.16183956
450885,0.21864986
450896,0.14370424
450897,0.33643913
450898,0.72726226
450904,0.46366763
450908,0.6488025
450917,0.20740479
450921,0.08141323
450923,0.6667645
450926,0.6899953
450929,0.46983033
450937,0.5266963
450963,0.53373593
450971,0.6331868
450973,0.43853968
450978,0.7260093
450982,0.11458791
450995,0.51011544
450997,0.24017198
451033,0.22290587
451035,0.07420544
451037,0.751011
451039,0.18965212
451063,0.13501309
451079,0.37018242
451081,0.1213733
451083,0.3820462
451100,0.5724069
451101,0.12797949
451104,0.27069345
451109,0.278069
451119,0.43047827
451124,0.33933964
451126,0.26207379
451146,0.43011254
451155,0.22538693
451156,0.3838033
451160,0.43312585
451163,0.19248667
451168,0.41989645
451175,0.486192
451184,0.22111411
451189,0.47299427
451206,0.3817246
451208,0.32146102
451225,0.1273994
451226,0.2509105
451228,0.74174464
451230,0.6536875
451235,0.36263838
451239,0.17780674
451242,0.13506967
451247,0.46343544
451248,0.27963266
451255,0.3875381
451261,0.3277047
451270,0.5945819
451277,0.12815416
451278,0.5977888
451282,0.27775306
451283,0.3018698
451302,0.40957344
451310,0.3479681
451315,0.5045357
451328,0.36711326
451330,0.5674023
451331,0.75442415
451338,0.2107978
451342,0.5690255
451347,0.19735284
451350,0.56835926
451351,0.31595105
451354,0.23969603
451358,0.41516706
451370,0.18693519
451379,0.8015187
451383,0.3693093
451390,0.56071657
451391,0.27395096
451392,0.63606817
451412,0.39408135
451422,0.26870143
451429,0.23359707
451432,0.29011706
451437,0.46245152
451442,0.53283376
451455,0.50365865
451457,0.29496032
451464,0.376504
451472,0.38657305
451474,0.49726877
451488,0.52525264
451512,0.14685716
451516,0.56469965
451519,0.8332282
451528,0.1483875
451531,0.2540765
451551,0.58934575
451564,0.4133255
451570,0.66298646
451571,0.42414388
451575,0.6048227
451576,0.48647267
451582,0.6973998
451586,0.23999116
451587,0.70344406
451594,0.48053327
451596,0.24586742
451600,0.5125013
451615,0.19282322
451616,0.49115607
451646,0.75972897
451648,0.6464001
451650,0.2413321
451651,0.5515702
451662,0.4688863
451675,0.16774656
451680,0.24223238
451682,0.44848418
451688,0.26637763
451691,0.34081268
451698,0.2808482
451703,0.34557718
451709,0.47498438
451714,0.4700904
451716,0.5308696
451719,0.49309656
451724,0.5392673
451726,0.3903644
451733,0.1865422
451743,0.5076699
451747,0.20954658
451756,0.12232523
451761,0.5247305
451762,0.6585012
451768,0.16113771
451785,0.1661048
451805,0.08258459
451811,0.73303497
451817,0.09109183
451823,0.69153297
451831,0.25156057
451840,0.44719762
451845,0.17649928
451852,0.53155106
451855,0.3670631
451856,0.30949953
451871,0.27301463
451873,0.5774601
451897,0.56714
451907,0.3651688
451908,0.40171638
451919,0.2930067
451932,0.4173524
451934,0.35303158
451935,0.42446077
451936,0.6780134
451938,0.17049293
451954,0.19473378
451958,0.5504692
451976,0.68627936
451977,0.4114818
451983,0.581659
452000,0.41794407
452023,0.36823052
452024,0.12834816
452028,0.2654099
452039,0.289609
452043,0.4686989
452047,0.25248203
452067,0.5839099
452069,0.10383528
452071,0.16285795
452096,0.734017
452101,0.65172374
452107,0.569416
452108,0.33007964
452109,0.7488493
452123,0.25048345
452127,0.17025773
452131,0.51900685
452133,0.22772954
452136,0.68226767
452137,0.50105345
452142,0.43030912
452147,0.4595852
452158,0.4773574
452172,0.5583756
452190,0.58166397
452191,0.37983793
452192,0.11389077
452195,0.45261237
452209,0.5001526
452237,0.45519748
452239,0.25696877
452242,0.50837374
452246,0.13757251
452249,0.74115765
452263,0.41198877
452267,0.27062428
452273,0.59204364
452274,0.566843
452291,0.53877455
452310,0.6641967
452319,0.46498734
452325,0.22380689
452328,0.70266306
452330,0.60175925
452332,0.35853204
452337,0.18249871
452353,0.7601927
452356,0.75645447
452368,0.20082358
452379,0.70930356
452380,0.8428404
452396,0.5433542
452398,0.4296881
452401,0.307805
452408,0.33410218
452409,0.54798067
452414,0.4982162
452418,0.5796932
452422,0.5014782
452430,0.42087722
452432,0.1532122
452451,0.54244167
452455,0.44197837
452495,0.30529663
452497,0.7892078
452511,0.54810596
452514,0.1304577
452522,0.5615099
452529,0.47472495
452530,0.7173886
452542,0.17329848
452545,0.10853466
452558,0.21100184
452592,0.53092563
452604,0.13595693
452616,0.27899855
452619,0.35289952
452620,0.24944887
452630,0.47608364
452644,0.61021197
452658,0.1124126
452663,0.30787897
452668,0.3481936
452672,0.64750075
452679,0.3511458
452685,0.50097394
452690,0.6756869
452701,0.5396679
452702,0.634086
452708,0.56492597
452714,0.3528338
452718,0.39967716
452731,0.20012902
452733,0.5420258
452741,0.48464757
452748,0.59578425
452750,0.111316495
452753,0.35886994
452759,0.08094723
452767,0.75236756
452768,0.84820426
452788,0.23824434
452802,0.17681907
452807,0.5540397
452819,0.43214497
452820,0.21812169
452821,0.21945685
452840,0.75391895
452851,0.2520845
452861,0.23717992
452865,0.24225001
452871,0.42343807
452882,0.30496398
452903,0.3353945
452906,0.6737808
452907,0.7643809
452914,0.40166062
452929,0.4169194
452931,0.7193302
452932,0.3638414
452948,0.36678496
452950,0.33266386
452963,0.3385395
452974,0.21640305
452982,0.5985774
452984,0.7654499
452994,0.18501973
452995,0.44272223
452998,0.3285896
453003,0.5540425
453021,0.1978537
453040,0.49742734
453042,0.5490788
453052,0.5164608
453056,0.221948
453066,0.34360763
453067,0.1443999
453072,0.14847861
453085,0.30520958
453093,0.28409097
453094,0.30875275
453100,0.1683284
453101,0.37469283
453107,0.5695108
453110,0.42675063
453111,0.73936677
453113,0.21988612
453114,0.14080156
453124,0.19484514
453129,0.30414206
453142,0.6638711
453145,0.6635072
453152,0.52148706
453159,0.5512094
453168,0.550358
453196,0.32072192
453212,0.44330448
453214,0.24551715
453215,0.30468115
453220,0.083222136
453230,0.7975874
453233,0.6287293
453235,0.29821998
453244,0.5087815
453248,0.6777146
453262,0.119000174
453268,0.37396854
453283,0.27951592
453284,0.26523018
453287,0.27069616
453299,0.36275986
453314,0.46442387
453322,0.4440223
453349,0.83125937
453354,0.6171583
453356,0.5921785
453359,0.57907426
453366,0.41784826
453367,0.64369565
453372,0.15140782
453378,0.751692
453390,0.13794594
453397,0.5622493
453403,0.23757525
453406,0.7788592
453412,0.69009316
453415,0.7901759
453428,0.5844534
453431,0.22981621
453442,0.40262508
453449,0.24733885
453465,0.30395463
453473,0.71247065
453476,0.27598545
453479,0.261677
453480,0.35995257
453481,0.2541409
453493,0.22317573
453494,0.31655186
453507,0.6584348
453509,0.23947434
453514,0.63880867
453524,0.5581347
453534,0.4044552
453538,0.5444349
453544,0.6210975
453549,0.047370747
453550,0.58471894
453551,0.06576599
453556,0.37818828
453560,0.7263379
453566,0.44104186
453569,0.5970136
453579,0.23985587
453582,0.12746102
453586,0.6613596
453618,0.2833613
453620,0.55941975
453655,0.68130285
453659,0.25736415
453668,0.43273738
453681,0.31481758
453686,0.5610314
453687,0.38963175
453704,0.1688775
453707,0.5404426
453708,0.11906163
453709,0.53092474
453715,0.29097235
453721,0.37064394
453725,0.3161453
453727,0.30153406
453747,0.7158748
453753,0.49908757
453755,0.25962472
453761,0.28505608
453763,0.15208867
453766,0.13914312
453774,0.10678203
453781,0.7439309
453790,0.49525654
453797,0.8337558
453808,0.64475447
453814,0.3363667
453836,0.46964434
453837,0.16336364
453843,0.19429289
453844,0.10742122
453871,0.15406464
453881,0.6217588
453892,0.7518124
453893,0.41449165
453894,0.32247934
453895,0.2949784
453903,0.56040055
453906,0.5058497
453918,0.43262306
453924,0.40700027
453930,0.6375761
453940,0.061531175
453944,0.70770365
453947,0.6517509
453949,0.5339764
453952,0.4736047
453959,0.40452322
453971,0.30592695
453986,0.75282836
453988,0.3351053
453989,0.669664
453999,0.5847086
454007,0.4398046
454021,0.16175827
454023,0.6322015
454036,0.23175919
454046,0.19813357
454052,0.5020353
454066,0.35256594
454070,0.63076967
454071,0.33915028
454075,0.44624954
454080,0.11516951
454085,0.38410088
454097,0.5863897
454103,0.27611193
454105,0.39995247
454108,0.37505516
454109,0.50080085
454137,0.59014803
454150,0.18821046
454155,0.20654523
454164,0.46346402
454165,0.24818684
454170,0.6852289
454173,0.30121842
454181,0.15653765
454183,0.60640043
454188,0.7931753
454192,0.18812934
454198,0.7895739
454200,0.14110437
454209,0.10438539
454211,0.8403234
454212,0.07495561
454218,0.6370438
454220,0.31942558
454231,0.24299674
454242,0.15819415
454245,0.1683714
454261,0.2380465
454269,0.5208889
454271,0.32828984
454287,0.54667974
454293,0.56773746
454296,0.373425
454304,0.53013504
454313,0.52414566
454315,0.4857541
454321,0.2917768
454333,0.6532193
454334,0.3513348
454345,0.124858275
454347,0.35852325
454361,0.6034626
454380,0.33694097
454382,0.6816838
454386,0.47311035
454390,0.46272692
454396,0.4150832
454398,0.74020267
454403,0.15886134
454405,0.26309705
454406,0.45352662
454412,0.50846094
454418,0.33392438
454436,0.33457515
454443,0.39306143
454449,0.42064625
454457,0.6854987
454466,0.14705788
454471,0.76878506
454476,0.8449381
454489,0.8080428
454493,0.64935136
454495,0.30318135
454497,0.10604356
454522,0.18740371
454554,0.46946537
454557,0.22034147
454560,0.295877
454561,0.36495084
454563,0.32163522
454565,0.34591866
454566,0.4088336
454578,0.50929946
454605,0.34608757
454608,0.25960422
454612,0.32562158
454618,0.525789
454622,0.25668627
454631,0.66599554
454638,0.24016073
454639,0.6220725
454640,0.50803614
454653,0.5049338
454663,0.44628218
454664,0.56919473
454674,0.7996141
454678,0.81224823
454680,0.25778502
454687,0.43988842
454690,0.22304282
454698,0.6788254
454700,0.5215867
454707,0.12025215
454714,0.18649282
454722,0.48730898
454723,0.3142595
454739,0.44325987
454745,0.2998569
454763,0.56611246
454765,0.26514864
454774,0.27001873
454778,0.22678009
454780,0.5358616
454781,0.54543936
454789,0.22000086
454801,0.29338005
454802,0.301869
454835,0.43859476
454837,0.44386697
454841,0.090431005
454872,0.4551215
454878,0.26779962
454884,0.10827624
454891,0.37276927
454897,0.4369385
454908,0.36809725
454912,0.39768228
454922,0.27576834
454929,0.24894208
454935,0.3721946
454946,0.6959389
454959,0.31122082
454970,0.28936824
454991,0.31251815
455002,0.8097808
455005,0.6603237
455016,0.7417008
455021,0.18755978
455022,0.4903711
455024,0.6242167
455044,0.7129959
455050,0.16427678
455055,0.67204547
455056,0.4842078
455067,0.18332091
455069,0.16336228
455082,0.42058668
455087,0.24217635
455088,0.43624586
455112,0.54471004
455126,0.44417536
455132,0.16832031
455135,0.71414113
455148,0.35399082
455156,0.30490583
455161,0.5643208
455162,0.4964652
455164,0.75476277
455171,0.52721304
455174,0.08680983
455175,0.35675713
455184,0.48536894
455188,0.37809366
455200,0.6523409
455209,0.6765984
455212,0.54096997
455217,0.41848037
455222,0.24451058
455223,0.5199494
455228,0.38663375
455243,0.2940104
455246,0.14121187
455255,0.67928606
455262,0.5424668
455268,0.41549903
455277,0.7270962
455281,0.47143814
455296,0.44631547
455297,0.18163519
455322,0.108327515
455326,0.8149416
455327,0.798653
455328,0.34098265
455368,0.10030597
455374,0.6819375
455377,0.13285781
455378,0.06686409
455379,0.549383
455395,0.23813285
455424,0.62329936
455425,0.21699858
455429,0.14752491
455434,0.62294775
455436,0.23206732
455438,0.3698066
455439,0.38798502
455440,0.27474415
455441,0.1006017
455481,0.16356067
455482,0.13498344
455483,0.11304032
455484,0.7017065
455489,0.4933406
455490,0.5912993
455513,0.8497662
455515,0.56486624
455536,0.3127455
455537,0.32480714
455538,0.26072153
455539,0.4149632
455567,0.64394146
455583,0.21157956
455607,0.32929403
455636,0.6053487
455638,0.26080346
455640,0.70514023
455644,0.24915008
455645,0.2041122
455648,0.2056746
455650,0.27025622
455658,0.53755707
455694,0.30535054
455695,0.39966506
455696,0.34965935
455703,0.5978227
455742,0.09085666
455748,0.3646813
455749,0.66747934
455750,0.60605645
455751,0.23011999
455752,0.53106284
455787,0.52235323
455798,0.34267637
455802,0.562943
455803,0.6154541
455804,0.37266517
455805,0.17734358
455829,0.116744295
455840,0.51986724
455849,0.44145876
455850,0.3873033
455852,0.5508356
455854,0.6417113
455863,0.36812565
455897,0.24122459
455902,0.17358515
455907,0.18608834
455908,0.32184082
455909,0.31828868
455940,0.41569817
455955,0.39989555
455958,0.3519358
455959,0.59500444
455960,0.18527165
455961,0.68477815
455962,0.4077485
455963,0.32017207
455965,0.20255385
456007,0.8067933
456008,0.20392293
456009,0.3749854
456010,0.4543947
456011,0.31888285
456013,0.56690824
456028,0.6924125
456058,0.5813909
456111,0.7140509
456114,0.44207218
456115,0.4607928
456116,0.13337378
456119,0.2159299
456120,0.3627449
456122,0.6101526
456123,0.2258794
456166,0.6397701
456167,0.27790245
456168,0.4890997
456169,0.34089568
456170,0.24578942
456189,0.5919904
456202,0.7246351
456221,0.21802002
456222,0.43556204
456223,0.28592908
456224,0.40794772
456250,0.6788134
